customer_id,age,gender,region,subscription_type,monthly_charges,tenure_months,number_of_profiles,device,payment_method,genre_preference,avg_watch_hours_per_week,last_login_days,support_tickets_raised,num_devices_active,has_kids_profile,autopay_enabled,discount_used,churn
CUST100000,51,Female,West India,Premium,796.33,45,3,Laptop,Gift Card,Thriller,9.4,1,0,4,0,0,1,0
CUST100001,64,Female,South India,Basic,186.21,32,2,Mobile,Net Banking,Action,16.3,45,2,4,1,0,0,1
CUST100002,41,Female,West India,Standard,496.61,54,1,Smart TV,Net Banking,Documentary,8.9,54,2,2,0,1,0,1
CUST100003,27,Female,West India,Standard,500.52,56,4,Mobile,Net Banking,Action,16.9,52,2,1,0,1,1,0
CUST100004,55,Male,East India,Basic,197.52,2,4,Tablet,UPI,Thriller,10.9,67,1,2,1,1,0,1
CUST100005,20,Female,West India,Standard,495.01,50,4,Mobile,Net Banking,Drama,6.7,49,2,1,0,1,1,1
CUST100006,33,Male,North India,Basic,201.48,49,1,Laptop,Gift Card,Drama,7.7,42,0,2,0,0,0,0
CUST100007,51,Male,Central India,Standard,525.25,51,1,Smart TV,Credit Card,Comedy,0.0,19,2,2,1,1,1,0
CUST100008,31,Male,North India,Standard,518.11,23,4,Mobile,Debit Card,Documentary,9.6,21,1,3,0,1,0,0
CUST100009,35,Male,East India,Standard,493.93,32,1,Mobile,UPI,Drama,13.8,52,1,2,1,1,1,1
CUST100010,23,Male,North India,Premium,809.88,15,4,Mobile,Net Banking,Action,25.3,82,0,1,0,1,1,0
CUST100011,23,Male,South India,Standard,509.14,40,2,Tablet,Debit Card,Comedy,6.3,34,0,4,1,1,0,1
CUST100012,36,Male,Central India,Standard,493.31,55,2,Laptop,Net Banking,Comedy,8.0,44,1,1,1,1,0,1
CUST100013,65,Female,Central India,Basic,198.52,41,2,Laptop,Credit Card,Romance,6.0,4,1,4,0,0,0,1
CUST100014,48,Male,East India,Premium,807.06,40,3,Mobile,Gift Card,Documentary,5.4,3,0,4,1,1,0,0
CUST100015,52,Female,Central India,Standard,488.04,8,3,Mobile,Gift Card,Comedy,13.5,14,0,1,0,1,0,1
CUST100016,36,Male,West India,Standard,495.39,43,5,Smart TV,UPI,Kids,7.7,87,2,1,0,1,0,1
CUST100017,15,Male,East India,Basic,196.03,50,5,Smart TV,Debit Card,Thriller,5.7,73,4,3,1,0,1,1
CUST100018,34,Male,South India,Standard,494.95,49,5,Laptop,Debit Card,Action,12.4,79,0,1,1,1,0,0
CUST100019,65,Male,Central India,Basic,194.36,22,2,Laptop,Gift Card,Comedy,13.3,76,4,1,0,0,1,0
CUST100020,14,Female,Central India,Standard,505.63,55,2,Laptop,Credit Card,Drama,5.8,80,3,3,1,1,0,1
CUST100021,36,Female,East India,Premium,799.4,38,2,Mobile,UPI,Action,16.5,68,2,2,1,1,0,1
CUST100022,56,Female,Central India,Standard,508.59,55,1,Laptop,Net Banking,Documentary,20.0,44,2,2,1,1,1,0
CUST100023,42,Male,Central India,Standard,536.8,56,1,Smart TV,UPI,Comedy,14.3,71,0,3,1,1,0,1
CUST100024,50,Male,South India,Standard,490.97,34,2,Smart TV,Gift Card,Action,13.2,46,2,3,0,1,1,1
CUST100025,14,Male,South India,Standard,502.27,1,4,Smart TV,Net Banking,Drama,0.0,89,0,1,1,1,1,0
CUST100026,33,Female,East India,Standard,506.63,10,5,Laptop,UPI,Comedy,4.9,11,3,3,0,1,1,1
CUST100027,45,Male,Central India,Standard,515.38,40,3,Smart TV,Credit Card,Documentary,1.7,37,3,4,1,1,0,1
CUST100028,24,Female,North India,Basic,205.52,16,5,Mobile,Debit Card,Documentary,15.6,38,0,3,1,1,0,1
CUST100029,34,Female,East India,Basic,182.61,24,4,Smart TV,Net Banking,Romance,15.9,88,2,3,0,1,1,1
CUST100030,56,Male,South India,Standard,489.06,46,1,Tablet,UPI,Documentary,12.7,44,1,2,0,0,1,1
CUST100031,37,Male,North India,Standard,501.2,24,2,Laptop,Credit Card,Kids,8.5,49,3,3,0,1,0,0
CUST100032,61,Female,Central India,Basic,188.64,48,1,Mobile,UPI,Comedy,8.4,34,0,1,0,0,1,1
CUST100033,39,Female,East India,Standard,476.85,14,1,Laptop,Net Banking,Comedy,33.1,60,3,1,1,1,0,0
CUST100034,54,Female,East India,Basic,186.9,26,4,Mobile,Credit Card,Comedy,14.8,4,3,2,1,0,0,1
CUST100035,40,Male,South India,Basic,186.99,39,1,Mobile,Debit Card,Drama,9.4,76,1,1,1,1,0,0
CUST100036,28,Male,West India,Standard,483.86,18,1,Smart TV,Credit Card,Kids,12.9,44,3,1,0,1,1,0
CUST100037,27,Male,West India,Standard,536.9,20,5,Smart TV,UPI,Romance,2.3,37,4,1,0,1,0,0
CUST100038,59,Male,West India,Standard,503.73,41,5,Mobile,UPI,Documentary,13.4,29,1,1,0,1,0,1
CUST100039,63,Male,East India,Standard,500.73,56,4,Laptop,UPI,Action,8.5,12,3,3,0,1,0,0
CUST100040,56,Male,South India,Premium,812.79,36,2,Laptop,UPI,Kids,13.0,14,1,2,0,1,0,1
CUST100041,67,Female,South India,Standard,525.97,24,5,Smart TV,UPI,Action,4.3,82,1,4,1,1,0,0
CUST100042,64,Female,West India,Basic,204.8,26,1,Mobile,Gift Card,Comedy,20.9,37,1,1,0,1,0,0
CUST100043,69,Female,North India,Standard,514.26,29,3,Mobile,Credit Card,Documentary,4.7,83,0,4,1,1,0,1
CUST100044,15,Male,West India,Basic,191.47,48,5,Mobile,Credit Card,Romance,7.9,83,2,4,0,0,0,1
CUST100045,49,Female,East India,Premium,785.41,22,3,Mobile,Credit Card,Documentary,3.4,76,2,4,1,1,1,0
CUST100046,63,Male,North India,Basic,212.64,11,2,Laptop,Credit Card,Comedy,5.6,89,0,3,0,1,0,1
CUST100047,19,Male,South India,Standard,512.35,41,1,Smart TV,Net Banking,Drama,9.2,47,1,1,1,1,0,1
CUST100048,33,Female,Central India,Basic,210.94,49,5,Mobile,UPI,Action,10.3,80,1,1,0,0,0,0
CUST100049,21,Male,North India,Premium,800.88,54,2,Mobile,Gift Card,Action,8.6,3,5,4,1,0,0,0
CUST100050,51,Female,South India,Basic,187.31,11,4,Tablet,Net Banking,Thriller,13.1,7,3,2,1,1,0,1
CUST100051,30,Female,North India,Premium,791.79,52,2,Smart TV,Credit Card,Romance,24.1,72,2,3,0,1,0,0
CUST100052,16,Male,West India,Basic,216.33,3,4,Smart TV,Credit Card,Comedy,8.8,85,0,4,0,1,0,0
CUST100053,37,Female,North India,Basic,190.14,21,4,Smart TV,Gift Card,Action,7.0,11,1,3,1,0,0,1
CUST100054,26,Female,North India,Basic,201.79,58,5,Mobile,Credit Card,Romance,18.3,18,0,1,1,1,0,0
CUST100055,62,Female,North India,Premium,787.44,11,3,Tablet,Credit Card,Action,4.3,63,0,4,0,0,1,1
CUST100056,21,Female,East India,Premium,796.13,8,4,Mobile,Credit Card,Drama,19.9,3,0,3,1,0,0,0
CUST100057,38,Male,East India,Basic,182.79,31,1,Laptop,Credit Card,Kids,0.0,1,2,2,0,0,0,1
CUST100058,65,Female,West India,Basic,197.88,59,5,Mobile,Net Banking,Comedy,16.0,63,0,3,0,1,1,0
CUST100059,14,Female,Central India,Standard,491.84,10,4,Smart TV,Net Banking,Comedy,4.3,70,1,1,0,1,0,0
CUST100060,32,Female,East India,Basic,173.4,6,5,Laptop,Net Banking,Kids,4.1,2,0,1,0,0,1,0
CUST100061,40,Male,Central India,Basic,208.82,17,1,Laptop,Credit Card,Romance,12.4,71,3,1,0,1,1,0
CUST100062,59,Female,East India,Basic,208.14,38,5,Mobile,Debit Card,Kids,15.5,8,1,2,1,0,0,0
CUST100063,19,Male,South India,Basic,199.84,7,5,Smart TV,Net Banking,Kids,14.2,20,2,3,1,1,0,0
CUST100064,56,Female,South India,Basic,182.14,32,4,Mobile,UPI,Romance,5.9,84,1,4,0,0,0,1
CUST100065,20,Female,North India,Basic,182.34,13,2,Tablet,UPI,Action,15.2,55,0,2,0,0,0,0
CUST100066,59,Female,Central India,Standard,533.96,6,5,Laptop,Debit Card,Action,5.0,64,0,1,1,0,0,1
CUST100067,47,Male,North India,Premium,759.67,3,4,Mobile,Gift Card,Romance,8.5,85,1,1,1,0,1,0
CUST100068,26,Male,North India,Basic,182.64,27,1,Mobile,UPI,Documentary,6.5,65,2,2,1,1,0,1
CUST100069,29,Male,East India,Standard,531.24,57,1,Mobile,Gift Card,Thriller,9.1,61,2,3,0,0,1,0
CUST100070,48,Male,East India,Basic,235.94,45,2,Laptop,UPI,Kids,6.8,72,2,2,0,0,1,0
CUST100071,62,Male,North India,Standard,524.49,42,1,Smart TV,Debit Card,Action,11.1,58,4,4,0,1,0,0
CUST100072,52,Male,East India,Basic,206.98,26,4,Mobile,Net Banking,Comedy,1.9,78,0,2,1,1,0,1
CUST100073,16,Female,South India,Standard,489.45,4,2,Tablet,Gift Card,Documentary,13.5,79,3,4,0,1,0,1
CUST100074,14,Male,South India,Basic,173.76,37,4,Mobile,Gift Card,Romance,7.0,43,0,1,1,0,0,1
CUST100075,18,Female,Central India,Premium,805.09,21,2,Mobile,Debit Card,Drama,3.7,73,3,4,0,1,0,0
CUST100076,66,Male,South India,Basic,187.55,51,2,Mobile,Gift Card,Comedy,16.2,8,3,1,0,1,0,0
CUST100077,54,Male,North India,Standard,520.77,28,4,Mobile,UPI,Documentary,21.2,79,0,1,0,1,1,0
CUST100078,16,Male,West India,Premium,771.2,18,2,Smart TV,Net Banking,Kids,13.3,11,0,3,0,1,0,0
CUST100079,66,Female,East India,Standard,502.01,56,4,Smart TV,Credit Card,Comedy,11.4,41,1,4,1,0,0,0
CUST100080,41,Male,North India,Standard,512.93,32,1,Mobile,Debit Card,Kids,7.7,84,2,4,0,1,0,0
CUST100081,30,Male,East India,Premium,814.19,39,1,Mobile,Gift Card,Comedy,2.0,29,0,1,1,0,0,1
CUST100082,38,Female,Central India,Basic,211.5,53,5,Mobile,Gift Card,Comedy,13.5,26,4,4,1,0,0,1
CUST100083,56,Female,North India,Basic,204.11,33,3,Mobile,Gift Card,Action,0.6,57,1,2,0,1,1,0
CUST100084,46,Female,North India,Premium,800.92,26,3,Mobile,Gift Card,Action,12.8,76,0,3,0,1,0,0
CUST100085,22,Female,North India,Basic,212.62,17,1,Mobile,Debit Card,Thriller,0.0,54,1,2,1,1,1,1
CUST100086,48,Male,Central India,Premium,804.11,56,5,Mobile,UPI,Drama,11.2,55,1,3,1,1,0,0
CUST100087,26,Female,North India,Basic,204.59,52,3,Laptop,UPI,Drama,17.7,22,5,1,1,1,0,0
CUST100088,43,Male,East India,Standard,499.52,29,4,Mobile,Net Banking,Action,12.2,26,1,3,0,1,1,0
CUST100089,60,Male,West India,Standard,493.22,20,4,Smart TV,Net Banking,Comedy,16.6,85,0,1,0,1,1,0
CUST100090,27,Female,North India,Premium,778.75,30,2,Mobile,Credit Card,Comedy,18.8,52,0,1,0,1,0,0
CUST100091,20,Male,Central India,Standard,481.34,57,3,Smart TV,UPI,Romance,10.2,12,2,4,0,1,0,1
CUST100092,26,Female,Central India,Basic,193.25,50,4,Laptop,Debit Card,Kids,21.1,40,1,3,1,0,0,0
CUST100093,35,Male,North India,Standard,497.19,5,3,Smart TV,UPI,Documentary,8.3,87,1,1,0,1,1,1
CUST100094,69,Female,Central India,Basic,184.48,54,2,Mobile,UPI,Kids,4.1,16,2,1,0,0,0,1
CUST100095,52,Female,South India,Premium,783.36,6,1,Mobile,Net Banking,Kids,4.1,78,3,1,0,1,1,1
CUST100096,33,Female,Central India,Premium,793.53,42,5,Laptop,Gift Card,Documentary,15.7,39,0,3,0,1,0,0
CUST100097,28,Female,West India,Standard,512.53,60,2,Smart TV,Gift Card,Documentary,8.5,61,2,4,0,0,0,1
CUST100098,57,Female,South India,Premium,767.2,51,2,Mobile,UPI,Romance,7.4,15,0,3,0,1,0,0
CUST100099,30,Female,East India,Basic,184.93,10,2,Tablet,UPI,Kids,14.4,6,0,2,0,1,1,0
CUST100100,59,Male,South India,Standard,501.42,6,5,Smart TV,UPI,Drama,0.6,48,1,1,1,1,0,1
CUST100101,65,Male,West India,Standard,518.3,10,4,Laptop,UPI,Drama,25.7,60,1,1,0,1,0,0
CUST100102,36,Male,South India,Standard,531.41,42,3,Mobile,Net Banking,Documentary,3.0,77,2,3,0,1,0,1
CUST100103,38,Female,North India,Basic,193.87,21,1,Mobile,UPI,Documentary,13.7,86,0,3,0,1,0,0
CUST100104,37,Male,Central India,Premium,793.65,44,1,Smart TV,UPI,Documentary,13.3,9,0,3,1,0,0,0
CUST100105,57,Female,North India,Basic,196.93,56,5,Smart TV,Credit Card,Drama,9.1,64,1,1,0,0,1,0
CUST100106,53,Male,North India,Standard,502.41,4,1,Mobile,Credit Card,Action,16.7,74,1,3,1,1,0,0
CUST100107,41,Male,North India,Basic,198.33,13,5,Smart TV,UPI,Kids,14.9,40,1,1,1,1,0,0
CUST100108,27,Female,South India,Premium,800.75,58,5,Smart TV,Gift Card,Kids,9.3,3,2,3,0,1,0,1
CUST100109,57,Male,East India,Basic,178.95,10,3,Mobile,Debit Card,Kids,13.8,36,1,4,0,0,0,1
CUST100110,13,Male,Central India,Standard,474.07,16,3,Smart TV,Credit Card,Kids,0.0,18,0,3,1,0,0,1
CUST100111,37,Male,South India,Basic,209.73,19,5,Mobile,UPI,Comedy,7.6,42,1,3,0,1,0,1
CUST100112,19,Female,North India,Standard,496.11,6,3,Smart TV,Credit Card,Kids,13.3,37,0,3,0,1,0,0
CUST100113,21,Male,West India,Basic,211.5,26,4,Mobile,UPI,Kids,6.0,86,3,3,1,1,1,1
CUST100114,36,Female,West India,Standard,502.36,9,2,Smart TV,Gift Card,Action,9.5,23,3,4,0,1,1,1
CUST100115,13,Male,North India,Basic,177.5,46,1,Mobile,Gift Card,Drama,8.9,76,0,1,1,1,0,0
CUST100116,56,Male,East India,Premium,822.3,56,1,Laptop,Credit Card,Drama,0.0,64,0,2,1,0,0,1
CUST100117,20,Male,Central India,Basic,199.47,10,1,Smart TV,Debit Card,Documentary,15.5,85,1,3,0,0,1,0
CUST100118,36,Male,South India,Basic,187.79,40,1,Smart TV,Debit Card,Action,10.8,48,5,2,0,1,0,0
CUST100119,23,Female,East India,Standard,490.99,3,4,Tablet,Debit Card,Drama,2.9,47,1,1,1,1,0,1
CUST100120,63,Male,West India,Basic,180.83,49,4,Mobile,Debit Card,Thriller,21.1,12,1,2,0,1,1,0
CUST100121,29,Female,North India,Basic,203.99,19,2,Smart TV,Net Banking,Action,11.1,46,3,4,0,0,1,0
CUST100122,20,Female,South India,Premium,797.33,35,5,Mobile,UPI,Romance,11.4,20,0,3,0,0,1,0
CUST100123,47,Male,East India,Premium,829.28,46,3,Tablet,Gift Card,Action,9.4,79,2,4,0,1,1,0
CUST100124,47,Male,East India,Standard,506.8,60,2,Laptop,Debit Card,Romance,21.4,8,0,3,0,1,0,1
CUST100125,45,Female,East India,Basic,228.37,6,1,Laptop,Net Banking,Drama,15.6,67,0,4,1,1,1,0
CUST100126,17,Female,South India,Basic,184.58,29,3,Mobile,UPI,Comedy,5.8,88,4,3,0,1,1,0
CUST100127,54,Male,Central India,Standard,494.04,19,2,Mobile,Net Banking,Drama,0.0,79,0,4,1,1,0,1
CUST100128,51,Male,South India,Basic,212.35,50,1,Mobile,Credit Card,Action,14.1,73,2,1,0,1,1,1
CUST100129,53,Male,North India,Premium,807.83,44,2,Smart TV,Credit Card,Thriller,9.2,73,2,3,0,1,0,0
CUST100130,40,Male,South India,Basic,198.77,15,1,Mobile,Debit Card,Action,7.9,24,2,3,0,1,0,0
CUST100131,19,Male,East India,Premium,782.85,57,1,Mobile,Credit Card,Romance,9.1,72,3,3,1,1,1,0
CUST100132,21,Female,Central India,Standard,466.33,38,4,Smart TV,UPI,Drama,0.0,27,1,4,1,0,1,1
CUST100133,20,Male,Central India,Premium,795.7,21,1,Laptop,Debit Card,Kids,10.8,77,1,4,1,0,0,1
CUST100134,24,Male,North India,Basic,196.34,44,2,Mobile,Net Banking,Documentary,8.5,4,2,4,1,0,1,1
CUST100135,46,Female,North India,Premium,800.92,51,3,Tablet,Gift Card,Romance,7.3,73,1,2,1,1,0,0
CUST100136,45,Male,West India,Basic,177.32,39,4,Mobile,Gift Card,Comedy,10.4,37,0,1,0,1,1,0
CUST100137,60,Male,West India,Standard,485.81,23,3,Mobile,Gift Card,Action,19.4,27,2,1,1,1,0,0
CUST100138,67,Female,West India,Premium,804.88,20,5,Laptop,UPI,Thriller,8.0,73,3,4,0,1,0,1
CUST100139,35,Male,South India,Basic,207.78,42,3,Smart TV,Debit Card,Thriller,17.5,32,3,3,0,1,1,1
CUST100140,36,Female,Central India,Standard,502.01,50,5,Tablet,Credit Card,Thriller,11.0,47,1,1,0,1,1,1
CUST100141,49,Male,North India,Standard,493.8,2,5,Smart TV,Debit Card,Comedy,18.0,83,2,2,0,0,1,0
CUST100142,47,Male,West India,Basic,181.19,45,4,Tablet,Net Banking,Kids,9.6,63,1,4,1,0,0,0
CUST100143,56,Male,North India,Standard,513.31,32,3,Mobile,Gift Card,Action,4.8,6,0,3,0,1,1,0
CUST100144,52,Female,West India,Basic,209.9,47,1,Smart TV,Debit Card,Documentary,22.8,7,1,4,1,0,0,0
CUST100145,34,Female,South India,Standard,490.39,28,4,Tablet,Debit Card,Drama,16.1,13,2,1,1,1,1,1
CUST100146,39,Female,South India,Standard,511.5,56,4,Mobile,Credit Card,Kids,18.6,7,2,3,0,1,0,0
CUST100147,47,Female,East India,Standard,497.96,4,1,Mobile,Net Banking,Romance,13.6,2,3,2,1,1,0,0
CUST100148,13,Male,North India,Basic,188.77,7,3,Mobile,Gift Card,Action,10.4,3,1,1,1,0,0,1
CUST100149,47,Female,East India,Premium,812.9,3,4,Laptop,Credit Card,Action,15.9,19,0,4,1,1,0,1
CUST100150,49,Female,South India,Premium,800.5,25,5,Smart TV,Gift Card,Documentary,13.5,62,1,1,1,1,1,0
CUST100151,59,Female,South India,Standard,492.58,48,1,Smart TV,Credit Card,Comedy,6.8,76,2,4,0,1,0,1
CUST100152,26,Male,North India,Standard,479.77,58,2,Laptop,Credit Card,Romance,12.8,69,2,1,0,0,0,1
CUST100153,15,Male,East India,Standard,481.15,9,4,Laptop,Gift Card,Drama,7.9,3,4,4,0,1,0,0
CUST100154,13,Female,East India,Standard,511.71,23,5,Smart TV,Net Banking,Drama,2.3,20,1,2,0,1,0,1
CUST100155,17,Female,East India,Standard,505.79,23,3,Laptop,UPI,Drama,9.6,85,2,3,0,1,1,1
CUST100156,38,Male,North India,Basic,181.46,49,3,Smart TV,UPI,Romance,6.4,42,0,4,0,1,1,1
CUST100157,67,Female,North India,Standard,481.17,26,1,Smart TV,Debit Card,Kids,22.6,50,0,4,0,1,1,1
CUST100158,26,Female,North India,Basic,230.54,40,5,Mobile,Debit Card,Action,3.7,82,1,3,1,0,0,0
CUST100159,51,Female,Central India,Basic,205.97,18,1,Mobile,Net Banking,Documentary,7.4,86,0,2,0,0,0,0
CUST100160,39,Female,South India,Standard,517.14,24,4,Laptop,UPI,Documentary,6.6,16,1,2,1,1,0,0
CUST100161,21,Male,Central India,Standard,521.38,27,1,Mobile,Debit Card,Comedy,14.7,3,0,1,0,1,0,1
CUST100162,27,Male,Central India,Standard,485.08,45,2,Mobile,UPI,Documentary,11.5,31,0,3,0,0,0,1
CUST100163,27,Male,South India,Standard,525.14,2,1,Smart TV,UPI,Documentary,21.4,28,2,2,0,1,0,0
CUST100164,38,Female,West India,Premium,782.83,1,1,Smart TV,UPI,Drama,19.1,84,0,2,0,1,0,0
CUST100165,54,Female,West India,Standard,509.94,48,4,Mobile,Debit Card,Comedy,10.6,49,3,2,0,1,1,0
CUST100166,25,Male,West India,Standard,497.26,16,5,Laptop,Debit Card,Documentary,3.5,73,4,3,0,1,1,0
CUST100167,63,Male,North India,Basic,209.85,43,2,Smart TV,Net Banking,Romance,12.3,40,0,1,1,1,0,0
CUST100168,44,Male,North India,Basic,195.84,24,1,Laptop,Credit Card,Documentary,11.4,36,1,2,1,1,0,1
CUST100169,51,Female,East India,Basic,207.24,36,4,Smart TV,Debit Card,Documentary,1.0,45,1,4,0,0,0,0
CUST100170,61,Male,East India,Standard,519.43,11,4,Smart TV,Gift Card,Documentary,8.8,9,0,1,1,1,0,0
CUST100171,64,Female,Central India,Premium,815.79,26,4,Mobile,Credit Card,Drama,11.2,83,2,3,0,1,1,1
CUST100172,44,Female,East India,Basic,198.07,6,5,Mobile,UPI,Romance,10.3,22,1,3,0,1,1,1
CUST100173,16,Male,North India,Standard,484.7,26,1,Mobile,Net Banking,Romance,4.1,3,2,2,1,0,1,1
CUST100174,42,Male,Central India,Basic,194.54,29,3,Mobile,Gift Card,Action,9.9,57,1,4,0,0,0,1
CUST100175,49,Female,East India,Basic,205.66,43,2,Tablet,Gift Card,Romance,9.3,55,1,1,0,0,0,1
CUST100176,35,Male,East India,Premium,808.78,58,3,Laptop,Credit Card,Romance,12.9,48,1,2,0,0,0,1
CUST100177,51,Male,West India,Standard,515.05,1,5,Smart TV,Net Banking,Kids,4.5,25,1,1,0,1,0,1
CUST100178,57,Female,North India,Basic,188.03,9,1,Mobile,Credit Card,Romance,17.0,42,0,1,0,1,0,0
CUST100179,27,Female,Central India,Standard,485.01,27,3,Mobile,Debit Card,Comedy,13.0,85,1,1,1,1,0,1
CUST100180,55,Female,South India,Standard,483.7,7,3,Mobile,UPI,Action,2.1,45,2,1,1,0,0,1
CUST100181,41,Female,East India,Standard,496.04,53,3,Tablet,Net Banking,Kids,11.6,27,4,1,1,1,1,0
CUST100182,48,Female,North India,Basic,202.21,54,2,Smart TV,Debit Card,Drama,10.3,8,1,1,1,0,0,0
CUST100183,25,Male,Central India,Standard,504.55,3,1,Laptop,UPI,Action,9.5,84,1,1,0,0,1,1
CUST100184,44,Female,North India,Basic,177.78,9,4,Smart TV,UPI,Kids,1.2,4,0,2,1,0,1,0
CUST100185,19,Female,North India,Premium,784.7,2,1,Smart TV,Debit Card,Documentary,8.1,19,1,3,1,1,0,0
CUST100186,63,Female,Central India,Standard,488.46,60,3,Smart TV,Net Banking,Romance,6.2,40,0,2,0,1,0,1
CUST100187,34,Male,West India,Standard,525.36,10,1,Mobile,Gift Card,Comedy,7.3,81,3,1,1,1,0,1
CUST100188,40,Female,West India,Basic,193.28,17,4,Smart TV,Credit Card,Documentary,15.4,62,1,4,0,0,1,1
CUST100189,14,Female,East India,Basic,176.85,31,2,Laptop,Net Banking,Comedy,6.0,88,1,1,0,1,0,0
CUST100190,54,Female,West India,Basic,204.72,1,1,Smart TV,Gift Card,Action,23.2,53,2,3,0,0,0,0
CUST100191,57,Male,East India,Premium,797.37,58,1,Smart TV,Gift Card,Documentary,24.9,43,0,2,1,0,0,0
CUST100192,69,Female,East India,Basic,181.38,18,2,Smart TV,Gift Card,Drama,12.2,39,0,1,1,0,0,1
CUST100193,65,Female,Central India,Basic,191.9,6,2,Mobile,Credit Card,Documentary,2.3,3,2,2,1,0,0,1
CUST100194,18,Female,North India,Premium,793.88,38,3,Smart TV,Credit Card,Thriller,2.3,76,0,1,0,1,0,1
CUST100195,40,Male,South India,Standard,497.15,41,3,Mobile,Credit Card,Romance,12.8,67,0,3,0,0,0,1
CUST100196,40,Male,South India,Premium,812.95,42,2,Tablet,Gift Card,Drama,8.6,25,0,4,0,0,0,1
CUST100197,56,Male,West India,Basic,207.41,47,4,Mobile,Debit Card,Comedy,5.6,0,1,1,0,1,0,0
CUST100198,56,Male,Central India,Standard,500.88,4,3,Smart TV,Credit Card,Thriller,10.1,77,1,3,0,0,0,0
CUST100199,32,Female,South India,Standard,513.79,40,4,Mobile,Gift Card,Romance,2.2,53,2,3,0,0,0,0
CUST100200,42,Female,North India,Premium,792.85,4,2,Mobile,Net Banking,Documentary,24.3,79,3,1,0,0,0,1
CUST100201,23,Male,East India,Basic,188.12,35,1,Smart TV,Gift Card,Romance,13.5,33,4,2,0,1,1,0
CUST100202,67,Male,East India,Standard,503.63,4,2,Tablet,Credit Card,Romance,19.8,4,1,1,1,0,0,0
CUST100203,40,Female,Central India,Premium,802.47,1,2,Laptop,Credit Card,Documentary,15.8,80,2,3,0,1,1,0
CUST100204,37,Female,West India,Standard,476.86,41,5,Mobile,Credit Card,Documentary,14.6,88,2,3,0,1,0,1
CUST100205,51,Male,North India,Standard,521.4,43,2,Smart TV,Debit Card,Documentary,4.7,27,0,1,1,1,0,0
CUST100206,45,Male,West India,Basic,183.72,31,3,Mobile,UPI,Kids,0.0,16,1,1,0,1,0,1
CUST100207,13,Male,West India,Basic,206.94,53,1,Smart TV,Debit Card,Thriller,16.3,21,1,3,0,0,0,1
CUST100208,69,Male,Central India,Standard,507.29,55,4,Mobile,Net Banking,Drama,10.1,83,2,3,1,1,0,0
CUST100209,39,Female,East India,Standard,452.7,19,5,Laptop,Credit Card,Kids,23.2,45,2,4,0,1,1,0
CUST100210,69,Male,West India,Premium,802.41,21,3,Mobile,UPI,Thriller,7.4,40,0,3,0,1,1,1
CUST100211,64,Male,West India,Standard,523.56,58,1,Mobile,Net Banking,Drama,10.1,80,1,4,1,0,1,1
CUST100212,25,Female,North India,Standard,488.35,30,4,Laptop,Gift Card,Action,8.0,45,2,2,0,1,0,0
CUST100213,53,Female,East India,Premium,770.53,52,1,Tablet,UPI,Action,18.0,3,1,3,1,0,1,0
CUST100214,15,Female,West India,Basic,197.24,7,3,Mobile,Debit Card,Drama,0.0,10,2,4,1,0,0,1
CUST100215,51,Female,South India,Standard,505.99,5,1,Mobile,Credit Card,Drama,12.4,57,1,4,1,0,0,1
CUST100216,18,Female,South India,Basic,197.69,2,2,Laptop,UPI,Drama,6.1,38,2,2,0,1,0,1
CUST100217,20,Male,East India,Basic,184.75,51,1,Smart TV,Net Banking,Romance,10.5,13,0,2,0,1,0,0
CUST100218,39,Male,East India,Premium,783.55,56,2,Tablet,Debit Card,Action,19.3,31,5,1,1,1,1,1
CUST100219,21,Male,Central India,Standard,474.67,3,3,Mobile,Net Banking,Romance,3.6,80,1,3,0,1,0,1
CUST100220,49,Female,West India,Standard,470.88,15,5,Mobile,Net Banking,Drama,3.5,26,0,2,1,1,0,1
CUST100221,45,Male,South India,Standard,493.85,39,2,Mobile,Credit Card,Drama,21.3,45,0,2,0,1,0,1
CUST100222,63,Female,South India,Standard,505.36,37,1,Smart TV,UPI,Romance,7.9,85,2,3,1,1,0,0
CUST100223,54,Male,East India,Basic,201.39,55,1,Laptop,Net Banking,Thriller,6.8,1,2,2,0,0,1,1
CUST100224,56,Male,East India,Standard,502.76,10,1,Laptop,Debit Card,Comedy,6.9,62,6,2,0,1,0,0
CUST100225,36,Female,North India,Standard,508.48,9,3,Tablet,Net Banking,Documentary,0.2,77,0,3,0,1,0,0
CUST100226,27,Female,North India,Premium,818.62,23,4,Mobile,Net Banking,Documentary,19.4,44,1,4,1,0,1,1
CUST100227,66,Male,East India,Basic,199.41,14,1,Laptop,Debit Card,Kids,18.7,37,0,1,0,1,1,1
CUST100228,44,Male,North India,Basic,204.17,54,1,Laptop,Gift Card,Thriller,0.0,2,0,1,0,1,1,0
CUST100229,44,Male,East India,Standard,504.27,60,2,Laptop,Net Banking,Romance,8.0,38,0,4,0,1,1,1
CUST100230,36,Male,East India,Premium,801.21,45,5,Smart TV,Debit Card,Drama,0.6,69,0,4,1,1,0,1
CUST100231,53,Male,Central India,Standard,499.29,33,1,Smart TV,Credit Card,Comedy,14.8,86,6,3,1,0,1,1
CUST100232,64,Female,North India,Standard,500.5,16,3,Smart TV,UPI,Thriller,13.6,56,2,2,0,0,0,0
CUST100233,61,Female,West India,Premium,822.42,20,4,Smart TV,Debit Card,Comedy,4.0,20,2,3,0,1,1,1
CUST100234,61,Female,West India,Premium,820.49,8,4,Mobile,Debit Card,Action,7.3,68,0,2,1,1,0,0
CUST100235,64,Female,Central India,Standard,473.39,49,4,Smart TV,UPI,Comedy,18.1,60,4,4,0,1,0,1
CUST100236,24,Male,West India,Standard,502.28,38,3,Laptop,Debit Card,Thriller,9.2,74,2,3,1,1,0,0
CUST100237,51,Male,West India,Basic,199.1,34,4,Mobile,Gift Card,Romance,6.3,25,0,1,1,1,1,1
CUST100238,14,Female,Central India,Premium,817.9,31,4,Smart TV,Credit Card,Kids,15.8,44,1,1,1,0,0,0
CUST100239,15,Male,South India,Standard,498.46,45,2,Smart TV,Gift Card,Documentary,10.5,14,0,3,0,1,0,0
CUST100240,61,Female,Central India,Premium,802.77,57,4,Laptop,Net Banking,Romance,17.7,85,3,4,0,1,0,1
CUST100241,49,Male,Central India,Basic,189.25,8,2,Smart TV,Credit Card,Action,15.8,67,2,1,1,1,0,1
CUST100242,61,Male,North India,Standard,511.2,25,2,Smart TV,Net Banking,Comedy,13.9,44,2,1,1,1,0,1
CUST100243,68,Male,West India,Standard,480.34,41,2,Smart TV,UPI,Documentary,4.7,24,1,3,1,1,0,0
CUST100244,29,Female,West India,Standard,494.42,13,3,Mobile,Debit Card,Comedy,18.0,78,2,3,0,0,1,1
CUST100245,61,Female,South India,Basic,183.19,18,1,Mobile,Debit Card,Kids,10.0,33,1,1,0,1,0,0
CUST100246,14,Female,Central India,Standard,494.49,50,5,Mobile,Credit Card,Comedy,10.5,4,2,3,1,0,0,1
CUST100247,14,Female,East India,Premium,790.77,41,4,Mobile,Debit Card,Drama,1.0,2,0,4,0,1,0,1
CUST100248,40,Male,South India,Standard,511.55,34,5,Smart TV,Debit Card,Documentary,5.9,82,0,4,1,1,0,0
CUST100249,66,Male,South India,Basic,195.72,36,1,Tablet,Net Banking,Kids,4.5,54,1,2,1,1,1,0
CUST100250,35,Male,West India,Standard,521.38,50,2,Mobile,Gift Card,Romance,13.1,60,4,2,1,1,0,1
CUST100251,49,Male,West India,Basic,195.39,17,2,Tablet,Debit Card,Action,15.4,4,1,3,1,0,0,1
CUST100252,44,Female,West India,Basic,182.76,12,2,Smart TV,Net Banking,Action,8.4,82,1,4,0,1,1,0
CUST100253,45,Male,West India,Standard,495.36,16,2,Mobile,Gift Card,Action,10.9,71,1,1,0,1,1,1
CUST100254,13,Male,South India,Premium,806.15,13,4,Mobile,Debit Card,Comedy,9.6,84,2,2,0,1,1,0
CUST100255,31,Male,Central India,Standard,524.3,11,1,Laptop,Credit Card,Kids,20.6,71,1,2,0,1,1,1
CUST100256,14,Female,West India,Standard,489.33,14,1,Smart TV,Credit Card,Documentary,0.0,67,2,2,1,1,0,1
CUST100257,65,Female,North India,Basic,223.88,42,1,Mobile,Credit Card,Action,3.5,19,0,4,0,0,0,1
CUST100258,56,Female,South India,Standard,496.15,55,5,Mobile,UPI,Kids,8.3,35,0,2,1,1,0,1
CUST100259,38,Male,East India,Basic,192.32,28,2,Laptop,Credit Card,Action,11.9,69,1,3,1,0,0,0
CUST100260,44,Female,East India,Premium,810.63,59,3,Mobile,Debit Card,Romance,7.0,55,0,1,1,1,0,0
CUST100261,18,Male,Central India,Premium,820.35,53,1,Laptop,Debit Card,Kids,0.2,82,0,1,1,0,1,1
CUST100262,44,Male,South India,Standard,507.36,51,5,Mobile,Credit Card,Comedy,14.0,5,2,4,0,0,0,1
CUST100263,67,Male,South India,Standard,477.78,24,4,Smart TV,Credit Card,Thriller,20.2,54,1,4,0,1,1,1
CUST100264,16,Female,South India,Premium,804.0,53,2,Smart TV,Net Banking,Kids,0.6,87,1,2,0,0,0,1
CUST100265,67,Female,North India,Standard,531.62,17,5,Smart TV,Gift Card,Action,12.4,60,3,1,1,1,0,0
CUST100266,23,Male,North India,Basic,164.83,9,3,Mobile,Credit Card,Documentary,16.8,4,0,3,0,0,0,0
CUST100267,68,Male,West India,Basic,204.6,46,3,Mobile,Net Banking,Action,12.7,28,4,1,0,1,0,0
CUST100268,29,Female,East India,Standard,494.73,30,4,Laptop,Debit Card,Comedy,16.4,67,0,1,0,1,1,0
CUST100269,50,Female,North India,Premium,784.96,37,1,Mobile,Credit Card,Thriller,7.8,89,1,2,0,1,0,0
CUST100270,36,Female,East India,Basic,214.5,3,1,Smart TV,Net Banking,Thriller,4.7,57,1,2,1,1,1,0
CUST100271,17,Male,South India,Basic,172.93,54,5,Laptop,Net Banking,Romance,17.9,57,2,3,0,0,0,1
CUST100272,64,Male,North India,Standard,493.75,8,5,Laptop,Gift Card,Documentary,12.3,51,1,2,0,1,0,0
CUST100273,46,Male,East India,Premium,814.02,18,1,Mobile,Debit Card,Kids,11.2,18,1,3,0,1,0,0
CUST100274,18,Female,North India,Basic,212.3,59,1,Smart TV,Gift Card,Thriller,11.5,17,1,2,0,0,0,1
CUST100275,34,Female,South India,Basic,207.95,30,5,Smart TV,Gift Card,Kids,1.3,69,0,2,0,1,1,0
CUST100276,23,Female,South India,Standard,501.59,3,2,Mobile,Gift Card,Action,6.1,30,1,3,1,0,0,1
CUST100277,60,Male,South India,Standard,497.14,55,3,Mobile,Debit Card,Kids,11.1,0,2,4,0,1,1,0
CUST100278,28,Male,West India,Basic,191.95,34,3,Mobile,Credit Card,Drama,20.4,5,2,2,0,1,1,0
CUST100279,45,Female,East India,Basic,184.43,59,4,Smart TV,Gift Card,Comedy,3.6,36,1,4,1,1,1,0
CUST100280,21,Male,West India,Standard,511.2,43,3,Laptop,UPI,Action,5.7,1,1,3,0,1,0,0
CUST100281,18,Female,Central India,Standard,502.16,28,5,Laptop,Debit Card,Kids,13.5,57,2,3,1,1,0,1
CUST100282,28,Male,Central India,Premium,811.64,37,2,Laptop,Net Banking,Action,0.0,36,2,2,1,1,1,1
CUST100283,41,Female,North India,Standard,487.28,25,5,Smart TV,Net Banking,Comedy,8.8,47,1,1,0,0,0,0
CUST100284,15,Male,North India,Basic,186.95,30,1,Tablet,Debit Card,Comedy,2.6,86,1,3,0,1,0,0
CUST100285,32,Male,North India,Standard,506.45,7,1,Smart TV,Net Banking,Action,22.9,43,2,3,0,0,1,0
CUST100286,48,Female,West India,Standard,464.84,46,3,Smart TV,Debit Card,Thriller,14.8,43,1,4,1,1,0,0
CUST100287,31,Female,South India,Basic,161.07,29,2,Laptop,Credit Card,Documentary,4.4,26,1,3,0,0,1,1
CUST100288,38,Female,North India,Premium,814.2,51,4,Mobile,Debit Card,Action,10.5,36,3,3,0,1,0,1
CUST100289,15,Female,North India,Premium,788.39,2,5,Mobile,Credit Card,Drama,4.2,87,1,2,1,1,0,1
CUST100290,31,Female,Central India,Basic,201.9,26,4,Laptop,Debit Card,Action,3.8,29,2,4,1,0,1,0
CUST100291,32,Male,South India,Basic,204.69,41,4,Laptop,Gift Card,Kids,2.3,87,0,3,1,1,1,1
CUST100292,44,Female,West India,Basic,214.53,57,4,Mobile,UPI,Drama,5.8,64,1,4,0,1,0,0
CUST100293,19,Female,South India,Basic,192.4,57,4,Laptop,Credit Card,Romance,12.3,14,3,2,1,1,0,1
CUST100294,64,Female,Central India,Standard,493.22,42,5,Smart TV,UPI,Action,17.2,23,3,4,0,1,0,0
CUST100295,53,Male,West India,Standard,489.77,51,1,Laptop,Net Banking,Romance,3.6,10,3,1,1,1,0,1
CUST100296,45,Female,East India,Premium,808.32,49,5,Mobile,Credit Card,Action,4.4,49,0,2,0,0,1,0
CUST100297,52,Female,North India,Basic,208.98,57,1,Tablet,Net Banking,Drama,23.5,29,1,4,1,0,0,1
CUST100298,51,Female,West India,Standard,518.17,7,1,Laptop,Gift Card,Documentary,10.8,17,0,1,0,1,1,0
CUST100299,30,Male,Central India,Premium,780.3,18,5,Smart TV,Gift Card,Drama,8.2,32,2,4,1,1,0,1
CUST100300,52,Male,South India,Standard,532.51,6,5,Laptop,Credit Card,Documentary,5.0,2,2,3,0,1,0,0
CUST100301,13,Female,West India,Basic,194.31,59,5,Laptop,Credit Card,Romance,6.0,65,0,4,1,1,0,0
CUST100302,23,Male,Central India,Basic,198.27,41,1,Smart TV,UPI,Documentary,10.3,10,1,4,0,1,0,1
CUST100303,40,Female,West India,Basic,201.45,40,5,Tablet,Net Banking,Drama,16.9,84,1,1,0,1,0,0
CUST100304,69,Male,North India,Premium,785.34,27,2,Tablet,UPI,Kids,3.3,22,1,1,1,1,0,0
CUST100305,37,Female,South India,Premium,792.83,60,3,Mobile,Credit Card,Comedy,8.5,55,0,1,1,1,0,1
CUST100306,62,Male,South India,Premium,820.91,54,3,Mobile,UPI,Drama,20.7,64,4,4,1,0,1,1
CUST100307,35,Female,West India,Premium,821.14,54,2,Mobile,Credit Card,Comedy,0.8,51,3,2,1,1,1,0
CUST100308,43,Female,Central India,Standard,502.08,56,3,Smart TV,Debit Card,Kids,17.6,6,0,1,0,0,1,0
CUST100309,42,Male,North India,Premium,814.66,41,1,Mobile,Net Banking,Kids,22.6,80,1,3,0,1,1,0
CUST100310,54,Female,North India,Premium,805.16,24,5,Mobile,Gift Card,Kids,10.2,34,1,4,0,1,0,0
CUST100311,47,Female,West India,Standard,498.14,33,5,Tablet,Gift Card,Romance,17.9,15,1,4,0,1,1,0
CUST100312,19,Female,East India,Basic,187.69,31,5,Laptop,UPI,Kids,0.0,50,1,3,1,1,1,1
CUST100313,28,Female,West India,Standard,486.08,34,2,Laptop,Gift Card,Romance,8.4,52,3,2,1,1,0,1
CUST100314,38,Male,North India,Basic,187.63,22,2,Tablet,Debit Card,Action,16.5,66,0,3,0,1,0,0
CUST100315,60,Female,South India,Basic,223.22,24,1,Mobile,Debit Card,Comedy,1.3,75,1,4,0,1,1,1
CUST100316,69,Male,West India,Premium,812.1,36,2,Smart TV,UPI,Romance,17.8,51,2,2,1,1,0,0
CUST100317,64,Male,West India,Premium,820.61,28,5,Mobile,Gift Card,Thriller,25.1,85,5,2,0,1,0,0
CUST100318,61,Male,South India,Basic,205.0,20,1,Smart TV,Gift Card,Action,5.6,83,2,4,0,1,0,1
CUST100319,14,Male,West India,Standard,485.79,18,1,Mobile,Credit Card,Romance,14.5,70,3,1,1,0,1,0
CUST100320,13,Female,Central India,Premium,808.05,42,5,Mobile,UPI,Action,15.8,54,2,1,1,0,1,1
CUST100321,60,Female,South India,Standard,518.05,32,4,Mobile,Credit Card,Comedy,19.6,36,1,1,0,1,0,0
CUST100322,24,Male,South India,Standard,508.6,33,5,Smart TV,Debit Card,Comedy,3.1,6,1,3,0,1,0,0
CUST100323,17,Female,South India,Standard,479.25,10,1,Tablet,UPI,Thriller,6.1,22,2,3,1,1,1,1
CUST100324,49,Male,North India,Premium,776.89,9,4,Mobile,Credit Card,Action,13.9,0,1,1,0,1,1,1
CUST100325,44,Female,West India,Premium,808.55,55,5,Smart TV,Debit Card,Comedy,10.5,11,1,2,0,0,0,0
CUST100326,67,Female,East India,Standard,494.31,25,5,Smart TV,Gift Card,Drama,20.9,14,0,1,0,1,1,0
CUST100327,21,Female,West India,Basic,203.69,13,4,Smart TV,UPI,Documentary,8.2,57,2,1,1,1,0,0
CUST100328,53,Male,West India,Premium,788.15,47,4,Tablet,Credit Card,Kids,7.5,26,1,3,1,0,0,1
CUST100329,47,Male,North India,Basic,200.9,50,3,Mobile,Net Banking,Documentary,12.2,79,3,4,0,1,0,0
CUST100330,31,Female,Central India,Standard,482.5,58,4,Mobile,Gift Card,Comedy,12.1,78,1,1,1,1,0,0
CUST100331,60,Male,Central India,Basic,202.71,45,2,Mobile,Credit Card,Romance,9.3,48,3,2,1,0,1,1
CUST100332,28,Male,North India,Standard,509.93,5,4,Smart TV,Credit Card,Thriller,4.5,62,0,3,0,1,0,1
CUST100333,15,Female,North India,Standard,510.76,31,1,Mobile,UPI,Comedy,10.9,50,1,1,0,1,0,1
CUST100334,32,Male,North India,Basic,179.4,31,4,Mobile,Net Banking,Thriller,12.8,23,2,1,1,0,0,1
CUST100335,36,Female,West India,Premium,806.03,34,5,Laptop,Gift Card,Action,4.9,56,1,4,0,1,0,0
CUST100336,66,Female,North India,Basic,190.19,26,2,Mobile,Gift Card,Drama,3.2,44,1,2,0,1,0,1
CUST100337,68,Female,East India,Premium,821.9,7,4,Smart TV,UPI,Action,12.2,49,0,3,0,1,0,0
CUST100338,45,Male,South India,Premium,813.34,41,2,Tablet,UPI,Romance,28.6,32,2,3,1,0,0,0
CUST100339,36,Female,Central India,Basic,199.39,51,3,Smart TV,UPI,Drama,17.6,77,0,2,0,0,0,0
CUST100340,64,Female,East India,Standard,531.73,46,2,Smart TV,Net Banking,Thriller,8.9,74,2,3,1,1,0,0
CUST100341,23,Male,Central India,Basic,188.08,49,5,Mobile,UPI,Comedy,8.8,25,0,4,1,1,0,0
CUST100342,61,Male,West India,Premium,798.15,52,3,Smart TV,Net Banking,Comedy,11.0,75,1,2,0,1,1,0
CUST100343,20,Male,West India,Standard,507.12,20,4,Laptop,Net Banking,Comedy,6.5,36,0,2,0,0,0,1
CUST100344,48,Male,North India,Basic,229.52,43,2,Laptop,Debit Card,Comedy,12.5,79,1,3,1,0,1,1
CUST100345,50,Female,Central India,Standard,520.95,22,3,Smart TV,UPI,Action,1.2,11,0,2,0,1,0,1
CUST100346,52,Male,West India,Standard,511.03,5,4,Laptop,UPI,Action,7.3,46,0,1,1,1,1,1
CUST100347,32,Male,West India,Premium,785.84,12,4,Mobile,Gift Card,Thriller,18.2,28,1,4,0,1,0,0
CUST100348,47,Male,Central India,Basic,185.82,21,2,Mobile,UPI,Drama,14.4,65,1,1,0,1,0,1
CUST100349,60,Male,West India,Standard,509.43,9,2,Laptop,Net Banking,Drama,14.2,5,1,1,0,0,0,0
CUST100350,37,Female,North India,Basic,180.21,29,3,Mobile,UPI,Romance,16.8,9,0,3,0,0,1,1
CUST100351,47,Male,West India,Premium,803.81,27,2,Laptop,Credit Card,Drama,8.1,1,3,1,1,1,0,0
CUST100352,37,Female,East India,Basic,211.06,17,4,Smart TV,Gift Card,Comedy,1.7,81,1,1,0,0,0,1
CUST100353,41,Male,East India,Standard,476.83,40,5,Smart TV,Credit Card,Action,11.3,48,2,3,1,0,1,1
CUST100354,30,Female,North India,Basic,208.72,24,3,Laptop,Net Banking,Documentary,12.9,15,1,2,1,1,0,0
CUST100355,58,Female,East India,Standard,512.44,27,5,Laptop,Credit Card,Documentary,20.5,69,1,2,0,1,1,0
CUST100356,30,Male,West India,Premium,793.55,8,5,Laptop,Net Banking,Comedy,5.9,78,1,2,1,1,0,0
CUST100357,14,Female,East India,Premium,796.65,44,4,Smart TV,Gift Card,Romance,8.5,13,1,2,1,0,0,1
CUST100358,66,Male,East India,Premium,772.19,29,5,Smart TV,Debit Card,Documentary,17.1,62,3,1,1,0,1,1
CUST100359,47,Female,West India,Standard,497.36,19,1,Tablet,Credit Card,Drama,15.4,2,2,2,1,1,0,1
CUST100360,28,Female,Central India,Premium,776.12,10,3,Laptop,Gift Card,Drama,1.3,40,0,2,0,1,0,1
CUST100361,53,Female,North India,Standard,488.65,24,4,Mobile,Debit Card,Thriller,17.0,7,1,2,0,0,1,1
CUST100362,48,Male,Central India,Premium,792.97,34,2,Laptop,Net Banking,Comedy,20.5,45,1,2,0,1,0,1
CUST100363,45,Female,Central India,Standard,481.66,56,4,Laptop,Net Banking,Thriller,7.0,36,0,2,1,0,0,1
CUST100364,16,Male,East India,Standard,480.3,60,2,Smart TV,Debit Card,Drama,17.0,82,0,4,0,0,0,0
CUST100365,45,Female,South India,Basic,181.03,40,4,Smart TV,Gift Card,Action,14.1,65,1,2,0,1,0,0
CUST100366,26,Female,Central India,Standard,517.31,31,1,Smart TV,Debit Card,Comedy,5.0,36,1,2,1,1,0,0
CUST100367,33,Female,West India,Basic,197.95,46,3,Mobile,Credit Card,Romance,2.3,36,0,1,1,0,0,1
CUST100368,60,Female,West India,Premium,818.0,51,5,Mobile,Debit Card,Kids,12.5,2,0,2,0,0,0,0
CUST100369,32,Female,West India,Standard,492.93,4,4,Laptop,UPI,Thriller,16.7,59,1,3,1,1,1,1
CUST100370,68,Female,South India,Premium,793.25,41,3,Smart TV,Credit Card,Thriller,8.0,36,1,2,0,1,1,0
CUST100371,20,Male,South India,Basic,192.65,45,3,Mobile,Gift Card,Drama,3.0,32,1,4,0,1,0,1
CUST100372,19,Male,North India,Basic,154.27,31,3,Smart TV,Credit Card,Thriller,0.0,85,1,1,0,0,0,1
CUST100373,15,Male,South India,Premium,806.6,9,3,Mobile,Net Banking,Romance,10.8,64,0,2,1,1,0,1
CUST100374,29,Female,North India,Standard,497.4,26,3,Laptop,Net Banking,Drama,5.6,44,2,3,0,1,0,0
CUST100375,45,Male,West India,Standard,499.77,13,5,Smart TV,Net Banking,Action,5.1,47,1,1,0,0,0,0
CUST100376,60,Female,South India,Premium,767.63,57,5,Smart TV,Credit Card,Thriller,20.3,63,0,4,0,1,0,1
CUST100377,24,Male,East India,Standard,498.57,48,4,Mobile,Net Banking,Drama,14.7,59,1,4,1,1,0,0
CUST100378,63,Male,East India,Basic,192.42,26,2,Laptop,Gift Card,Drama,14.2,18,3,3,1,1,0,1
CUST100379,34,Female,East India,Premium,800.88,54,4,Tablet,Gift Card,Action,9.7,58,1,1,0,0,0,1
CUST100380,67,Female,South India,Basic,197.86,1,3,Laptop,Credit Card,Thriller,13.2,41,2,4,1,1,0,1
CUST100381,34,Male,South India,Premium,791.72,40,2,Smart TV,Debit Card,Kids,11.9,14,0,4,1,1,0,0
CUST100382,58,Male,South India,Basic,207.45,9,4,Laptop,Debit Card,Romance,8.0,50,0,1,0,1,0,1
CUST100383,42,Male,East India,Standard,514.37,31,2,Mobile,Gift Card,Kids,9.9,81,0,3,0,0,0,1
CUST100384,50,Male,West India,Basic,192.88,24,5,Mobile,Credit Card,Action,17.4,79,0,2,0,1,0,1
CUST100385,50,Female,Central India,Standard,477.27,45,3,Smart TV,Gift Card,Action,12.1,34,0,4,1,0,0,0
CUST100386,57,Male,West India,Basic,178.26,49,2,Mobile,Net Banking,Action,24.4,59,1,4,0,1,1,0
CUST100387,63,Female,South India,Premium,805.34,60,1,Mobile,Net Banking,Kids,17.8,10,4,4,0,0,0,0
CUST100388,66,Female,Central India,Standard,518.44,22,3,Smart TV,Gift Card,Thriller,9.6,6,2,4,1,1,0,0
CUST100389,20,Male,Central India,Basic,171.8,57,5,Smart TV,Net Banking,Documentary,11.3,29,1,1,1,1,0,0
CUST100390,39,Female,West India,Standard,483.73,9,5,Laptop,UPI,Kids,10.1,45,1,3,0,1,1,1
CUST100391,39,Male,East India,Standard,494.01,39,4,Mobile,UPI,Drama,18.5,4,1,3,1,0,0,0
CUST100392,46,Female,North India,Basic,168.4,23,1,Tablet,UPI,Drama,3.1,65,0,2,0,0,0,1
CUST100393,33,Female,East India,Basic,197.55,20,2,Mobile,Debit Card,Action,9.3,44,1,1,0,0,0,0
CUST100394,42,Male,East India,Standard,504.45,55,4,Smart TV,Debit Card,Action,14.3,0,2,4,0,1,0,0
CUST100395,45,Female,Central India,Basic,206.2,42,5,Mobile,Credit Card,Documentary,13.3,18,1,2,1,1,0,0
CUST100396,40,Female,South India,Basic,193.0,21,2,Smart TV,Debit Card,Comedy,19.0,54,1,3,1,1,1,0
CUST100397,59,Male,South India,Basic,193.65,27,5,Tablet,Gift Card,Romance,7.6,46,1,1,1,1,1,1
CUST100398,45,Female,Central India,Standard,483.68,58,5,Laptop,Credit Card,Drama,0.7,22,0,4,1,0,0,1
CUST100399,17,Female,East India,Standard,472.43,5,1,Mobile,Credit Card,Romance,13.1,37,0,3,1,1,0,0
CUST100400,60,Male,West India,Basic,196.19,17,3,Smart TV,Gift Card,Comedy,11.3,15,1,4,0,1,0,1
CUST100401,31,Male,North India,Premium,805.13,34,2,Smart TV,UPI,Action,12.8,13,3,2,0,1,1,0
CUST100402,16,Female,East India,Premium,799.24,9,1,Mobile,Debit Card,Drama,7.8,67,1,2,0,0,0,0
CUST100403,47,Female,East India,Basic,215.64,34,5,Laptop,Credit Card,Drama,13.8,5,0,3,0,1,1,0
CUST100404,61,Female,North India,Basic,204.18,10,5,Mobile,UPI,Action,8.6,3,3,3,0,0,1,1
CUST100405,29,Male,West India,Premium,808.89,59,1,Smart TV,Net Banking,Comedy,14.2,68,2,4,1,1,0,0
CUST100406,56,Female,North India,Standard,501.52,44,2,Mobile,UPI,Comedy,9.2,34,2,1,0,0,1,1
CUST100407,40,Female,Central India,Basic,226.89,2,5,Mobile,UPI,Thriller,19.6,25,3,2,0,1,0,1
CUST100408,42,Female,North India,Standard,491.65,47,2,Tablet,Debit Card,Thriller,0.0,8,2,2,0,0,0,1
CUST100409,41,Female,North India,Premium,809.18,25,1,Mobile,Net Banking,Documentary,0.0,48,0,2,1,1,0,0
CUST100410,58,Female,East India,Basic,202.72,3,5,Mobile,Credit Card,Romance,14.0,68,1,3,1,0,1,0
CUST100411,65,Female,East India,Premium,810.07,34,4,Laptop,Gift Card,Documentary,1.2,24,2,3,0,1,0,1
CUST100412,18,Male,South India,Standard,504.0,7,4,Mobile,Credit Card,Comedy,11.0,44,1,4,1,1,0,1
CUST100413,47,Male,North India,Standard,498.36,28,5,Smart TV,Debit Card,Action,7.1,81,1,4,1,1,1,1
CUST100414,53,Female,Central India,Premium,804.67,9,3,Smart TV,Credit Card,Comedy,18.1,29,1,4,0,0,1,1
CUST100415,49,Female,South India,Basic,206.55,11,5,Tablet,Debit Card,Drama,10.4,59,1,2,0,1,1,1
CUST100416,36,Male,North India,Standard,508.5,29,5,Laptop,Debit Card,Thriller,6.9,31,1,3,0,1,1,1
CUST100417,41,Male,East India,Standard,520.95,54,5,Tablet,Credit Card,Thriller,20.1,83,0,3,0,0,1,1
CUST100418,61,Male,Central India,Standard,501.91,60,1,Smart TV,Gift Card,Romance,13.9,30,0,4,1,1,0,0
CUST100419,58,Female,West India,Basic,182.54,16,5,Mobile,Gift Card,Kids,3.3,83,0,3,1,1,0,1
CUST100420,65,Female,South India,Standard,501.47,39,5,Mobile,Credit Card,Romance,0.0,49,3,1,0,1,0,1
CUST100421,43,Female,East India,Basic,192.33,29,1,Laptop,Net Banking,Romance,18.0,60,3,1,0,0,0,1
CUST100422,47,Female,West India,Basic,191.92,13,5,Smart TV,UPI,Comedy,12.0,16,0,1,0,0,0,0
CUST100423,45,Male,North India,Basic,194.18,35,4,Mobile,Gift Card,Drama,15.2,50,0,3,1,1,1,0
CUST100424,64,Male,Central India,Standard,485.46,11,4,Tablet,Debit Card,Comedy,17.1,14,3,1,0,0,0,1
CUST100425,33,Male,East India,Basic,163.01,35,5,Mobile,Gift Card,Kids,13.6,11,1,2,0,0,0,1
CUST100426,44,Male,East India,Standard,521.13,47,1,Smart TV,Net Banking,Romance,11.9,10,1,3,0,1,1,0
CUST100427,35,Female,Central India,Basic,191.67,8,5,Laptop,Credit Card,Romance,9.3,71,1,4,0,1,0,0
CUST100428,45,Female,East India,Basic,173.28,7,5,Laptop,Net Banking,Comedy,12.6,66,0,1,1,0,0,1
CUST100429,15,Male,East India,Basic,201.68,5,2,Mobile,UPI,Comedy,8.0,24,2,1,0,1,0,1
CUST100430,30,Male,North India,Basic,208.23,6,3,Smart TV,Gift Card,Drama,18.0,37,0,1,0,1,0,1
CUST100431,37,Male,South India,Standard,496.33,57,1,Mobile,Debit Card,Thriller,14.2,80,0,1,0,1,1,0
CUST100432,54,Male,West India,Standard,479.67,51,3,Smart TV,Debit Card,Action,18.9,48,3,3,0,0,0,0
CUST100433,43,Male,Central India,Premium,777.77,60,2,Smart TV,Net Banking,Kids,12.0,21,2,4,1,1,0,1
CUST100434,66,Female,West India,Premium,833.22,35,3,Laptop,Credit Card,Documentary,10.5,66,4,1,0,0,1,1
CUST100435,15,Female,Central India,Standard,477.84,30,5,Mobile,UPI,Romance,9.5,23,0,2,0,1,1,0
CUST100436,52,Male,Central India,Premium,774.56,11,4,Laptop,Credit Card,Drama,20.3,83,2,1,0,0,0,0
CUST100437,58,Male,East India,Basic,194.37,38,1,Laptop,Gift Card,Thriller,2.9,61,1,3,1,1,0,1
CUST100438,36,Male,North India,Standard,511.33,27,1,Smart TV,Net Banking,Comedy,0.0,14,0,3,1,1,0,0
CUST100439,62,Female,Central India,Standard,523.88,56,5,Mobile,Net Banking,Action,8.9,44,0,2,1,1,0,0
CUST100440,44,Female,West India,Basic,195.8,21,3,Mobile,Debit Card,Documentary,9.4,40,3,4,0,1,0,0
CUST100441,59,Female,South India,Basic,195.59,14,1,Laptop,Gift Card,Kids,16.7,5,0,2,1,1,0,0
CUST100442,34,Male,West India,Basic,179.74,49,2,Tablet,Debit Card,Documentary,18.4,49,3,3,0,1,0,0
CUST100443,35,Female,North India,Standard,515.32,35,2,Smart TV,Credit Card,Drama,9.3,41,0,2,0,1,1,0
CUST100444,14,Male,South India,Standard,497.95,29,3,Tablet,Net Banking,Comedy,7.6,65,2,3,0,0,0,1
CUST100445,39,Female,East India,Standard,498.44,24,2,Smart TV,Net Banking,Romance,0.0,77,2,4,1,1,0,1
CUST100446,54,Female,West India,Standard,505.5,36,4,Laptop,UPI,Comedy,24.2,59,1,2,0,1,0,0
CUST100447,14,Female,West India,Standard,503.53,41,5,Mobile,Credit Card,Action,13.8,7,3,2,0,1,0,1
CUST100448,38,Male,Central India,Premium,796.9,45,1,Laptop,Gift Card,Documentary,18.0,81,0,1,1,1,0,0
CUST100449,29,Male,Central India,Basic,218.81,32,5,Laptop,UPI,Drama,16.7,8,0,3,0,0,0,1
CUST100450,52,Female,South India,Premium,774.94,6,3,Laptop,Net Banking,Comedy,0.0,56,1,1,0,0,1,1
CUST100451,45,Male,East India,Standard,502.17,10,5,Laptop,Gift Card,Documentary,7.1,73,2,1,0,1,1,1
CUST100452,21,Male,Central India,Standard,505.11,20,1,Mobile,Debit Card,Documentary,10.0,26,0,4,1,0,0,1
CUST100453,55,Male,West India,Standard,492.81,20,1,Smart TV,Credit Card,Thriller,9.0,39,2,1,0,1,0,0
CUST100454,66,Male,South India,Standard,508.25,26,3,Mobile,Debit Card,Action,15.1,73,1,1,0,1,0,0
CUST100455,60,Male,Central India,Basic,208.95,21,1,Mobile,Net Banking,Comedy,2.0,82,0,1,1,1,0,0
CUST100456,51,Male,Central India,Standard,515.65,45,2,Mobile,UPI,Thriller,7.5,27,2,3,0,0,1,0
CUST100457,41,Male,North India,Premium,797.33,23,5,Mobile,Debit Card,Action,10.0,76,1,2,0,1,0,1
CUST100458,54,Female,South India,Standard,495.74,46,4,Smart TV,Net Banking,Thriller,4.4,88,0,3,0,0,1,0
CUST100459,67,Male,South India,Basic,207.09,12,4,Smart TV,Debit Card,Comedy,15.7,24,0,4,0,0,0,0
CUST100460,38,Male,East India,Basic,196.04,55,4,Mobile,Credit Card,Drama,11.8,9,0,2,1,1,0,0
CUST100461,47,Female,Central India,Premium,776.18,13,3,Smart TV,Debit Card,Thriller,17.3,30,1,3,0,0,0,0
CUST100462,62,Female,South India,Basic,211.94,10,4,Mobile,Credit Card,Thriller,22.2,4,0,3,0,0,0,1
CUST100463,37,Female,East India,Basic,171.49,7,5,Mobile,Credit Card,Documentary,8.9,77,2,2,0,1,0,1
CUST100464,36,Female,Central India,Standard,505.03,37,1,Laptop,Gift Card,Kids,15.1,78,1,3,0,1,1,1
CUST100465,25,Male,West India,Premium,837.08,12,2,Mobile,UPI,Comedy,0.0,27,3,1,0,0,0,0
CUST100466,19,Female,North India,Basic,207.0,25,4,Smart TV,Debit Card,Thriller,1.2,72,0,4,0,0,1,0
CUST100467,69,Female,East India,Standard,488.59,2,4,Mobile,Net Banking,Kids,11.9,71,1,3,0,0,0,1
CUST100468,48,Male,North India,Standard,492.23,40,4,Smart TV,Gift Card,Drama,8.1,12,2,2,0,1,0,0
CUST100469,57,Male,West India,Basic,204.56,26,2,Mobile,UPI,Thriller,19.7,70,1,4,0,1,0,0
CUST100470,32,Male,South India,Premium,798.68,40,5,Mobile,Gift Card,Action,13.7,67,1,3,0,0,1,1
CUST100471,13,Female,Central India,Standard,510.34,51,4,Mobile,Debit Card,Drama,1.4,20,0,2,0,1,0,1
CUST100472,20,Male,South India,Standard,520.75,5,1,Laptop,Debit Card,Drama,11.8,16,5,3,1,0,0,0
CUST100473,58,Female,North India,Premium,818.72,8,3,Mobile,Debit Card,Thriller,7.3,52,0,2,0,1,1,1
CUST100474,28,Male,South India,Premium,781.66,42,2,Mobile,UPI,Thriller,18.0,1,2,2,1,0,0,1
CUST100475,26,Male,South India,Standard,499.24,45,5,Mobile,Gift Card,Documentary,8.8,32,0,3,0,1,1,1
CUST100476,24,Female,East India,Basic,206.39,9,1,Smart TV,Net Banking,Comedy,8.1,33,2,2,1,1,0,1
CUST100477,63,Male,East India,Premium,821.75,39,2,Mobile,Gift Card,Documentary,4.0,7,1,3,0,0,1,1
CUST100478,35,Male,West India,Standard,504.39,20,2,Mobile,UPI,Action,3.1,72,1,1,1,1,0,1
CUST100479,27,Male,East India,Premium,788.74,52,3,Tablet,Credit Card,Comedy,5.3,49,2,4,0,1,0,1
CUST100480,40,Male,East India,Premium,805.53,51,3,Mobile,Credit Card,Documentary,15.8,0,1,1,1,1,0,0
CUST100481,46,Male,East India,Basic,226.29,11,5,Smart TV,Credit Card,Documentary,20.2,44,1,3,0,1,1,0
CUST100482,14,Female,East India,Premium,795.21,40,4,Tablet,Net Banking,Thriller,19.8,31,3,4,0,1,0,0
CUST100483,44,Female,West India,Standard,488.48,22,3,Mobile,UPI,Documentary,12.8,61,1,2,0,0,0,1
CUST100484,35,Male,East India,Standard,498.51,16,5,Smart TV,UPI,Thriller,5.3,67,2,2,0,0,0,1
CUST100485,34,Female,East India,Basic,189.24,42,2,Mobile,Credit Card,Drama,2.6,35,0,4,0,1,0,1
CUST100486,63,Female,North India,Premium,811.4,38,4,Tablet,UPI,Comedy,11.4,14,1,4,0,1,0,1
CUST100487,37,Female,East India,Standard,489.35,42,1,Tablet,UPI,Thriller,4.0,77,1,3,1,1,1,1
CUST100488,34,Male,West India,Standard,518.39,10,2,Mobile,Debit Card,Kids,22.1,48,3,4,0,1,0,1
CUST100489,34,Male,West India,Premium,806.43,25,5,Mobile,Net Banking,Kids,14.6,17,0,3,0,1,1,0
CUST100490,61,Male,South India,Standard,509.45,59,1,Smart TV,UPI,Kids,10.1,10,1,1,0,0,0,1
CUST100491,64,Female,East India,Standard,509.34,19,2,Tablet,Credit Card,Kids,11.5,76,3,1,0,0,0,1
CUST100492,54,Female,Central India,Premium,811.78,4,3,Mobile,Gift Card,Documentary,10.0,79,1,4,0,1,0,1
CUST100493,18,Male,South India,Standard,494.36,19,5,Tablet,Gift Card,Kids,16.6,14,1,4,0,1,0,1
CUST100494,27,Male,West India,Premium,784.33,3,1,Laptop,Net Banking,Thriller,12.0,74,1,2,0,1,1,1
CUST100495,66,Female,South India,Premium,791.86,17,3,Mobile,UPI,Drama,6.2,10,1,2,1,1,0,0
CUST100496,55,Female,Central India,Standard,512.9,14,1,Laptop,Debit Card,Action,12.1,54,0,2,1,1,0,0
CUST100497,49,Male,North India,Standard,472.5,10,4,Mobile,UPI,Action,8.6,58,1,4,0,1,1,0
CUST100498,45,Female,Central India,Basic,169.01,6,4,Smart TV,Credit Card,Drama,7.6,67,0,4,0,1,0,1
CUST100499,20,Female,South India,Standard,502.37,31,5,Mobile,UPI,Documentary,8.0,89,1,4,1,1,1,0
CUST100500,65,Female,East India,Standard,511.66,31,1,Smart TV,Gift Card,Comedy,9.1,62,0,4,0,0,0,1
CUST100501,56,Female,North India,Premium,813.7,48,4,Smart TV,Gift Card,Comedy,0.0,56,0,1,1,0,0,1
CUST100502,56,Female,Central India,Basic,184.74,9,2,Smart TV,Net Banking,Thriller,13.3,25,1,3,1,0,0,0
CUST100503,17,Female,East India,Basic,181.31,53,2,Smart TV,Credit Card,Romance,14.1,14,1,2,0,1,0,0
CUST100504,51,Female,Central India,Basic,188.71,12,4,Smart TV,Net Banking,Action,3.7,76,2,3,0,1,0,1
CUST100505,16,Male,West India,Basic,193.11,44,4,Tablet,UPI,Drama,0.6,85,0,4,0,0,0,1
CUST100506,18,Male,East India,Standard,493.97,60,5,Laptop,Debit Card,Romance,18.7,84,0,1,0,1,0,1
CUST100507,57,Female,West India,Basic,200.82,46,5,Smart TV,Net Banking,Documentary,22.9,10,1,2,1,1,1,1
CUST100508,44,Female,North India,Basic,220.08,26,2,Mobile,Gift Card,Drama,9.5,57,1,2,1,0,0,1
CUST100509,64,Female,North India,Basic,198.09,2,3,Mobile,Credit Card,Action,16.8,65,0,2,0,1,1,0
CUST100510,42,Male,North India,Premium,813.06,42,1,Mobile,UPI,Drama,9.1,74,0,2,0,1,0,1
CUST100511,59,Male,North India,Premium,808.82,4,3,Smart TV,Credit Card,Drama,11.2,89,1,3,1,1,0,1
CUST100512,47,Female,West India,Basic,188.35,32,5,Smart TV,Credit Card,Drama,7.6,40,5,2,0,1,1,1
CUST100513,67,Male,West India,Standard,508.65,28,3,Smart TV,Credit Card,Thriller,14.5,14,1,1,0,1,1,1
CUST100514,52,Female,South India,Standard,507.62,6,5,Tablet,Gift Card,Documentary,11.9,76,1,2,1,1,0,1
CUST100515,64,Female,South India,Basic,198.99,30,3,Mobile,Debit Card,Comedy,18.5,78,2,1,0,1,1,1
CUST100516,28,Female,West India,Standard,501.61,55,2,Smart TV,Net Banking,Romance,8.0,55,2,2,0,1,0,1
CUST100517,25,Female,North India,Basic,198.13,28,5,Laptop,Gift Card,Romance,12.8,50,0,3,1,0,1,0
CUST100518,62,Female,South India,Premium,782.62,13,2,Smart TV,Debit Card,Documentary,14.8,49,1,4,0,1,1,1
CUST100519,54,Female,East India,Basic,234.49,55,3,Smart TV,UPI,Action,12.8,18,1,3,0,0,0,0
CUST100520,42,Female,West India,Premium,814.83,46,4,Tablet,Net Banking,Romance,12.1,43,0,3,0,0,0,0
CUST100521,31,Male,East India,Basic,206.91,36,4,Smart TV,Debit Card,Comedy,18.8,74,2,2,0,1,0,0
CUST100522,29,Female,North India,Standard,492.92,10,1,Laptop,UPI,Kids,3.8,75,0,2,0,1,0,0
CUST100523,68,Male,West India,Premium,797.62,10,4,Tablet,Net Banking,Thriller,13.6,86,1,1,1,0,0,1
CUST100524,31,Female,South India,Basic,181.43,5,1,Smart TV,UPI,Comedy,5.8,0,2,1,0,0,1,1
CUST100525,40,Female,South India,Standard,506.05,29,3,Mobile,Gift Card,Comedy,4.8,38,1,1,1,1,1,0
CUST100526,67,Male,East India,Standard,504.04,36,1,Laptop,UPI,Comedy,7.8,22,3,1,1,0,0,1
CUST100527,38,Male,West India,Standard,495.9,12,1,Laptop,Credit Card,Drama,12.2,88,0,4,0,1,1,1
CUST100528,49,Female,North India,Basic,199.45,58,1,Mobile,Gift Card,Action,12.9,43,1,4,0,1,0,0
CUST100529,38,Male,Central India,Basic,194.52,22,2,Smart TV,UPI,Kids,8.6,20,0,2,0,0,0,0
CUST100530,65,Female,Central India,Standard,491.59,59,1,Smart TV,Gift Card,Thriller,14.9,27,0,3,0,0,0,0
CUST100531,35,Female,North India,Standard,487.35,46,5,Laptop,Net Banking,Kids,15.4,10,0,2,1,1,0,1
CUST100532,21,Male,South India,Standard,483.69,39,3,Mobile,Credit Card,Action,21.0,23,2,3,0,0,1,1
CUST100533,24,Male,Central India,Basic,188.47,2,2,Smart TV,Credit Card,Drama,7.6,11,0,2,0,1,0,0
CUST100534,65,Male,North India,Basic,189.62,14,5,Smart TV,UPI,Thriller,5.5,59,2,4,0,0,0,1
CUST100535,13,Male,East India,Standard,515.34,10,3,Smart TV,Net Banking,Romance,10.7,66,0,4,0,0,0,1
CUST100536,13,Female,South India,Standard,489.72,60,2,Tablet,Gift Card,Kids,1.7,32,0,4,1,0,0,0
CUST100537,59,Male,North India,Standard,468.49,48,3,Tablet,UPI,Drama,23.3,76,1,1,1,1,0,1
CUST100538,46,Male,East India,Basic,203.38,3,4,Mobile,Debit Card,Thriller,8.1,65,3,3,1,0,1,1
CUST100539,44,Male,West India,Basic,208.35,59,3,Mobile,UPI,Thriller,5.2,41,2,3,1,1,1,1
CUST100540,66,Male,Central India,Basic,213.53,8,4,Mobile,Debit Card,Documentary,10.5,43,0,2,1,0,1,1
CUST100541,60,Male,Central India,Basic,201.49,55,4,Smart TV,Credit Card,Drama,10.6,56,2,3,1,0,0,1
CUST100542,37,Female,Central India,Basic,181.9,60,3,Smart TV,UPI,Action,11.4,15,2,4,0,0,1,0
CUST100543,52,Female,North India,Standard,487.02,17,4,Smart TV,UPI,Romance,12.8,83,1,1,0,1,0,0
CUST100544,57,Male,West India,Standard,508.0,4,2,Mobile,Credit Card,Romance,4.2,86,1,4,0,1,0,1
CUST100545,65,Male,North India,Standard,520.89,21,4,Mobile,Gift Card,Kids,12.1,61,1,3,1,1,0,0
CUST100546,13,Female,North India,Basic,181.86,30,1,Mobile,UPI,Drama,8.3,9,1,4,0,1,0,1
CUST100547,28,Male,West India,Basic,202.18,19,2,Smart TV,Net Banking,Kids,7.4,62,1,1,0,1,0,0
CUST100548,51,Female,East India,Standard,490.68,15,2,Smart TV,Credit Card,Drama,15.5,22,3,4,0,1,1,0
CUST100549,17,Female,South India,Premium,786.64,20,2,Mobile,Gift Card,Drama,0.4,80,0,1,0,1,0,1
CUST100550,34,Male,Central India,Standard,499.52,58,1,Mobile,Credit Card,Documentary,14.4,49,1,3,0,1,0,0
CUST100551,41,Female,West India,Standard,497.0,42,1,Laptop,Credit Card,Documentary,20.7,71,0,3,0,1,1,1
CUST100552,67,Male,East India,Premium,768.63,30,1,Laptop,Gift Card,Documentary,12.4,3,3,2,0,0,1,1
CUST100553,15,Male,West India,Standard,502.02,10,1,Mobile,Gift Card,Documentary,22.1,71,3,2,1,1,0,0
CUST100554,24,Female,South India,Basic,203.92,23,1,Smart TV,Gift Card,Drama,14.4,22,2,4,0,0,1,0
CUST100555,38,Female,West India,Standard,510.21,24,5,Mobile,Net Banking,Romance,8.3,33,0,4,1,1,1,0
CUST100556,28,Male,West India,Basic,190.41,12,5,Mobile,Debit Card,Action,5.3,53,0,1,1,1,0,1
CUST100557,63,Female,East India,Standard,475.18,9,1,Laptop,Credit Card,Comedy,9.3,13,1,2,1,1,1,0
CUST100558,49,Male,Central India,Standard,492.68,15,2,Mobile,UPI,Drama,10.8,84,0,3,0,1,0,0
CUST100559,34,Female,Central India,Premium,809.59,29,4,Smart TV,Debit Card,Kids,8.3,3,1,4,0,0,1,0
CUST100560,69,Female,East India,Basic,197.86,18,4,Tablet,UPI,Action,14.5,89,2,4,0,1,0,1
CUST100561,41,Male,East India,Standard,511.74,20,5,Laptop,UPI,Comedy,2.1,81,1,1,0,1,0,1
CUST100562,26,Male,North India,Standard,479.49,1,1,Smart TV,UPI,Comedy,3.4,45,1,1,0,1,1,1
CUST100563,40,Male,North India,Premium,811.18,3,3,Mobile,Net Banking,Documentary,11.3,36,4,4,1,1,0,1
CUST100564,17,Female,South India,Premium,802.74,8,4,Mobile,Net Banking,Comedy,6.2,64,1,3,0,1,0,0
CUST100565,59,Male,North India,Premium,793.68,39,4,Laptop,Debit Card,Kids,9.0,61,2,1,1,1,0,1
CUST100566,61,Male,North India,Basic,215.06,31,2,Mobile,Gift Card,Kids,2.4,66,1,2,0,0,1,1
CUST100567,42,Female,West India,Standard,502.6,47,4,Mobile,Net Banking,Action,8.1,58,1,1,0,1,0,0
CUST100568,58,Female,West India,Basic,184.24,8,5,Mobile,Credit Card,Documentary,8.3,79,2,4,0,1,1,1
CUST100569,64,Male,East India,Basic,213.73,15,1,Mobile,Debit Card,Drama,6.2,54,1,3,0,1,0,1
CUST100570,17,Male,Central India,Premium,795.37,59,1,Smart TV,Credit Card,Drama,12.3,35,0,1,0,0,0,0
CUST100571,24,Male,South India,Premium,799.55,22,4,Laptop,UPI,Documentary,3.7,22,0,4,0,1,1,1
CUST100572,28,Male,North India,Basic,186.05,32,3,Tablet,Credit Card,Romance,18.6,31,0,2,0,1,1,0
CUST100573,38,Female,West India,Basic,198.22,5,5,Laptop,Net Banking,Documentary,11.7,77,2,1,0,1,1,0
CUST100574,38,Female,Central India,Basic,184.81,44,4,Mobile,Credit Card,Comedy,6.1,47,2,4,1,1,0,1
CUST100575,60,Male,North India,Premium,796.42,44,5,Mobile,UPI,Romance,0.0,38,3,4,0,1,1,0
CUST100576,33,Male,Central India,Basic,199.46,58,3,Mobile,UPI,Comedy,21.8,10,1,2,0,1,0,0
CUST100577,51,Male,West India,Basic,208.09,9,5,Mobile,Net Banking,Action,13.2,60,2,3,0,1,0,1
CUST100578,48,Female,East India,Basic,177.9,53,5,Smart TV,Debit Card,Documentary,16.6,2,1,1,0,0,0,1
CUST100579,45,Male,North India,Standard,514.04,41,5,Tablet,Gift Card,Drama,13.9,14,1,2,0,1,0,0
CUST100580,42,Male,North India,Premium,814.51,15,1,Smart TV,Debit Card,Action,15.4,7,0,3,0,1,0,0
CUST100581,49,Female,South India,Basic,196.17,47,3,Laptop,Gift Card,Drama,11.7,89,5,1,0,1,1,0
CUST100582,35,Female,North India,Standard,500.94,52,1,Smart TV,Net Banking,Romance,12.3,83,2,1,1,0,0,0
CUST100583,22,Male,West India,Basic,203.6,44,2,Smart TV,Net Banking,Drama,11.1,44,0,1,0,1,0,0
CUST100584,66,Male,Central India,Standard,500.25,37,4,Tablet,Net Banking,Action,15.0,49,1,4,0,1,0,0
CUST100585,17,Female,Central India,Standard,508.05,33,1,Laptop,UPI,Drama,15.3,65,1,3,1,0,0,0
CUST100586,48,Male,East India,Basic,193.19,22,5,Smart TV,Debit Card,Documentary,12.3,32,1,4,0,1,0,1
CUST100587,46,Male,East India,Basic,187.6,51,2,Mobile,Gift Card,Romance,15.4,48,3,3,0,1,0,0
CUST100588,64,Female,West India,Premium,805.42,11,3,Mobile,Debit Card,Kids,15.8,16,1,1,1,0,1,1
CUST100589,43,Female,Central India,Basic,176.11,58,3,Laptop,Gift Card,Documentary,6.6,40,1,2,1,0,0,0
CUST100590,22,Female,East India,Standard,508.29,50,1,Mobile,Credit Card,Action,6.4,18,1,2,0,1,0,1
CUST100591,31,Male,East India,Standard,509.84,6,5,Smart TV,Debit Card,Drama,15.1,75,1,4,0,1,0,0
CUST100592,44,Female,South India,Basic,187.27,17,5,Smart TV,Credit Card,Drama,5.9,10,3,3,1,0,0,0
CUST100593,13,Female,South India,Standard,520.33,46,3,Laptop,Net Banking,Comedy,12.6,59,2,1,0,0,0,0
CUST100594,68,Male,West India,Premium,793.73,44,5,Mobile,UPI,Thriller,4.3,20,3,1,0,1,0,1
CUST100595,17,Male,West India,Standard,492.44,57,4,Mobile,UPI,Action,8.6,43,2,2,0,0,1,1
CUST100596,57,Female,West India,Basic,189.2,5,1,Laptop,Debit Card,Kids,0.0,22,3,1,1,1,1,1
CUST100597,16,Female,West India,Standard,505.72,39,1,Smart TV,Credit Card,Drama,6.5,78,0,3,1,1,0,1
CUST100598,28,Male,Central India,Standard,493.13,59,5,Mobile,Credit Card,Action,11.0,85,0,4,0,0,1,1
CUST100599,36,Male,North India,Standard,477.44,58,3,Tablet,Gift Card,Comedy,5.5,12,0,3,0,1,1,1
CUST100600,28,Female,West India,Standard,504.12,48,4,Laptop,Debit Card,Action,0.0,45,1,2,0,1,1,0
CUST100601,67,Female,South India,Basic,194.63,57,4,Smart TV,Debit Card,Documentary,5.3,52,0,1,0,1,0,1
CUST100602,14,Male,North India,Standard,515.29,9,4,Laptop,Credit Card,Drama,8.2,56,1,4,1,1,1,0
CUST100603,61,Female,North India,Standard,503.63,29,2,Mobile,Credit Card,Comedy,13.0,54,2,1,1,1,1,0
CUST100604,40,Male,Central India,Basic,202.99,23,5,Tablet,UPI,Documentary,9.7,10,1,3,0,1,0,1
CUST100605,44,Female,East India,Standard,514.22,47,4,Tablet,Debit Card,Thriller,4.3,80,2,2,1,1,1,0
CUST100606,39,Male,North India,Basic,201.4,36,5,Smart TV,UPI,Thriller,16.5,14,0,3,0,1,0,0
CUST100607,32,Male,Central India,Basic,210.73,31,3,Smart TV,Net Banking,Action,20.4,39,2,2,0,1,0,0
CUST100608,36,Female,Central India,Premium,789.25,20,3,Laptop,Net Banking,Drama,5.6,14,0,4,0,0,1,0
CUST100609,24,Female,Central India,Basic,223.69,23,3,Smart TV,Credit Card,Thriller,20.8,12,0,2,0,1,1,0
CUST100610,62,Male,West India,Basic,203.13,56,2,Smart TV,Gift Card,Comedy,8.4,28,3,2,0,1,0,0
CUST100611,47,Female,East India,Standard,480.97,7,3,Smart TV,Credit Card,Drama,12.8,36,1,3,1,1,1,0
CUST100612,45,Female,West India,Premium,801.07,59,5,Mobile,Debit Card,Kids,17.9,66,0,2,1,0,0,1
CUST100613,45,Female,South India,Premium,801.8,46,1,Smart TV,Credit Card,Comedy,17.5,58,1,3,1,1,1,0
CUST100614,63,Male,East India,Standard,500.87,58,1,Smart TV,UPI,Comedy,8.1,47,1,1,1,0,1,1
CUST100615,55,Female,West India,Basic,164.5,36,5,Mobile,Credit Card,Comedy,17.6,57,1,4,1,1,1,0
CUST100616,49,Female,East India,Premium,790.78,4,1,Laptop,UPI,Romance,13.2,41,1,2,0,0,0,0
CUST100617,24,Male,South India,Standard,478.26,24,4,Smart TV,Net Banking,Kids,9.2,9,3,3,1,0,0,1
CUST100618,15,Female,West India,Standard,478.47,60,1,Smart TV,UPI,Thriller,5.7,15,3,1,0,0,1,1
CUST100619,13,Female,East India,Premium,801.5,14,2,Mobile,Debit Card,Action,8.9,48,1,3,0,1,0,0
CUST100620,45,Male,South India,Standard,490.59,25,3,Smart TV,Credit Card,Thriller,14.5,81,1,4,0,0,0,1
CUST100621,52,Male,Central India,Basic,193.54,7,1,Laptop,Debit Card,Thriller,7.7,53,4,3,0,0,0,0
CUST100622,22,Female,East India,Premium,785.58,15,1,Smart TV,UPI,Romance,11.6,61,0,3,1,1,1,1
CUST100623,55,Female,South India,Standard,519.69,44,2,Smart TV,UPI,Action,6.9,65,0,3,1,1,0,1
CUST100624,56,Male,Central India,Basic,199.6,46,2,Laptop,UPI,Documentary,15.4,88,5,2,1,1,0,0
CUST100625,41,Male,South India,Basic,176.15,13,1,Mobile,UPI,Comedy,4.8,88,1,4,1,1,0,1
CUST100626,25,Female,North India,Standard,508.66,19,4,Mobile,UPI,Kids,23.6,42,1,1,1,1,0,0
CUST100627,24,Female,South India,Basic,193.86,12,1,Mobile,Credit Card,Documentary,11.4,46,3,2,1,1,0,0
CUST100628,43,Female,West India,Basic,216.9,48,4,Smart TV,Gift Card,Comedy,6.0,18,0,2,0,0,0,0
CUST100629,58,Male,West India,Standard,498.88,26,3,Laptop,Debit Card,Documentary,6.9,16,2,2,0,1,0,1
CUST100630,14,Female,West India,Premium,788.56,48,5,Smart TV,Net Banking,Comedy,3.9,85,1,2,1,0,0,0
CUST100631,63,Male,West India,Standard,490.87,33,3,Mobile,Net Banking,Action,16.2,81,2,4,0,0,1,0
CUST100632,62,Male,North India,Premium,792.96,15,1,Mobile,Debit Card,Romance,11.9,25,1,2,0,0,0,0
CUST100633,47,Male,North India,Premium,806.35,37,1,Mobile,Credit Card,Action,12.0,78,0,1,0,0,1,0
CUST100634,35,Female,North India,Standard,487.22,6,4,Mobile,Debit Card,Kids,12.5,60,3,2,1,0,0,1
CUST100635,29,Female,Central India,Basic,217.66,59,2,Smart TV,UPI,Action,5.7,28,4,1,0,1,1,0
CUST100636,38,Female,East India,Premium,804.53,25,4,Mobile,Gift Card,Drama,8.3,61,0,1,1,1,1,0
CUST100637,20,Male,West India,Standard,502.37,53,2,Smart TV,Debit Card,Kids,0.0,70,0,3,0,1,0,0
CUST100638,41,Female,East India,Basic,200.1,17,2,Tablet,Credit Card,Kids,21.7,81,1,4,0,0,0,1
CUST100639,38,Male,West India,Basic,198.7,43,2,Mobile,UPI,Comedy,1.9,74,0,2,0,1,1,0
CUST100640,22,Male,West India,Premium,779.96,59,2,Laptop,Debit Card,Romance,6.5,7,2,4,0,0,0,0
CUST100641,38,Male,West India,Basic,203.39,36,1,Smart TV,Debit Card,Action,8.7,51,0,2,1,1,0,1
CUST100642,46,Male,North India,Basic,227.89,50,5,Laptop,UPI,Documentary,11.4,60,0,1,0,1,0,1
CUST100643,63,Male,Central India,Standard,509.38,52,5,Mobile,Credit Card,Drama,10.5,39,0,1,0,1,1,0
CUST100644,53,Male,West India,Premium,805.58,46,3,Tablet,Gift Card,Kids,12.8,24,1,4,0,1,0,0
CUST100645,19,Female,West India,Standard,475.98,55,3,Tablet,Gift Card,Drama,22.0,77,0,4,0,1,0,0
CUST100646,16,Male,West India,Basic,215.29,9,3,Tablet,UPI,Kids,12.4,9,0,2,0,0,0,1
CUST100647,65,Female,South India,Basic,211.04,28,4,Laptop,Net Banking,Action,3.5,79,0,4,1,0,0,0
CUST100648,62,Male,West India,Standard,516.51,35,3,Mobile,Credit Card,Thriller,19.3,51,2,4,0,1,0,1
CUST100649,57,Female,North India,Basic,185.44,3,3,Mobile,Net Banking,Action,18.7,28,2,4,0,1,0,0
CUST100650,23,Female,North India,Standard,493.0,11,3,Tablet,Net Banking,Kids,11.9,57,1,2,0,0,0,1
CUST100651,41,Female,East India,Basic,176.71,20,1,Mobile,Net Banking,Romance,13.5,50,1,1,0,1,0,0
CUST100652,68,Female,North India,Premium,775.45,23,3,Mobile,Credit Card,Romance,5.9,69,3,2,0,0,0,1
CUST100653,48,Male,East India,Standard,490.35,54,5,Mobile,Net Banking,Thriller,16.2,7,3,1,1,1,0,0
CUST100654,37,Male,Central India,Basic,206.02,30,1,Smart TV,UPI,Action,4.9,21,1,2,0,1,1,1
CUST100655,33,Male,South India,Premium,792.75,37,2,Smart TV,Debit Card,Comedy,6.0,43,2,4,0,1,0,0
CUST100656,69,Male,North India,Basic,188.96,36,4,Tablet,UPI,Documentary,14.3,36,1,3,1,1,0,0
CUST100657,48,Female,West India,Basic,204.09,44,1,Laptop,Debit Card,Kids,16.0,62,2,4,1,0,1,0
CUST100658,22,Female,Central India,Premium,750.37,56,1,Smart TV,Gift Card,Kids,4.6,86,2,2,1,1,0,1
CUST100659,49,Female,West India,Basic,190.86,12,5,Smart TV,Net Banking,Romance,7.6,2,0,4,1,0,1,0
CUST100660,21,Male,East India,Standard,504.07,36,3,Smart TV,Gift Card,Thriller,7.9,44,0,2,0,1,1,1
CUST100661,36,Female,East India,Basic,192.95,35,2,Mobile,Gift Card,Thriller,16.4,89,1,2,0,0,0,1
CUST100662,47,Male,South India,Basic,218.49,55,5,Laptop,Credit Card,Romance,7.8,34,2,4,1,1,1,1
CUST100663,61,Female,Central India,Basic,189.08,34,5,Smart TV,Net Banking,Drama,8.1,37,0,1,1,1,0,0
CUST100664,47,Female,East India,Standard,490.12,4,1,Smart TV,Gift Card,Thriller,18.0,65,0,3,0,1,1,0
CUST100665,60,Female,West India,Standard,484.21,24,2,Mobile,Debit Card,Comedy,1.5,83,1,4,0,1,0,0
CUST100666,48,Female,North India,Basic,187.63,36,5,Smart TV,Debit Card,Documentary,6.3,81,2,1,0,1,0,1
CUST100667,30,Female,North India,Basic,203.16,58,4,Mobile,Credit Card,Thriller,0.0,40,1,2,1,1,0,0
CUST100668,61,Male,Central India,Premium,811.12,28,4,Mobile,Gift Card,Drama,0.0,77,1,2,0,0,1,1
CUST100669,51,Female,Central India,Premium,831.32,39,5,Laptop,Gift Card,Kids,6.3,15,5,3,0,0,0,0
CUST100670,44,Male,East India,Standard,507.66,2,1,Mobile,Gift Card,Documentary,0.0,49,0,4,1,0,0,0
CUST100671,36,Male,North India,Premium,781.33,43,4,Smart TV,Credit Card,Thriller,2.6,35,1,2,1,0,0,1
CUST100672,35,Male,South India,Standard,517.62,5,1,Laptop,Net Banking,Comedy,0.0,46,0,1,0,0,0,1
CUST100673,44,Male,South India,Basic,206.31,28,3,Laptop,Gift Card,Comedy,8.1,60,1,2,0,1,0,1
CUST100674,49,Male,South India,Basic,199.43,13,3,Laptop,Gift Card,Documentary,14.0,81,0,3,1,0,0,1
CUST100675,24,Male,South India,Basic,215.01,36,1,Laptop,UPI,Drama,9.7,70,4,2,0,1,0,0
CUST100676,61,Male,East India,Premium,834.52,9,5,Mobile,Debit Card,Comedy,15.6,10,2,4,0,1,0,0
CUST100677,67,Male,West India,Standard,496.17,39,3,Tablet,Net Banking,Action,2.1,14,1,4,0,1,0,0
CUST100678,25,Female,South India,Standard,486.51,30,3,Mobile,Net Banking,Action,20.5,45,1,3,0,1,1,0
CUST100679,35,Female,East India,Basic,218.91,57,4,Mobile,Net Banking,Thriller,9.4,75,1,3,1,1,0,1
CUST100680,37,Male,South India,Standard,538.84,27,5,Mobile,Gift Card,Comedy,2.6,62,1,1,0,0,0,0
CUST100681,47,Male,South India,Premium,801.17,13,1,Tablet,UPI,Action,9.4,88,0,4,1,1,0,0
CUST100682,53,Male,West India,Premium,799.46,42,3,Smart TV,Net Banking,Thriller,12.3,65,1,4,0,1,0,0
CUST100683,42,Female,South India,Basic,201.58,39,5,Mobile,Credit Card,Thriller,14.8,10,1,1,1,1,0,0
CUST100684,29,Female,East India,Standard,505.74,50,3,Mobile,Credit Card,Thriller,17.7,32,0,3,0,1,0,0
CUST100685,61,Male,East India,Basic,177.87,28,4,Mobile,Debit Card,Drama,10.6,11,0,4,1,1,1,1
CUST100686,32,Male,North India,Standard,503.59,18,5,Smart TV,UPI,Thriller,9.6,3,2,1,0,1,1,0
CUST100687,60,Female,Central India,Standard,503.1,34,2,Mobile,Net Banking,Drama,12.1,50,2,1,1,0,0,1
CUST100688,37,Female,South India,Basic,202.24,21,4,Smart TV,UPI,Action,17.6,83,0,4,0,1,1,0
CUST100689,34,Male,South India,Premium,801.51,1,1,Laptop,Credit Card,Thriller,5.6,89,3,4,1,1,0,0
CUST100690,25,Male,East India,Basic,200.44,45,5,Smart TV,Net Banking,Action,4.9,2,1,3,0,1,0,1
CUST100691,31,Male,South India,Premium,767.48,23,3,Laptop,Gift Card,Comedy,9.4,60,0,3,0,1,1,0
CUST100692,61,Male,East India,Basic,188.18,34,5,Mobile,Credit Card,Drama,16.7,42,1,2,0,1,0,1
CUST100693,48,Female,North India,Standard,511.84,36,1,Mobile,Debit Card,Romance,6.8,1,1,1,0,0,0,0
CUST100694,24,Female,South India,Premium,815.36,9,5,Laptop,Net Banking,Romance,14.4,71,1,2,0,1,0,1
CUST100695,53,Male,North India,Basic,192.66,8,3,Laptop,Debit Card,Action,12.5,88,1,3,0,0,0,0
CUST100696,31,Male,North India,Standard,484.65,58,4,Smart TV,UPI,Thriller,7.4,46,2,4,0,1,0,1
CUST100697,24,Male,Central India,Standard,509.75,50,4,Laptop,Debit Card,Action,6.4,87,1,1,1,1,1,1
CUST100698,21,Female,East India,Basic,203.09,30,3,Smart TV,Debit Card,Thriller,12.1,18,0,3,0,1,0,0
CUST100699,19,Male,North India,Standard,497.17,48,2,Mobile,Gift Card,Documentary,3.0,0,4,2,1,1,0,1
CUST100700,40,Male,East India,Standard,511.93,36,2,Smart TV,Debit Card,Kids,18.1,65,0,2,0,0,0,0
CUST100701,26,Male,Central India,Premium,781.32,36,4,Mobile,Gift Card,Drama,19.1,11,1,1,1,0,0,0
CUST100702,43,Female,East India,Premium,816.41,18,1,Smart TV,Debit Card,Comedy,9.0,42,3,4,1,0,0,0
CUST100703,64,Male,Central India,Standard,476.47,2,5,Mobile,Gift Card,Action,21.7,54,1,2,0,1,0,0
CUST100704,31,Female,South India,Standard,486.62,53,3,Mobile,Credit Card,Romance,11.5,40,1,1,0,1,0,1
CUST100705,59,Male,Central India,Premium,783.39,11,1,Laptop,Gift Card,Kids,7.0,62,2,2,1,1,0,1
CUST100706,28,Male,Central India,Standard,490.26,52,5,Mobile,Credit Card,Action,7.7,61,0,2,1,0,1,1
CUST100707,65,Male,Central India,Basic,203.59,56,4,Mobile,Credit Card,Documentary,8.8,56,3,2,1,1,0,0
CUST100708,17,Female,West India,Standard,509.18,36,3,Tablet,Net Banking,Thriller,6.8,89,1,1,1,1,0,1
CUST100709,47,Male,North India,Premium,797.78,31,1,Smart TV,Credit Card,Comedy,5.0,19,2,4,0,0,1,0
CUST100710,24,Male,East India,Standard,479.84,31,5,Smart TV,Net Banking,Thriller,16.5,13,6,4,0,0,1,0
CUST100711,37,Female,East India,Standard,468.99,24,4,Laptop,Gift Card,Thriller,8.8,36,2,3,0,1,0,1
CUST100712,64,Female,West India,Basic,211.7,46,4,Smart TV,UPI,Action,0.0,71,0,1,1,1,1,0
CUST100713,33,Female,South India,Premium,809.84,21,5,Mobile,Net Banking,Action,24.7,62,1,3,0,1,0,1
CUST100714,48,Male,North India,Standard,515.06,32,2,Smart TV,UPI,Action,13.9,4,1,1,1,0,0,1
CUST100715,65,Female,North India,Standard,497.01,49,2,Laptop,Gift Card,Kids,0.0,42,1,4,0,1,0,1
CUST100716,35,Male,North India,Basic,209.02,30,5,Laptop,Net Banking,Drama,1.3,83,0,1,0,1,1,1
CUST100717,28,Female,North India,Basic,189.41,57,5,Mobile,Gift Card,Drama,0.0,70,1,3,0,1,0,1
CUST100718,69,Female,West India,Premium,806.21,8,5,Mobile,UPI,Action,10.6,50,0,2,0,1,0,0
CUST100719,51,Female,East India,Premium,791.8,33,4,Mobile,Gift Card,Thriller,12.7,68,2,2,1,1,1,0
CUST100720,57,Male,South India,Basic,186.79,60,3,Smart TV,UPI,Comedy,11.5,40,2,3,0,1,1,1
CUST100721,65,Male,South India,Basic,202.48,51,4,Mobile,Credit Card,Comedy,7.0,86,2,2,1,1,0,1
CUST100722,54,Male,South India,Standard,501.7,51,4,Laptop,UPI,Thriller,6.4,61,1,4,0,1,0,1
CUST100723,51,Male,West India,Basic,212.67,53,2,Tablet,UPI,Kids,11.0,22,0,2,0,0,0,0
CUST100724,26,Male,West India,Basic,179.73,39,5,Smart TV,Credit Card,Romance,6.3,86,0,2,1,0,1,1
CUST100725,43,Male,Central India,Premium,812.91,1,4,Tablet,Net Banking,Documentary,10.3,16,0,2,0,0,0,0
CUST100726,17,Male,West India,Premium,800.95,33,4,Mobile,Debit Card,Thriller,14.7,40,1,2,0,0,0,1
CUST100727,47,Male,North India,Basic,215.02,42,5,Laptop,Net Banking,Comedy,6.2,18,0,4,0,1,0,0
CUST100728,35,Male,East India,Standard,514.86,13,3,Smart TV,Debit Card,Documentary,18.3,28,0,2,0,1,0,0
CUST100729,41,Female,South India,Basic,162.5,22,2,Mobile,Credit Card,Kids,1.8,3,2,3,1,0,0,0
CUST100730,55,Female,West India,Basic,214.73,5,1,Mobile,Net Banking,Kids,7.3,68,2,2,0,1,0,1
CUST100731,23,Male,East India,Basic,215.4,12,4,Smart TV,Gift Card,Documentary,10.0,73,1,1,1,1,0,0
CUST100732,30,Male,North India,Standard,480.13,60,3,Laptop,Gift Card,Comedy,2.0,13,2,2,1,1,1,0
CUST100733,59,Male,West India,Basic,175.57,29,1,Laptop,Net Banking,Documentary,11.0,36,0,1,0,1,0,0
CUST100734,24,Male,West India,Standard,510.62,3,5,Smart TV,Gift Card,Kids,12.5,41,1,1,0,1,1,1
CUST100735,21,Female,East India,Basic,200.7,51,1,Laptop,Credit Card,Drama,2.4,55,1,1,0,1,0,1
CUST100736,22,Female,North India,Basic,189.36,36,5,Mobile,Gift Card,Action,5.8,3,1,1,1,0,0,1
CUST100737,56,Male,West India,Basic,220.58,47,3,Laptop,Gift Card,Kids,6.0,5,0,2,0,0,0,1
CUST100738,29,Female,East India,Premium,803.54,45,1,Smart TV,Debit Card,Kids,0.6,10,0,1,0,0,0,0
CUST100739,50,Female,North India,Standard,467.71,11,2,Mobile,Debit Card,Documentary,11.5,86,2,4,0,1,0,0
CUST100740,19,Male,West India,Premium,783.74,26,3,Tablet,UPI,Documentary,8.7,19,1,1,0,1,0,0
CUST100741,58,Male,West India,Standard,514.64,2,1,Smart TV,Credit Card,Drama,4.5,81,1,3,1,0,1,1
CUST100742,25,Male,South India,Basic,199.54,29,4,Laptop,Gift Card,Drama,8.2,13,2,3,0,1,0,0
CUST100743,52,Male,Central India,Standard,488.2,41,1,Smart TV,Credit Card,Thriller,9.8,0,1,1,0,1,0,0
CUST100744,54,Female,North India,Basic,205.79,29,1,Tablet,Credit Card,Romance,0.0,62,2,2,0,0,1,1
CUST100745,21,Male,East India,Standard,489.88,44,2,Mobile,Debit Card,Comedy,9.7,86,2,4,1,0,0,1
CUST100746,62,Female,South India,Basic,180.29,36,3,Smart TV,Gift Card,Thriller,5.3,13,1,2,0,1,1,1
CUST100747,39,Male,West India,Basic,214.25,58,4,Mobile,UPI,Kids,0.0,70,2,4,0,1,0,1
CUST100748,14,Female,East India,Standard,516.51,19,3,Mobile,Net Banking,Comedy,14.1,48,0,2,0,1,1,1
CUST100749,17,Male,South India,Standard,506.22,10,3,Mobile,UPI,Romance,5.3,5,3,3,0,0,0,1
CUST100750,41,Male,South India,Premium,775.98,11,4,Smart TV,Debit Card,Drama,19.9,47,1,2,1,1,1,0
CUST100751,49,Female,Central India,Standard,526.75,7,4,Laptop,UPI,Action,10.3,60,3,4,0,0,1,1
CUST100752,50,Female,South India,Standard,526.24,13,2,Smart TV,Debit Card,Comedy,10.1,22,0,2,0,1,0,1
CUST100753,31,Female,North India,Basic,218.1,41,5,Smart TV,Debit Card,Comedy,13.2,39,2,3,1,1,0,1
CUST100754,20,Male,Central India,Premium,803.56,44,2,Tablet,Credit Card,Drama,20.7,76,3,4,0,0,0,0
CUST100755,60,Female,Central India,Standard,500.37,2,4,Laptop,Gift Card,Documentary,6.4,56,0,3,0,1,1,1
CUST100756,57,Female,West India,Standard,505.56,30,1,Mobile,Net Banking,Thriller,17.2,21,0,3,1,0,1,1
CUST100757,13,Female,West India,Basic,181.88,22,1,Mobile,Debit Card,Action,7.7,17,2,4,1,1,0,1
CUST100758,34,Female,North India,Standard,490.83,53,3,Mobile,Debit Card,Kids,8.1,32,1,3,1,1,1,0
CUST100759,64,Female,East India,Basic,190.21,1,3,Mobile,Credit Card,Romance,9.3,74,0,2,1,0,1,1
CUST100760,29,Female,North India,Standard,508.11,27,5,Mobile,Net Banking,Comedy,8.7,6,2,2,0,1,1,0
CUST100761,19,Female,Central India,Premium,802.71,7,5,Laptop,Debit Card,Documentary,8.1,39,2,1,0,1,0,0
CUST100762,37,Female,West India,Premium,784.63,1,5,Mobile,Gift Card,Drama,1.1,64,3,2,0,1,1,0
CUST100763,57,Female,North India,Standard,475.11,58,5,Mobile,Gift Card,Comedy,9.6,38,0,4,1,0,0,1
CUST100764,16,Male,West India,Premium,804.33,25,1,Mobile,Credit Card,Documentary,8.0,61,0,1,0,1,0,0
CUST100765,48,Male,North India,Basic,183.05,48,4,Smart TV,Debit Card,Kids,16.5,48,1,3,0,1,0,1
CUST100766,18,Female,North India,Premium,780.17,4,5,Laptop,Net Banking,Thriller,9.6,88,2,1,0,1,0,0
CUST100767,43,Male,South India,Standard,530.45,30,2,Tablet,Credit Card,Drama,0.0,33,0,1,0,1,0,1
CUST100768,31,Male,North India,Standard,533.65,8,5,Smart TV,Credit Card,Documentary,7.5,89,0,1,0,0,0,1
CUST100769,56,Female,West India,Premium,792.26,49,1,Smart TV,UPI,Romance,13.3,58,0,3,1,1,1,1
CUST100770,66,Female,North India,Premium,771.65,21,3,Smart TV,Credit Card,Documentary,0.8,78,0,2,0,1,0,1
CUST100771,51,Female,East India,Basic,217.16,51,2,Smart TV,UPI,Comedy,0.0,28,2,1,0,1,0,1
CUST100772,39,Female,South India,Premium,804.04,4,5,Smart TV,UPI,Kids,13.0,24,0,2,0,0,1,0
CUST100773,22,Female,North India,Basic,210.55,60,1,Laptop,Debit Card,Kids,15.7,59,1,3,0,1,1,1
CUST100774,38,Female,East India,Premium,789.48,4,3,Smart TV,Gift Card,Romance,14.2,69,2,4,1,0,1,0
CUST100775,31,Male,West India,Standard,483.43,8,5,Tablet,Net Banking,Thriller,16.1,26,1,2,1,1,0,0
CUST100776,51,Female,East India,Basic,195.41,42,1,Mobile,Credit Card,Kids,3.9,67,2,1,1,1,0,0
CUST100777,15,Male,South India,Standard,501.61,26,1,Smart TV,Debit Card,Romance,11.5,67,3,2,0,1,1,0
CUST100778,57,Female,West India,Standard,488.03,29,4,Mobile,Net Banking,Romance,12.2,42,0,3,0,1,0,0
CUST100779,25,Female,North India,Standard,518.45,16,1,Laptop,Credit Card,Drama,16.8,36,0,3,1,1,1,0
CUST100780,62,Male,North India,Basic,172.94,19,5,Mobile,Gift Card,Drama,16.0,49,2,4,1,0,0,1
CUST100781,40,Female,East India,Basic,205.14,1,1,Smart TV,Gift Card,Thriller,14.3,27,3,4,1,1,0,0
CUST100782,32,Female,North India,Premium,800.89,37,2,Smart TV,UPI,Action,6.4,35,0,2,0,0,1,1
CUST100783,40,Male,West India,Basic,217.28,34,1,Smart TV,UPI,Comedy,0.0,84,0,1,0,0,1,1
CUST100784,20,Female,West India,Standard,484.61,29,1,Smart TV,Net Banking,Romance,0.0,66,3,1,1,1,0,0
CUST100785,53,Male,North India,Standard,509.59,27,2,Smart TV,Credit Card,Documentary,13.2,59,1,2,0,1,0,0
CUST100786,51,Female,East India,Basic,206.16,48,5,Laptop,UPI,Romance,15.0,16,0,4,1,1,1,0
CUST100787,13,Female,North India,Standard,502.66,45,3,Smart TV,Debit Card,Comedy,5.6,61,3,1,0,1,1,0
CUST100788,15,Male,Central India,Standard,485.7,30,4,Laptop,UPI,Romance,14.0,88,3,3,0,0,0,0
CUST100789,25,Female,North India,Standard,487.4,6,3,Laptop,Net Banking,Thriller,13.1,46,3,3,0,1,0,0
CUST100790,40,Male,South India,Standard,494.56,36,5,Mobile,Debit Card,Documentary,3.5,48,1,4,0,0,0,1
CUST100791,69,Male,North India,Standard,491.46,57,5,Smart TV,Gift Card,Action,16.8,87,2,3,1,0,0,1
CUST100792,61,Male,Central India,Basic,217.9,39,2,Mobile,Debit Card,Kids,11.9,22,1,1,1,1,0,0
CUST100793,37,Female,South India,Premium,801.03,2,3,Mobile,Net Banking,Thriller,0.0,75,2,4,0,1,0,1
CUST100794,68,Female,East India,Basic,210.92,55,1,Smart TV,Gift Card,Comedy,7.2,87,0,1,1,0,0,1
CUST100795,45,Male,South India,Premium,777.23,42,2,Laptop,Credit Card,Documentary,16.0,80,2,1,0,1,0,0
CUST100796,50,Female,West India,Standard,471.37,14,2,Mobile,Net Banking,Drama,5.4,68,1,4,0,1,1,1
CUST100797,65,Female,Central India,Premium,796.33,8,4,Smart TV,UPI,Documentary,16.3,73,1,1,0,1,1,1
CUST100798,18,Female,West India,Standard,479.83,3,2,Mobile,Net Banking,Documentary,17.2,60,2,4,0,1,0,1
CUST100799,56,Male,West India,Basic,199.6,35,3,Tablet,Net Banking,Thriller,5.4,78,2,1,1,1,0,1
CUST100800,57,Female,South India,Premium,786.35,27,5,Smart TV,Net Banking,Action,3.7,77,1,4,0,0,0,0
CUST100801,44,Male,South India,Basic,203.59,34,4,Laptop,Gift Card,Documentary,13.9,38,0,4,0,1,0,0
CUST100802,57,Female,West India,Basic,187.26,28,1,Smart TV,Net Banking,Kids,13.0,79,3,3,1,0,1,0
CUST100803,59,Female,East India,Basic,207.42,31,3,Mobile,Credit Card,Documentary,13.4,22,2,3,1,1,0,1
CUST100804,33,Male,North India,Premium,785.79,17,1,Tablet,Net Banking,Romance,9.1,48,0,1,1,0,0,1
CUST100805,28,Female,North India,Standard,471.04,19,2,Smart TV,UPI,Romance,18.6,63,1,4,0,0,1,0
CUST100806,66,Male,Central India,Standard,511.79,42,3,Smart TV,Debit Card,Action,15.4,22,2,4,1,0,0,0
CUST100807,33,Female,South India,Standard,487.47,44,4,Smart TV,Gift Card,Action,7.4,15,1,4,0,0,0,1
CUST100808,23,Male,North India,Standard,519.59,59,4,Laptop,UPI,Kids,14.2,32,0,1,0,1,1,1
CUST100809,49,Female,East India,Premium,789.38,55,1,Mobile,Credit Card,Documentary,10.9,50,2,2,0,1,0,0
CUST100810,48,Female,Central India,Standard,486.66,11,5,Mobile,Net Banking,Drama,1.3,49,2,3,1,1,0,1
CUST100811,47,Female,South India,Premium,794.74,9,4,Laptop,Gift Card,Drama,0.9,79,1,3,0,1,0,1
CUST100812,31,Male,North India,Basic,190.59,30,1,Mobile,Gift Card,Drama,9.8,65,2,2,1,1,0,1
CUST100813,32,Male,West India,Basic,200.89,57,5,Smart TV,Gift Card,Thriller,6.6,29,0,2,0,1,0,0
CUST100814,69,Male,East India,Standard,505.04,45,3,Smart TV,UPI,Thriller,3.8,34,3,2,0,1,1,0
CUST100815,30,Female,East India,Standard,507.31,6,4,Mobile,Debit Card,Drama,7.5,58,1,3,0,0,1,0
CUST100816,59,Male,South India,Standard,497.71,14,4,Smart TV,Debit Card,Drama,13.4,26,2,3,0,1,1,0
CUST100817,53,Male,East India,Standard,476.49,31,1,Laptop,Credit Card,Drama,11.8,35,2,3,1,1,1,0
CUST100818,61,Male,South India,Basic,224.85,54,4,Smart TV,UPI,Action,9.9,29,2,1,1,1,0,0
CUST100819,26,Male,East India,Standard,493.46,11,1,Mobile,UPI,Romance,0.2,53,3,4,1,0,1,1
CUST100820,27,Male,North India,Standard,492.68,5,4,Mobile,UPI,Comedy,0.0,35,2,3,0,1,1,0
CUST100821,43,Male,South India,Basic,197.67,31,1,Tablet,Net Banking,Thriller,18.0,60,2,3,0,1,1,0
CUST100822,13,Male,East India,Standard,495.08,2,4,Mobile,UPI,Romance,9.6,32,1,1,1,0,1,0
CUST100823,65,Male,North India,Basic,172.76,39,3,Mobile,UPI,Thriller,14.9,64,2,1,1,1,0,0
CUST100824,66,Male,North India,Standard,507.62,17,3,Tablet,Gift Card,Thriller,10.8,1,0,2,1,1,0,0
CUST100825,66,Male,North India,Basic,186.69,38,1,Laptop,Gift Card,Comedy,5.5,11,1,1,0,1,1,0
CUST100826,15,Female,South India,Premium,794.14,46,3,Laptop,Gift Card,Documentary,7.6,78,1,4,0,0,0,0
CUST100827,28,Female,South India,Standard,525.39,36,1,Mobile,UPI,Thriller,17.0,70,1,3,0,1,0,0
CUST100828,35,Male,East India,Basic,213.17,3,1,Mobile,UPI,Documentary,13.5,2,1,3,0,0,0,0
CUST100829,69,Female,West India,Standard,523.18,43,2,Mobile,Gift Card,Action,5.4,6,1,4,0,1,1,1
CUST100830,23,Female,West India,Premium,788.84,29,3,Smart TV,Credit Card,Romance,15.4,44,1,4,0,0,0,1
CUST100831,24,Male,Central India,Standard,509.95,33,2,Mobile,Credit Card,Drama,5.4,6,0,2,0,1,0,1
CUST100832,22,Male,West India,Premium,805.05,14,2,Mobile,Debit Card,Drama,12.4,59,0,1,0,1,1,1
CUST100833,44,Male,West India,Basic,198.18,38,4,Mobile,Net Banking,Action,0.1,15,0,3,0,0,0,1
CUST100834,28,Female,East India,Premium,787.74,29,1,Laptop,Net Banking,Drama,8.8,60,2,3,0,0,0,0
CUST100835,20,Male,South India,Standard,515.27,23,5,Laptop,Debit Card,Action,11.5,58,0,3,0,1,0,0
CUST100836,50,Female,West India,Basic,191.29,59,2,Smart TV,Gift Card,Drama,6.6,27,0,4,0,1,1,1
CUST100837,24,Male,Central India,Standard,501.04,17,4,Mobile,Gift Card,Action,14.6,66,1,3,0,1,0,1
CUST100838,36,Female,East India,Premium,812.7,59,3,Laptop,UPI,Action,2.8,35,2,4,0,1,0,0
CUST100839,40,Female,North India,Premium,784.35,49,5,Smart TV,Net Banking,Drama,14.5,47,2,4,0,0,0,0
CUST100840,65,Male,North India,Standard,482.67,55,1,Smart TV,UPI,Documentary,12.0,23,1,1,1,1,0,0
CUST100841,20,Male,Central India,Basic,236.74,11,4,Tablet,UPI,Thriller,5.4,61,0,2,0,0,0,0
CUST100842,40,Female,South India,Standard,486.1,28,5,Mobile,Net Banking,Thriller,0.2,21,2,1,0,0,0,0
CUST100843,48,Female,North India,Basic,223.25,54,1,Smart TV,Gift Card,Romance,19.5,69,2,4,0,0,0,0
CUST100844,38,Male,South India,Basic,198.2,7,1,Laptop,Credit Card,Comedy,9.8,72,1,2,0,1,0,0
CUST100845,20,Male,West India,Standard,492.61,45,5,Mobile,Gift Card,Kids,6.7,75,1,2,0,1,0,0
CUST100846,62,Female,West India,Premium,794.1,40,4,Mobile,Gift Card,Kids,7.6,14,1,1,0,1,0,1
CUST100847,40,Male,West India,Standard,498.07,8,5,Tablet,UPI,Comedy,4.1,69,1,3,0,1,0,0
CUST100848,40,Female,North India,Basic,219.07,41,2,Mobile,UPI,Drama,13.9,45,1,3,1,0,0,1
CUST100849,49,Male,North India,Standard,510.34,29,1,Smart TV,UPI,Thriller,10.8,56,1,2,0,0,1,0
CUST100850,53,Male,South India,Premium,795.83,25,3,Laptop,Net Banking,Kids,1.6,14,0,4,1,1,0,1
CUST100851,48,Male,South India,Standard,471.01,7,5,Mobile,Net Banking,Comedy,10.3,75,0,4,0,0,0,1
CUST100852,39,Female,Central India,Standard,499.31,57,5,Smart TV,Debit Card,Thriller,2.1,13,2,4,1,1,0,0
CUST100853,66,Male,West India,Premium,800.99,22,1,Mobile,UPI,Romance,14.7,65,0,4,0,1,1,0
CUST100854,29,Female,East India,Premium,817.88,9,1,Mobile,Net Banking,Action,5.4,81,1,2,1,1,0,0
CUST100855,21,Male,East India,Basic,176.95,11,5,Laptop,Debit Card,Documentary,17.0,61,2,1,0,1,0,1
CUST100856,45,Female,West India,Basic,191.6,34,3,Laptop,UPI,Action,18.8,26,0,2,0,0,1,0
CUST100857,65,Female,Central India,Premium,791.12,27,1,Mobile,UPI,Comedy,7.7,43,1,3,0,0,0,1
CUST100858,32,Male,South India,Standard,498.16,50,1,Mobile,Credit Card,Comedy,5.4,80,1,2,0,1,0,0
CUST100859,25,Female,North India,Basic,200.37,22,2,Smart TV,Net Banking,Drama,1.1,43,2,1,0,1,0,0
CUST100860,40,Female,Central India,Standard,505.58,3,4,Mobile,Debit Card,Documentary,0.0,24,1,3,1,1,0,0
CUST100861,60,Female,Central India,Standard,470.58,50,2,Smart TV,UPI,Kids,1.0,42,0,2,1,0,0,1
CUST100862,41,Female,West India,Premium,801.59,48,3,Mobile,Net Banking,Romance,6.8,69,0,2,1,1,0,1
CUST100863,25,Male,South India,Basic,202.68,40,4,Laptop,Debit Card,Romance,0.0,61,2,3,0,1,1,1
CUST100864,58,Male,East India,Standard,500.13,55,5,Mobile,Credit Card,Documentary,14.4,61,1,1,0,1,0,1
CUST100865,47,Male,East India,Premium,796.34,8,3,Laptop,Debit Card,Thriller,12.9,24,0,1,0,1,1,0
CUST100866,18,Female,East India,Standard,447.7,6,3,Smart TV,UPI,Drama,12.9,15,2,2,1,1,1,0
CUST100867,30,Female,Central India,Basic,207.52,57,2,Laptop,Gift Card,Documentary,17.0,7,1,4,0,1,0,0
CUST100868,63,Male,North India,Premium,784.4,25,4,Laptop,Gift Card,Comedy,3.0,27,0,4,0,0,1,0
CUST100869,17,Male,South India,Standard,508.21,2,3,Mobile,Credit Card,Action,3.4,70,2,3,0,1,0,1
CUST100870,59,Female,North India,Standard,517.75,16,4,Smart TV,UPI,Action,16.8,57,2,4,0,1,0,0
CUST100871,37,Male,East India,Standard,473.86,58,5,Smart TV,UPI,Romance,6.6,29,0,2,1,0,0,0
CUST100872,14,Male,North India,Basic,207.75,53,4,Smart TV,Net Banking,Kids,12.4,2,2,1,1,1,0,0
CUST100873,22,Female,Central India,Premium,780.47,41,2,Smart TV,Gift Card,Documentary,0.0,44,1,4,1,0,0,1
CUST100874,68,Male,West India,Standard,498.36,51,2,Mobile,Net Banking,Action,16.4,58,1,2,1,0,0,1
CUST100875,42,Female,North India,Standard,497.11,21,3,Mobile,UPI,Comedy,12.1,68,1,3,0,1,0,0
CUST100876,62,Male,North India,Basic,210.35,15,4,Smart TV,Credit Card,Romance,1.0,55,3,4,0,1,1,1
CUST100877,57,Female,North India,Standard,508.12,56,2,Mobile,Gift Card,Thriller,18.8,3,0,3,1,0,0,0
CUST100878,17,Female,East India,Premium,802.93,34,1,Tablet,Net Banking,Comedy,10.9,24,1,4,0,0,0,0
CUST100879,67,Female,North India,Premium,774.35,47,2,Smart TV,Credit Card,Romance,21.6,72,2,4,0,0,1,0
CUST100880,68,Female,South India,Premium,761.28,54,5,Smart TV,UPI,Documentary,0.0,46,0,3,1,0,0,1
CUST100881,45,Female,Central India,Standard,512.68,43,1,Mobile,Debit Card,Romance,12.1,40,0,1,0,1,0,1
CUST100882,66,Male,South India,Standard,510.2,20,4,Smart TV,Debit Card,Kids,6.4,4,1,3,0,0,1,1
CUST100883,13,Male,South India,Standard,484.04,44,3,Mobile,Gift Card,Romance,8.2,38,1,1,0,1,1,1
CUST100884,30,Male,East India,Premium,804.21,31,1,Smart TV,Credit Card,Comedy,10.9,69,0,2,1,0,1,0
CUST100885,44,Female,North India,Standard,495.86,15,2,Mobile,Net Banking,Comedy,0.0,71,1,4,0,1,0,1
CUST100886,59,Male,Central India,Standard,515.3,48,3,Smart TV,Credit Card,Action,22.6,26,1,2,0,0,1,1
CUST100887,61,Female,Central India,Basic,200.25,28,3,Smart TV,Gift Card,Kids,20.4,23,2,1,1,0,1,0
CUST100888,23,Female,Central India,Basic,212.51,6,3,Smart TV,UPI,Thriller,11.3,50,1,4,0,1,0,0
CUST100889,33,Male,North India,Standard,489.8,3,3,Mobile,Credit Card,Kids,2.1,26,1,1,0,1,1,0
CUST100890,38,Female,Central India,Premium,803.28,38,4,Mobile,Gift Card,Drama,8.3,39,1,1,0,0,0,1
CUST100891,37,Male,Central India,Basic,192.81,23,4,Mobile,Gift Card,Documentary,11.4,14,1,4,0,1,1,0
CUST100892,34,Female,West India,Basic,189.72,58,4,Smart TV,Net Banking,Documentary,5.9,45,0,4,0,0,0,0
CUST100893,39,Female,West India,Basic,164.05,3,2,Mobile,UPI,Comedy,15.2,71,1,2,0,0,0,1
CUST100894,61,Male,Central India,Premium,812.85,53,4,Mobile,Credit Card,Action,10.9,30,0,2,0,1,1,1
CUST100895,25,Female,South India,Standard,525.25,45,3,Mobile,Gift Card,Action,9.6,71,0,2,1,1,0,0
CUST100896,45,Male,North India,Basic,178.18,44,1,Laptop,UPI,Documentary,14.7,38,2,2,1,0,0,1
CUST100897,46,Female,South India,Standard,509.4,8,1,Smart TV,Net Banking,Kids,0.0,87,1,4,0,0,0,1
CUST100898,53,Male,South India,Standard,508.78,2,1,Tablet,Gift Card,Drama,5.2,37,2,1,0,1,0,0
CUST100899,47,Female,North India,Standard,491.28,7,1,Smart TV,Net Banking,Drama,9.3,1,1,1,0,1,0,1
CUST100900,13,Male,North India,Standard,487.94,17,1,Mobile,UPI,Thriller,5.5,31,0,4,1,0,0,1
CUST100901,33,Male,East India,Basic,216.71,7,5,Smart TV,Net Banking,Comedy,1.5,47,0,3,1,0,0,1
CUST100902,60,Female,East India,Standard,515.13,33,1,Smart TV,Credit Card,Documentary,3.0,54,1,2,1,1,1,0
CUST100903,67,Male,East India,Basic,205.77,36,1,Smart TV,Net Banking,Kids,10.0,70,0,2,0,1,1,0
CUST100904,18,Female,Central India,Basic,191.2,47,1,Tablet,Debit Card,Drama,11.6,86,1,1,0,1,0,1
CUST100905,40,Female,Central India,Standard,515.34,4,2,Smart TV,Debit Card,Romance,23.8,45,0,2,1,1,0,0
CUST100906,29,Male,Central India,Basic,186.45,44,5,Smart TV,Debit Card,Drama,16.5,31,0,3,1,1,0,0
CUST100907,17,Male,East India,Standard,520.31,16,1,Laptop,Debit Card,Action,3.4,44,3,4,0,0,0,0
CUST100908,43,Male,North India,Basic,223.48,21,4,Laptop,Credit Card,Thriller,17.4,48,2,1,0,0,0,1
CUST100909,17,Male,Central India,Basic,216.72,18,2,Smart TV,Gift Card,Documentary,10.3,11,0,3,0,1,0,1
CUST100910,50,Male,North India,Premium,804.14,46,5,Mobile,Debit Card,Thriller,9.1,37,0,4,0,1,0,1
CUST100911,15,Female,East India,Standard,460.79,46,4,Tablet,Debit Card,Drama,5.9,1,0,3,1,1,1,1
CUST100912,65,Male,North India,Standard,496.23,28,4,Mobile,Gift Card,Thriller,0.5,70,0,2,0,1,1,1
CUST100913,35,Female,Central India,Premium,825.47,43,2,Mobile,Debit Card,Romance,10.1,39,2,2,1,1,0,1
CUST100914,49,Male,North India,Standard,513.06,60,4,Tablet,Gift Card,Drama,2.3,61,1,2,0,1,0,0
CUST100915,65,Male,East India,Premium,805.53,16,3,Laptop,Debit Card,Kids,8.2,7,0,2,0,1,0,1
CUST100916,49,Male,Central India,Standard,488.79,47,2,Mobile,Gift Card,Action,17.0,18,3,1,1,1,0,0
CUST100917,22,Female,Central India,Basic,214.37,22,2,Mobile,Gift Card,Kids,16.2,61,0,1,1,1,0,0
CUST100918,22,Male,East India,Basic,175.41,6,3,Laptop,UPI,Comedy,8.5,53,4,3,1,1,1,0
CUST100919,31,Female,South India,Standard,496.44,30,2,Mobile,Net Banking,Romance,16.0,36,1,2,0,1,0,1
CUST100920,29,Female,West India,Basic,225.1,56,4,Mobile,Gift Card,Documentary,11.6,72,3,1,0,0,1,0
CUST100921,33,Female,East India,Basic,186.93,45,4,Tablet,Debit Card,Comedy,19.0,14,2,1,0,0,1,0
CUST100922,26,Male,North India,Basic,208.14,58,4,Smart TV,Credit Card,Thriller,2.9,24,0,1,1,1,1,0
CUST100923,21,Female,South India,Basic,172.64,28,3,Laptop,Gift Card,Drama,9.3,63,1,1,0,1,0,1
CUST100924,58,Male,East India,Basic,189.22,17,4,Laptop,Debit Card,Comedy,7.1,11,5,3,0,1,1,1
CUST100925,13,Female,West India,Basic,201.69,36,3,Laptop,Gift Card,Action,12.4,66,1,1,0,1,0,0
CUST100926,63,Male,Central India,Basic,204.3,12,3,Tablet,UPI,Romance,12.1,74,2,2,0,1,0,1
CUST100927,57,Female,West India,Basic,230.01,50,3,Smart TV,Credit Card,Kids,9.9,87,3,3,1,0,0,1
CUST100928,25,Male,West India,Standard,491.44,59,2,Laptop,Credit Card,Thriller,23.4,8,3,1,0,1,1,1
CUST100929,16,Male,East India,Basic,207.92,40,5,Laptop,Debit Card,Thriller,3.0,20,0,4,0,1,0,1
CUST100930,13,Male,Central India,Premium,807.5,12,3,Tablet,Net Banking,Romance,4.8,31,0,1,1,1,1,1
CUST100931,61,Female,Central India,Premium,790.17,36,4,Laptop,UPI,Comedy,15.8,5,0,2,0,1,0,0
CUST100932,52,Female,West India,Standard,513.34,40,3,Laptop,Net Banking,Thriller,12.3,83,1,3,0,1,0,0
CUST100933,44,Male,East India,Standard,509.02,29,1,Mobile,Credit Card,Documentary,4.8,15,1,4,1,1,1,1
CUST100934,46,Female,Central India,Standard,494.9,2,2,Mobile,Credit Card,Comedy,17.8,50,0,4,1,1,1,0
CUST100935,40,Female,Central India,Basic,201.92,29,4,Mobile,Net Banking,Comedy,10.3,85,1,1,1,1,0,0
CUST100936,43,Female,North India,Premium,784.61,30,2,Mobile,Gift Card,Kids,10.4,42,3,4,0,0,0,1
CUST100937,20,Female,West India,Basic,185.72,36,2,Mobile,Net Banking,Action,6.4,86,1,4,0,1,0,1
CUST100938,51,Female,South India,Premium,798.68,44,1,Mobile,Net Banking,Romance,12.7,32,3,3,1,1,1,1
CUST100939,38,Female,West India,Standard,510.21,25,3,Tablet,Gift Card,Thriller,2.9,6,0,3,1,1,0,1
CUST100940,46,Female,East India,Basic,194.0,21,4,Mobile,Gift Card,Action,5.2,11,1,2,1,1,0,1
CUST100941,66,Male,Central India,Standard,489.75,22,5,Smart TV,Gift Card,Thriller,15.3,18,0,3,0,1,0,1
CUST100942,66,Male,Central India,Standard,495.54,10,2,Laptop,UPI,Comedy,0.0,46,0,1,1,0,0,1
CUST100943,15,Female,North India,Basic,211.43,31,5,Mobile,Credit Card,Romance,6.4,63,0,2,0,1,0,0
CUST100944,62,Male,Central India,Standard,478.72,47,5,Mobile,Credit Card,Thriller,13.4,77,1,2,1,0,0,1
CUST100945,24,Male,Central India,Standard,511.92,60,3,Mobile,Gift Card,Romance,18.7,24,2,1,0,1,0,0
CUST100946,13,Male,South India,Standard,506.68,9,5,Mobile,Gift Card,Romance,10.9,70,1,3,0,0,1,1
CUST100947,66,Female,West India,Basic,178.65,41,4,Tablet,UPI,Action,14.9,58,0,2,0,1,0,1
CUST100948,56,Female,Central India,Basic,195.47,39,3,Laptop,UPI,Romance,13.8,19,0,4,0,0,0,0
CUST100949,17,Female,East India,Premium,808.54,59,5,Laptop,Debit Card,Comedy,5.8,52,2,3,1,1,0,0
CUST100950,42,Female,South India,Standard,470.34,34,3,Laptop,Net Banking,Kids,7.6,36,0,4,0,1,1,0
CUST100951,42,Female,South India,Standard,483.47,39,4,Mobile,Credit Card,Thriller,10.6,37,2,4,0,1,1,1
CUST100952,69,Male,North India,Premium,776.16,41,2,Laptop,Credit Card,Action,21.9,20,1,4,1,1,0,0
CUST100953,29,Female,East India,Basic,190.33,50,1,Laptop,UPI,Romance,12.3,63,0,1,1,1,1,0
CUST100954,60,Male,South India,Standard,514.57,23,3,Tablet,Net Banking,Kids,9.2,83,2,2,0,0,1,1
CUST100955,59,Female,West India,Premium,810.97,12,1,Mobile,UPI,Thriller,2.0,46,0,1,0,0,0,1
CUST100956,35,Male,East India,Premium,791.42,7,2,Smart TV,Debit Card,Kids,7.6,48,2,1,0,0,0,1
CUST100957,27,Female,West India,Basic,214.43,32,4,Mobile,Debit Card,Action,7.7,81,0,2,0,0,0,0
CUST100958,49,Female,North India,Basic,208.95,19,2,Mobile,Debit Card,Documentary,14.0,49,2,4,0,0,0,1
CUST100959,33,Female,North India,Standard,518.13,22,1,Smart TV,UPI,Action,6.4,1,0,2,1,0,0,0
CUST100960,26,Female,Central India,Basic,197.67,56,4,Mobile,Net Banking,Drama,10.5,73,2,4,1,1,1,0
CUST100961,14,Female,West India,Premium,807.09,16,5,Smart TV,Gift Card,Romance,11.1,48,0,4,1,0,0,0
CUST100962,23,Female,West India,Basic,249.58,58,5,Smart TV,Credit Card,Thriller,11.2,59,1,1,1,0,0,0
CUST100963,63,Male,North India,Basic,194.36,8,3,Mobile,Gift Card,Drama,6.1,8,0,2,0,1,0,0
CUST100964,51,Female,West India,Basic,198.03,30,5,Mobile,Net Banking,Documentary,6.8,21,2,4,0,0,0,0
CUST100965,50,Male,East India,Standard,496.62,51,1,Tablet,UPI,Action,11.9,22,2,1,1,0,0,1
CUST100966,46,Female,Central India,Premium,797.64,6,5,Laptop,UPI,Kids,6.4,53,2,2,0,0,1,1
CUST100967,50,Male,Central India,Standard,507.37,2,3,Smart TV,UPI,Comedy,0.0,51,3,2,0,0,0,1
CUST100968,62,Male,East India,Premium,799.87,34,4,Laptop,Debit Card,Comedy,11.1,41,2,1,0,1,0,0
CUST100969,46,Male,South India,Basic,178.53,29,5,Mobile,Debit Card,Kids,0.0,49,1,3,0,0,1,1
CUST100970,30,Male,West India,Basic,199.27,40,3,Mobile,Debit Card,Action,9.0,68,1,2,1,0,1,0
CUST100971,42,Male,South India,Premium,791.11,59,5,Mobile,Gift Card,Documentary,3.6,50,4,3,1,1,1,1
CUST100972,27,Male,South India,Premium,773.07,42,5,Smart TV,Credit Card,Kids,8.3,80,2,4,1,1,1,1
CUST100973,39,Female,West India,Premium,816.18,53,1,Smart TV,UPI,Romance,20.2,7,3,2,0,1,0,0
CUST100974,63,Male,North India,Premium,791.02,53,3,Mobile,UPI,Action,13.7,38,2,3,0,0,0,0
CUST100975,46,Female,West India,Standard,504.75,43,3,Mobile,Gift Card,Kids,6.5,22,1,4,1,1,0,0
CUST100976,64,Female,North India,Basic,151.69,52,2,Laptop,Credit Card,Comedy,1.9,76,0,3,0,1,0,1
CUST100977,69,Male,East India,Premium,806.48,59,2,Smart TV,Credit Card,Comedy,0.0,56,3,1,0,1,0,1
CUST100978,50,Male,North India,Basic,194.3,58,3,Tablet,Gift Card,Comedy,1.8,41,3,4,1,1,0,1
CUST100979,45,Female,South India,Standard,475.68,20,1,Mobile,UPI,Romance,4.5,17,0,2,0,0,1,0
CUST100980,36,Male,South India,Standard,490.72,56,5,Smart TV,Net Banking,Action,2.6,49,0,3,1,0,0,1
CUST100981,27,Male,South India,Basic,188.71,3,4,Laptop,Net Banking,Documentary,12.4,89,2,3,0,1,0,1
CUST100982,42,Male,North India,Premium,810.26,59,5,Laptop,Credit Card,Documentary,9.4,79,0,3,1,1,0,1
CUST100983,67,Male,South India,Basic,200.36,48,4,Mobile,Credit Card,Romance,19.4,60,2,1,1,1,0,0
CUST100984,54,Male,Central India,Premium,776.16,35,1,Mobile,UPI,Documentary,3.5,45,2,3,1,1,0,0
CUST100985,63,Male,West India,Standard,505.58,8,2,Mobile,Credit Card,Romance,7.8,37,1,2,1,1,1,0
CUST100986,29,Male,South India,Standard,467.94,51,3,Smart TV,Gift Card,Kids,0.0,42,0,1,1,1,1,1
CUST100987,17,Female,North India,Standard,482.12,12,1,Smart TV,Net Banking,Romance,10.2,49,1,1,0,1,0,1
CUST100988,41,Male,South India,Basic,199.22,50,4,Smart TV,Net Banking,Comedy,0.0,72,4,1,1,1,0,0
CUST100989,16,Female,North India,Standard,489.64,45,3,Mobile,Credit Card,Thriller,3.1,37,1,2,0,1,0,1
CUST100990,22,Female,West India,Standard,516.88,43,4,Mobile,Gift Card,Kids,9.5,5,1,1,0,0,0,0
CUST100991,68,Female,North India,Standard,501.54,32,5,Mobile,Credit Card,Action,0.0,4,3,2,1,0,0,1
CUST100992,29,Female,West India,Basic,208.39,29,5,Laptop,Credit Card,Romance,5.7,73,2,3,1,1,0,0
CUST100993,22,Male,South India,Basic,209.0,45,5,Laptop,Gift Card,Comedy,6.8,86,1,1,1,0,0,0
CUST100994,29,Female,Central India,Basic,192.35,21,3,Smart TV,Gift Card,Documentary,15.0,69,1,4,0,0,1,0
CUST100995,32,Female,South India,Standard,483.02,59,2,Smart TV,Debit Card,Action,13.1,12,2,1,1,1,0,1
CUST100996,36,Female,West India,Basic,198.25,3,2,Mobile,Net Banking,Kids,9.6,8,0,4,0,0,0,1
CUST100997,17,Female,East India,Premium,812.01,38,4,Smart TV,Credit Card,Documentary,5.2,37,0,2,0,1,0,0
CUST100998,46,Female,East India,Standard,495.51,27,2,Mobile,UPI,Drama,8.2,31,0,4,1,1,0,1
CUST100999,18,Male,East India,Premium,807.86,55,2,Laptop,Credit Card,Comedy,14.0,15,4,3,0,1,0,1
CUST101000,65,Male,South India,Premium,798.59,3,4,Smart TV,Credit Card,Romance,11.7,80,1,4,0,1,1,1
CUST101001,14,Female,North India,Basic,175.7,57,4,Mobile,UPI,Documentary,18.2,31,2,2,0,1,1,1
CUST101002,25,Male,Central India,Premium,776.98,58,4,Mobile,Net Banking,Drama,9.7,3,1,1,1,0,0,1
CUST101003,55,Male,Central India,Standard,522.44,1,3,Mobile,Debit Card,Documentary,11.1,54,0,1,0,1,0,0
CUST101004,55,Female,South India,Premium,781.49,46,4,Mobile,Gift Card,Comedy,2.9,11,1,3,1,1,0,1
CUST101005,60,Female,West India,Premium,789.44,55,3,Tablet,Debit Card,Thriller,8.3,50,1,1,0,1,1,1
CUST101006,23,Female,South India,Basic,212.76,20,3,Smart TV,Credit Card,Documentary,10.8,27,0,1,0,1,1,1
CUST101007,63,Male,East India,Standard,481.11,7,3,Smart TV,Credit Card,Documentary,9.3,5,0,1,1,1,0,0
CUST101008,59,Female,West India,Standard,488.75,57,4,Smart TV,UPI,Kids,20.4,3,1,4,0,1,0,0
CUST101009,69,Male,Central India,Standard,495.83,41,2,Smart TV,UPI,Drama,2.0,7,1,3,0,1,0,0
CUST101010,35,Male,South India,Basic,193.87,1,2,Mobile,Credit Card,Comedy,7.7,28,1,4,0,1,0,0
CUST101011,67,Male,North India,Basic,184.44,10,4,Mobile,Debit Card,Documentary,19.4,26,2,4,0,1,0,1
CUST101012,28,Female,North India,Standard,496.1,45,2,Smart TV,Debit Card,Kids,14.2,60,3,3,1,1,0,1
CUST101013,43,Male,Central India,Standard,509.19,12,4,Laptop,Net Banking,Kids,11.0,59,0,4,1,1,0,0
CUST101014,23,Female,West India,Premium,797.16,4,3,Tablet,Credit Card,Action,2.3,85,2,4,0,1,0,1
CUST101015,66,Female,East India,Premium,789.12,7,5,Mobile,Gift Card,Romance,11.0,61,1,1,0,0,1,1
CUST101016,28,Female,North India,Standard,513.19,10,1,Mobile,Gift Card,Kids,8.6,49,1,1,0,0,0,1
CUST101017,20,Female,North India,Basic,224.6,22,4,Laptop,Debit Card,Comedy,16.5,63,1,3,1,1,0,1
CUST101018,16,Female,South India,Basic,213.33,25,3,Smart TV,UPI,Drama,10.6,45,0,4,1,1,0,0
CUST101019,52,Male,Central India,Standard,482.15,29,5,Tablet,UPI,Drama,19.4,46,0,4,1,1,0,1
CUST101020,16,Male,North India,Premium,782.55,39,3,Smart TV,Debit Card,Romance,21.8,2,2,1,0,1,0,0
CUST101021,68,Male,South India,Standard,505.55,15,1,Smart TV,Net Banking,Drama,11.9,8,1,1,1,1,1,0
CUST101022,37,Male,West India,Standard,501.57,19,2,Mobile,Credit Card,Comedy,12.4,89,0,4,0,0,0,1
CUST101023,15,Male,North India,Premium,780.63,39,2,Mobile,Gift Card,Kids,9.1,11,0,4,0,1,0,1
CUST101024,44,Female,Central India,Premium,803.3,58,3,Mobile,Debit Card,Comedy,0.4,10,2,1,1,1,0,0
CUST101025,15,Female,South India,Basic,200.48,46,1,Mobile,UPI,Documentary,0.6,75,2,2,0,0,0,1
CUST101026,39,Male,West India,Basic,221.17,53,3,Smart TV,Credit Card,Drama,15.5,25,1,2,0,1,0,1
CUST101027,41,Male,South India,Basic,192.47,46,2,Laptop,Gift Card,Kids,18.4,56,0,4,0,0,0,0
CUST101028,44,Male,East India,Standard,519.8,18,3,Mobile,Net Banking,Drama,6.7,82,4,2,1,1,0,1
CUST101029,62,Female,Central India,Premium,820.46,42,5,Mobile,Debit Card,Kids,8.2,79,1,3,0,1,1,0
CUST101030,63,Female,Central India,Basic,188.9,3,1,Tablet,Credit Card,Kids,8.3,29,1,2,0,0,1,1
CUST101031,31,Female,North India,Basic,204.31,6,2,Mobile,Gift Card,Comedy,5.2,59,0,4,1,0,1,0
CUST101032,33,Male,South India,Premium,795.83,22,3,Smart TV,Net Banking,Comedy,23.4,4,5,2,0,0,0,0
CUST101033,17,Male,West India,Standard,495.21,55,1,Laptop,UPI,Action,7.8,63,0,4,0,1,1,0
CUST101034,30,Male,North India,Premium,802.69,54,3,Mobile,Credit Card,Drama,16.8,36,3,4,0,0,0,0
CUST101035,40,Male,Central India,Standard,487.15,41,2,Laptop,Debit Card,Kids,0.0,8,2,3,0,1,0,1
CUST101036,54,Female,South India,Standard,475.07,46,1,Smart TV,Gift Card,Comedy,17.3,30,3,1,0,0,0,0
CUST101037,34,Male,West India,Basic,191.02,53,2,Mobile,UPI,Comedy,22.5,65,2,2,0,0,0,0
CUST101038,33,Male,Central India,Basic,216.71,31,5,Laptop,UPI,Documentary,12.0,79,1,3,1,0,0,0
CUST101039,18,Male,West India,Standard,495.95,21,5,Smart TV,Gift Card,Drama,14.4,85,1,4,0,1,0,0
CUST101040,13,Female,South India,Standard,498.65,56,4,Smart TV,Gift Card,Romance,15.9,87,2,2,1,1,0,0
CUST101041,17,Female,West India,Basic,210.89,8,1,Smart TV,Gift Card,Action,13.4,41,1,2,0,1,0,1
CUST101042,53,Male,North India,Premium,775.04,1,5,Mobile,Credit Card,Comedy,9.0,79,1,2,0,1,1,0
CUST101043,24,Female,North India,Basic,205.59,3,4,Mobile,Debit Card,Romance,5.2,19,0,1,0,0,1,1
CUST101044,38,Female,South India,Standard,524.05,29,1,Mobile,UPI,Documentary,14.6,76,0,2,0,1,0,0
CUST101045,58,Female,Central India,Basic,200.37,54,2,Mobile,Net Banking,Kids,2.8,45,2,2,0,1,0,0
CUST101046,46,Female,East India,Premium,770.16,6,3,Mobile,Gift Card,Documentary,14.1,62,3,1,0,0,0,0
CUST101047,61,Female,East India,Basic,197.85,33,3,Mobile,Debit Card,Romance,3.9,16,2,2,0,1,1,0
CUST101048,26,Male,East India,Premium,808.15,18,2,Mobile,Net Banking,Thriller,3.3,20,1,4,0,1,0,0
CUST101049,38,Male,Central India,Basic,200.68,42,5,Mobile,Credit Card,Kids,0.0,19,1,2,0,0,0,0
CUST101050,57,Male,North India,Standard,503.09,55,3,Smart TV,UPI,Kids,6.9,49,1,3,1,1,1,0
CUST101051,39,Female,North India,Standard,504.89,49,2,Mobile,Debit Card,Kids,16.4,86,3,2,1,0,1,0
CUST101052,21,Female,North India,Basic,185.02,58,4,Smart TV,Debit Card,Drama,13.9,15,1,3,0,0,1,1
CUST101053,38,Female,South India,Basic,186.89,53,4,Smart TV,UPI,Documentary,7.3,86,3,2,0,0,1,0
CUST101054,69,Female,North India,Premium,793.46,1,2,Laptop,UPI,Action,4.8,10,1,3,1,0,0,0
CUST101055,59,Male,North India,Premium,804.89,22,1,Smart TV,Gift Card,Drama,20.0,66,2,4,1,1,1,0
CUST101056,69,Male,North India,Basic,181.16,31,5,Tablet,UPI,Action,0.0,57,1,3,0,1,0,1
CUST101057,34,Male,East India,Basic,229.85,23,5,Smart TV,Debit Card,Kids,9.9,17,1,1,0,1,0,0
CUST101058,59,Male,West India,Basic,162.65,8,2,Mobile,Gift Card,Documentary,3.3,48,0,1,1,1,0,0
CUST101059,68,Male,North India,Basic,173.4,29,3,Mobile,UPI,Drama,10.9,26,3,4,1,1,0,0
CUST101060,42,Male,West India,Premium,807.31,44,5,Smart TV,Net Banking,Documentary,10.8,25,1,2,1,0,0,0
CUST101061,55,Female,North India,Standard,506.01,51,5,Smart TV,Net Banking,Documentary,15.9,57,1,1,0,0,1,0
CUST101062,60,Female,East India,Standard,497.91,46,4,Smart TV,UPI,Documentary,17.3,82,1,3,0,1,0,1
CUST101063,29,Male,East India,Premium,809.14,19,4,Smart TV,Debit Card,Kids,0.0,8,1,2,0,1,1,1
CUST101064,38,Female,West India,Standard,507.52,59,4,Mobile,Gift Card,Comedy,5.4,7,0,4,1,1,0,1
CUST101065,48,Male,East India,Standard,499.0,49,5,Tablet,Gift Card,Kids,10.5,83,1,4,1,1,0,0
CUST101066,13,Male,South India,Basic,203.02,60,5,Smart TV,Gift Card,Comedy,16.6,23,2,3,0,1,1,0
CUST101067,20,Female,Central India,Standard,451.89,16,5,Smart TV,Credit Card,Romance,13.5,84,3,1,0,0,0,1
CUST101068,61,Male,Central India,Standard,497.0,19,3,Tablet,UPI,Action,2.7,44,0,1,0,0,0,0
CUST101069,47,Male,North India,Basic,198.28,37,3,Laptop,Credit Card,Romance,11.3,59,0,3,0,0,1,0
CUST101070,64,Male,East India,Basic,227.69,22,3,Smart TV,Credit Card,Romance,14.9,9,2,1,0,1,1,0
CUST101071,27,Female,Central India,Basic,186.61,19,1,Laptop,Net Banking,Romance,4.6,11,1,4,0,1,0,1
CUST101072,59,Female,West India,Basic,198.46,4,5,Smart TV,Gift Card,Comedy,5.6,58,0,4,0,1,0,1
CUST101073,68,Female,West India,Standard,520.35,5,5,Smart TV,Credit Card,Action,6.6,81,3,4,1,1,1,1
CUST101074,34,Female,West India,Standard,507.4,5,2,Laptop,Debit Card,Comedy,5.8,22,0,1,1,1,1,1
CUST101075,26,Male,North India,Standard,499.38,25,2,Mobile,UPI,Kids,8.7,60,1,3,1,1,0,1
CUST101076,38,Female,Central India,Basic,213.43,24,1,Smart TV,Debit Card,Documentary,9.9,37,0,1,0,1,1,1
CUST101077,40,Female,Central India,Standard,487.11,1,2,Mobile,Gift Card,Romance,9.9,54,2,2,0,0,0,1
CUST101078,35,Female,Central India,Basic,224.88,50,3,Laptop,Net Banking,Romance,12.8,52,3,4,1,0,0,0
CUST101079,26,Male,West India,Standard,508.64,28,1,Mobile,Debit Card,Comedy,8.0,10,2,1,0,1,1,1
CUST101080,36,Female,West India,Premium,774.61,47,1,Smart TV,Debit Card,Thriller,3.7,76,1,2,0,1,0,0
CUST101081,14,Female,North India,Basic,189.92,21,1,Mobile,Credit Card,Kids,4.3,57,1,1,1,0,1,0
CUST101082,57,Male,South India,Premium,766.64,60,4,Mobile,Debit Card,Documentary,13.0,38,1,4,0,0,1,0
CUST101083,38,Male,Central India,Premium,810.94,19,2,Tablet,Net Banking,Thriller,5.4,15,0,1,1,1,0,0
CUST101084,26,Male,North India,Basic,207.45,23,5,Mobile,Debit Card,Documentary,12.3,29,2,3,1,1,1,1
CUST101085,68,Male,West India,Basic,192.1,14,4,Mobile,Debit Card,Kids,12.9,12,1,1,0,0,0,1
CUST101086,63,Female,South India,Premium,817.01,59,3,Mobile,Gift Card,Kids,16.3,53,1,2,1,1,0,0
CUST101087,19,Male,East India,Basic,197.75,6,4,Smart TV,Net Banking,Comedy,4.5,17,1,4,0,1,0,0
CUST101088,15,Female,South India,Premium,838.35,32,3,Laptop,Debit Card,Drama,5.0,49,1,1,1,0,0,1
CUST101089,59,Female,North India,Standard,481.01,50,5,Laptop,Gift Card,Action,15.2,28,1,2,0,0,0,1
CUST101090,35,Female,South India,Basic,208.63,32,5,Mobile,UPI,Documentary,0.0,82,2,2,0,1,1,1
CUST101091,58,Female,West India,Basic,193.04,8,2,Smart TV,Debit Card,Drama,13.7,3,1,4,1,1,0,0
CUST101092,55,Female,South India,Standard,488.84,37,4,Smart TV,Debit Card,Drama,16.3,62,4,1,1,0,1,1
CUST101093,59,Male,West India,Standard,496.4,22,5,Smart TV,Gift Card,Comedy,0.0,36,2,1,1,1,0,1
CUST101094,57,Female,South India,Standard,504.51,8,3,Laptop,Gift Card,Documentary,10.8,35,0,3,1,0,0,0
CUST101095,30,Female,North India,Premium,799.87,38,5,Laptop,Gift Card,Romance,7.0,19,0,4,1,1,0,0
CUST101096,50,Female,East India,Premium,809.17,10,2,Mobile,Debit Card,Drama,19.0,77,1,4,0,1,1,0
CUST101097,47,Male,Central India,Basic,208.1,3,3,Mobile,Credit Card,Action,20.2,18,2,2,0,1,1,0
CUST101098,63,Female,South India,Premium,820.77,13,1,Laptop,Credit Card,Thriller,24.6,38,1,2,1,0,1,0
CUST101099,27,Female,East India,Premium,780.98,39,2,Smart TV,Gift Card,Romance,18.9,6,0,4,1,0,0,0
CUST101100,37,Male,South India,Premium,775.64,30,2,Smart TV,Credit Card,Comedy,18.8,26,0,2,0,1,0,1
CUST101101,67,Female,East India,Standard,497.98,4,1,Smart TV,UPI,Kids,25.9,29,2,3,0,0,1,0
CUST101102,49,Female,West India,Premium,787.1,45,5,Mobile,Credit Card,Comedy,10.9,76,1,2,1,1,0,1
CUST101103,40,Male,East India,Standard,512.11,6,2,Smart TV,Credit Card,Romance,13.8,35,1,2,0,0,0,1
CUST101104,22,Female,Central India,Basic,182.98,16,1,Mobile,Debit Card,Comedy,19.5,23,1,2,1,1,0,0
CUST101105,51,Female,East India,Premium,790.76,22,1,Smart TV,Credit Card,Action,9.5,63,3,2,1,1,1,0
CUST101106,69,Female,Central India,Basic,194.01,27,2,Mobile,Gift Card,Kids,5.5,24,0,3,0,1,0,1
CUST101107,29,Female,Central India,Basic,225.48,21,4,Laptop,Debit Card,Comedy,6.4,85,2,2,1,1,1,1
CUST101108,51,Female,East India,Premium,830.61,29,2,Laptop,Credit Card,Action,8.2,10,2,2,1,1,1,1
CUST101109,34,Male,Central India,Basic,181.88,1,4,Smart TV,UPI,Kids,9.8,64,0,1,0,1,0,1
CUST101110,38,Male,Central India,Premium,766.06,30,5,Mobile,Debit Card,Drama,6.1,37,2,1,0,1,1,1
CUST101111,56,Male,West India,Standard,490.39,24,1,Mobile,Debit Card,Documentary,0.0,88,2,3,0,0,1,1
CUST101112,37,Female,North India,Basic,198.45,13,3,Mobile,Debit Card,Drama,17.6,15,0,4,1,1,0,1
CUST101113,29,Female,West India,Standard,498.38,30,2,Mobile,Credit Card,Documentary,23.8,46,1,2,0,1,0,0
CUST101114,25,Female,North India,Premium,797.74,26,3,Mobile,Gift Card,Romance,1.4,8,1,4,1,1,1,1
CUST101115,32,Male,North India,Standard,511.24,34,5,Laptop,Net Banking,Comedy,2.7,20,1,2,0,0,0,0
CUST101116,37,Female,West India,Premium,792.96,20,2,Tablet,Net Banking,Drama,6.0,13,0,3,1,1,1,0
CUST101117,16,Female,Central India,Premium,802.2,60,3,Mobile,Net Banking,Action,2.5,20,0,2,0,1,0,1
CUST101118,22,Female,West India,Basic,208.67,51,5,Mobile,Credit Card,Romance,7.4,41,1,1,1,0,0,1
CUST101119,15,Male,Central India,Basic,202.29,6,4,Laptop,UPI,Comedy,10.0,20,1,2,1,1,0,0
CUST101120,53,Male,West India,Premium,809.14,43,5,Smart TV,Debit Card,Drama,13.1,65,5,3,1,1,0,1
CUST101121,57,Female,West India,Standard,473.38,49,2,Smart TV,Debit Card,Drama,7.9,18,0,4,1,0,0,1
CUST101122,30,Female,South India,Basic,200.72,9,2,Tablet,Gift Card,Action,18.9,19,1,1,1,1,0,0
CUST101123,59,Female,East India,Premium,802.45,37,2,Smart TV,Debit Card,Action,4.1,2,1,3,1,0,0,1
CUST101124,48,Male,West India,Premium,796.52,37,5,Smart TV,Gift Card,Drama,6.5,34,2,3,0,1,0,1
CUST101125,59,Male,East India,Standard,490.04,16,2,Smart TV,Credit Card,Kids,24.0,82,1,3,0,1,0,1
CUST101126,34,Male,Central India,Standard,505.92,4,5,Mobile,Net Banking,Action,11.5,14,1,3,0,0,1,0
CUST101127,46,Female,South India,Standard,500.84,32,1,Smart TV,Gift Card,Romance,12.8,17,3,1,1,1,0,1
CUST101128,59,Male,South India,Standard,498.21,20,1,Mobile,Gift Card,Thriller,5.1,21,0,2,0,1,0,0
CUST101129,20,Female,North India,Premium,794.07,29,1,Smart TV,Debit Card,Kids,11.1,56,1,4,0,1,1,0
CUST101130,52,Female,East India,Premium,794.66,31,3,Mobile,Credit Card,Kids,10.4,58,1,2,0,0,1,1
CUST101131,61,Male,South India,Standard,487.52,45,1,Mobile,Net Banking,Romance,10.7,58,1,3,0,0,1,0
CUST101132,56,Female,Central India,Premium,791.87,17,1,Mobile,Credit Card,Thriller,12.1,16,1,1,1,1,0,1
CUST101133,31,Male,North India,Premium,784.91,41,5,Mobile,Net Banking,Action,17.8,10,0,1,1,1,0,1
CUST101134,54,Female,South India,Basic,193.19,25,5,Mobile,UPI,Drama,2.4,1,3,4,1,1,0,1
CUST101135,53,Female,Central India,Basic,204.46,45,2,Laptop,Credit Card,Action,13.5,9,1,2,1,1,1,1
CUST101136,49,Male,East India,Premium,811.3,16,2,Smart TV,UPI,Romance,11.5,85,1,3,0,1,1,1
CUST101137,18,Female,Central India,Basic,198.23,20,2,Laptop,Net Banking,Action,14.2,16,1,3,1,0,1,0
CUST101138,64,Female,Central India,Basic,197.82,42,5,Laptop,Gift Card,Documentary,15.8,89,1,4,0,1,0,1
CUST101139,38,Female,Central India,Basic,201.16,10,5,Mobile,UPI,Thriller,8.7,46,1,3,1,1,0,0
CUST101140,46,Female,West India,Standard,513.75,52,1,Smart TV,Net Banking,Comedy,8.8,66,1,1,1,1,0,0
CUST101141,68,Female,South India,Basic,195.63,60,4,Laptop,Net Banking,Comedy,13.9,37,1,2,0,0,0,1
CUST101142,57,Female,Central India,Basic,205.94,48,5,Smart TV,UPI,Comedy,5.1,50,0,3,1,0,0,0
CUST101143,18,Female,North India,Premium,804.56,23,4,Laptop,Credit Card,Romance,9.1,21,4,2,1,0,0,1
CUST101144,49,Female,West India,Standard,489.65,52,5,Smart TV,Gift Card,Action,10.7,83,1,1,0,1,0,0
CUST101145,69,Male,Central India,Standard,509.6,33,5,Smart TV,Net Banking,Comedy,16.3,58,3,3,1,1,0,1
CUST101146,45,Male,Central India,Basic,167.92,43,3,Laptop,Credit Card,Documentary,10.8,78,0,2,1,0,0,1
CUST101147,65,Female,South India,Standard,514.93,13,4,Mobile,Net Banking,Action,11.1,9,0,3,1,0,1,1
CUST101148,34,Female,West India,Standard,481.09,25,3,Smart TV,Net Banking,Drama,8.7,32,2,3,1,0,0,0
CUST101149,33,Male,Central India,Standard,496.91,50,1,Mobile,Net Banking,Drama,11.8,86,1,1,1,0,0,0
CUST101150,18,Female,Central India,Basic,211.43,37,3,Mobile,Credit Card,Action,11.1,5,1,3,0,1,1,0
CUST101151,18,Male,East India,Standard,492.59,36,3,Mobile,Debit Card,Kids,6.1,30,2,1,1,1,0,0
CUST101152,67,Male,North India,Premium,802.51,24,1,Smart TV,Gift Card,Thriller,13.8,25,1,1,0,0,1,0
CUST101153,60,Male,North India,Standard,511.68,6,4,Laptop,Gift Card,Thriller,2.1,12,2,3,0,1,0,1
CUST101154,16,Female,South India,Standard,526.72,15,2,Mobile,Debit Card,Drama,10.6,15,1,2,1,1,0,0
CUST101155,42,Female,West India,Standard,498.77,55,5,Laptop,Net Banking,Comedy,20.7,35,2,1,0,1,0,0
CUST101156,23,Female,Central India,Standard,501.7,34,4,Mobile,Debit Card,Romance,1.3,86,0,1,0,0,1,0
CUST101157,42,Male,West India,Premium,799.61,4,1,Mobile,UPI,Documentary,4.1,75,0,1,0,0,0,1
CUST101158,43,Male,South India,Basic,195.68,14,3,Tablet,UPI,Action,17.2,35,2,3,1,1,1,0
CUST101159,36,Male,East India,Standard,478.81,4,2,Mobile,Credit Card,Romance,14.9,44,2,2,1,0,0,1
CUST101160,67,Female,South India,Premium,782.19,28,3,Mobile,Credit Card,Documentary,4.1,24,0,2,0,0,0,0
CUST101161,21,Male,North India,Premium,798.79,29,5,Mobile,UPI,Documentary,2.8,23,4,2,1,1,0,1
CUST101162,67,Male,East India,Basic,204.12,18,1,Mobile,Debit Card,Kids,0.0,18,1,3,0,0,0,1
CUST101163,15,Female,Central India,Basic,217.92,58,2,Mobile,Credit Card,Documentary,0.0,64,4,4,1,0,0,1
CUST101164,63,Male,South India,Standard,495.85,20,4,Mobile,Debit Card,Action,8.7,28,0,1,0,1,0,1
CUST101165,43,Male,West India,Premium,821.93,48,4,Smart TV,Credit Card,Comedy,17.1,44,0,3,1,0,1,1
CUST101166,52,Female,West India,Standard,480.93,41,1,Mobile,Gift Card,Romance,16.4,61,2,4,0,1,1,0
CUST101167,49,Female,North India,Standard,502.15,32,1,Smart TV,Debit Card,Kids,14.7,42,1,2,1,1,1,0
CUST101168,48,Male,North India,Basic,194.99,8,3,Laptop,UPI,Action,1.5,16,2,3,1,1,0,1
CUST101169,36,Female,North India,Standard,479.31,43,2,Mobile,UPI,Kids,18.4,59,1,2,1,1,0,0
CUST101170,43,Male,North India,Standard,473.6,46,5,Smart TV,Credit Card,Drama,13.8,24,1,3,0,0,1,0
CUST101171,18,Female,Central India,Premium,792.48,49,1,Mobile,Debit Card,Romance,1.2,33,1,4,1,0,0,1
CUST101172,14,Male,East India,Basic,193.6,13,2,Mobile,Net Banking,Romance,2.6,40,3,4,0,0,0,1
CUST101173,32,Female,North India,Premium,785.68,40,1,Laptop,UPI,Comedy,14.9,13,0,3,0,0,1,0
CUST101174,40,Male,South India,Standard,510.42,46,1,Smart TV,UPI,Drama,15.2,56,1,4,1,1,0,1
CUST101175,23,Female,Central India,Standard,492.91,43,4,Mobile,Debit Card,Documentary,7.6,25,0,2,0,1,0,0
CUST101176,16,Female,East India,Premium,784.2,9,2,Mobile,Debit Card,Comedy,7.0,17,0,1,0,0,0,1
CUST101177,27,Female,Central India,Basic,195.46,40,4,Mobile,Credit Card,Documentary,12.9,19,1,1,0,1,0,0
CUST101178,18,Female,West India,Basic,189.53,46,4,Laptop,Net Banking,Drama,11.1,70,0,1,0,1,1,1
CUST101179,66,Female,Central India,Premium,823.7,47,2,Laptop,UPI,Kids,13.7,29,1,4,0,1,0,0
CUST101180,61,Female,Central India,Standard,494.27,58,4,Mobile,Debit Card,Action,1.4,28,2,1,1,1,0,0
CUST101181,42,Female,West India,Basic,185.23,33,3,Mobile,UPI,Kids,9.9,65,1,2,0,1,0,0
CUST101182,68,Male,West India,Standard,523.68,56,5,Mobile,Net Banking,Kids,12.1,11,1,1,0,0,0,1
CUST101183,50,Male,West India,Standard,509.88,12,5,Laptop,Gift Card,Comedy,11.2,20,2,4,0,0,0,1
CUST101184,63,Female,Central India,Premium,800.59,37,3,Smart TV,Gift Card,Documentary,10.2,73,2,4,0,1,0,1
CUST101185,69,Female,West India,Basic,187.06,25,1,Mobile,Net Banking,Romance,5.5,33,1,3,0,0,0,0
CUST101186,14,Male,North India,Premium,810.5,46,4,Mobile,Debit Card,Thriller,12.0,37,3,1,1,1,1,1
CUST101187,27,Male,South India,Basic,177.05,25,5,Mobile,Gift Card,Documentary,0.0,69,1,4,0,1,1,0
CUST101188,23,Female,South India,Basic,209.4,54,2,Mobile,Debit Card,Drama,11.4,59,0,3,1,1,0,1
CUST101189,20,Male,West India,Basic,202.75,16,1,Laptop,Credit Card,Drama,18.8,84,0,4,0,1,0,1
CUST101190,38,Male,East India,Premium,813.85,51,5,Mobile,UPI,Romance,11.3,55,0,3,0,1,0,0
CUST101191,63,Female,Central India,Basic,163.59,60,4,Laptop,Credit Card,Kids,4.5,58,4,4,1,1,1,0
CUST101192,57,Female,South India,Premium,785.19,16,5,Smart TV,Gift Card,Kids,8.0,55,1,1,1,0,0,1
CUST101193,56,Female,North India,Standard,484.0,39,4,Mobile,Gift Card,Action,5.1,57,3,3,1,1,1,1
CUST101194,17,Male,East India,Premium,782.23,35,1,Smart TV,Debit Card,Comedy,11.2,72,2,1,0,0,0,1
CUST101195,18,Female,East India,Premium,805.38,23,3,Mobile,Gift Card,Romance,10.1,84,1,3,1,1,0,1
CUST101196,38,Female,North India,Standard,494.57,8,4,Mobile,Debit Card,Thriller,4.4,73,2,2,0,1,0,0
CUST101197,66,Male,Central India,Premium,785.93,53,4,Tablet,Net Banking,Drama,16.5,54,3,4,0,1,0,1
CUST101198,16,Female,Central India,Standard,482.45,53,1,Smart TV,Gift Card,Comedy,8.1,28,1,1,0,0,0,0
CUST101199,31,Male,West India,Premium,784.58,46,1,Mobile,Net Banking,Thriller,12.6,79,1,1,0,1,0,0
CUST101200,32,Male,North India,Basic,211.99,52,2,Mobile,Net Banking,Romance,19.3,82,1,4,0,1,1,1
CUST101201,45,Male,North India,Basic,198.0,3,1,Mobile,UPI,Romance,2.6,31,0,3,1,1,0,1
CUST101202,32,Male,North India,Standard,511.47,60,5,Mobile,Debit Card,Romance,19.4,11,1,2,0,1,0,0
CUST101203,61,Male,West India,Standard,538.97,24,4,Mobile,Net Banking,Action,6.3,23,1,4,0,1,0,0
CUST101204,24,Male,South India,Standard,498.73,43,3,Mobile,UPI,Comedy,18.0,41,1,4,0,1,0,0
CUST101205,59,Female,Central India,Standard,477.74,22,1,Smart TV,Gift Card,Documentary,17.2,64,2,2,1,1,1,1
CUST101206,13,Female,West India,Standard,496.94,14,4,Laptop,Gift Card,Kids,6.2,46,0,3,0,1,0,1
CUST101207,38,Female,West India,Standard,527.19,22,3,Mobile,Net Banking,Kids,9.3,42,0,4,0,0,0,1
CUST101208,26,Male,West India,Basic,215.3,34,2,Smart TV,Gift Card,Romance,0.0,41,0,4,0,0,0,1
CUST101209,50,Female,North India,Premium,789.31,36,5,Mobile,Debit Card,Thriller,8.0,45,0,3,0,0,1,0
CUST101210,49,Male,West India,Premium,794.44,31,2,Mobile,Gift Card,Documentary,4.0,12,0,4,1,0,1,1
CUST101211,23,Female,South India,Premium,810.63,21,1,Smart TV,Credit Card,Romance,5.6,28,2,1,1,1,0,0
CUST101212,48,Male,East India,Standard,506.19,59,5,Laptop,Gift Card,Kids,10.4,1,0,4,1,0,0,1
CUST101213,25,Female,West India,Standard,510.79,58,2,Mobile,Net Banking,Documentary,12.6,56,1,1,0,1,1,0
CUST101214,55,Male,South India,Premium,795.41,5,4,Smart TV,UPI,Kids,6.2,63,0,1,1,1,0,0
CUST101215,15,Female,North India,Premium,804.83,19,1,Tablet,Debit Card,Thriller,10.2,39,4,1,1,1,0,1
CUST101216,45,Male,East India,Premium,794.42,42,2,Laptop,Debit Card,Documentary,7.1,10,0,2,0,0,1,1
CUST101217,18,Female,Central India,Standard,519.9,53,5,Mobile,UPI,Thriller,12.7,50,1,2,0,1,0,0
CUST101218,62,Male,Central India,Standard,476.11,21,5,Mobile,Debit Card,Documentary,8.6,50,3,3,1,0,1,1
CUST101219,68,Female,North India,Premium,776.15,2,3,Tablet,Net Banking,Action,3.4,74,5,1,1,1,0,1
CUST101220,22,Female,North India,Basic,188.28,53,5,Mobile,Net Banking,Action,5.7,4,1,4,0,1,1,0
CUST101221,17,Female,Central India,Standard,488.82,3,5,Smart TV,UPI,Romance,8.4,54,3,3,0,0,0,1
CUST101222,35,Male,North India,Premium,776.1,47,1,Mobile,Net Banking,Comedy,13.8,48,2,1,1,1,0,1
CUST101223,22,Male,Central India,Standard,473.4,51,5,Smart TV,Credit Card,Documentary,19.1,66,1,4,0,0,0,1
CUST101224,56,Male,North India,Standard,515.03,53,3,Mobile,Net Banking,Action,6.2,53,0,1,1,1,0,1
CUST101225,14,Male,Central India,Standard,496.49,57,5,Smart TV,Debit Card,Action,0.0,81,0,3,0,0,0,0
CUST101226,25,Male,South India,Premium,795.36,30,3,Mobile,UPI,Romance,17.5,20,0,1,1,1,0,0
CUST101227,52,Female,North India,Standard,499.84,34,4,Smart TV,Credit Card,Action,13.4,74,1,2,0,1,0,0
CUST101228,14,Male,Central India,Premium,822.97,25,3,Mobile,Net Banking,Drama,11.7,76,1,2,0,1,0,1
CUST101229,32,Female,North India,Standard,500.74,35,1,Mobile,Credit Card,Documentary,2.1,76,0,3,1,0,0,0
CUST101230,13,Female,Central India,Standard,497.33,29,2,Smart TV,Gift Card,Comedy,9.5,59,1,4,0,1,0,0
CUST101231,49,Male,Central India,Standard,489.44,12,2,Tablet,Gift Card,Action,14.2,66,0,2,0,1,0,0
CUST101232,21,Female,East India,Standard,507.98,23,4,Laptop,Credit Card,Thriller,1.5,15,2,2,1,1,0,1
CUST101233,29,Male,North India,Standard,498.03,28,1,Mobile,Gift Card,Drama,15.5,25,2,1,0,1,1,0
CUST101234,21,Male,South India,Standard,523.78,46,4,Smart TV,Gift Card,Documentary,12.5,77,0,1,0,1,1,1
CUST101235,23,Male,West India,Basic,196.59,17,4,Smart TV,Gift Card,Kids,17.4,3,2,2,0,0,1,1
CUST101236,27,Female,West India,Basic,214.11,16,5,Smart TV,UPI,Romance,14.8,89,0,1,0,0,0,1
CUST101237,36,Male,North India,Basic,188.33,49,5,Laptop,UPI,Comedy,0.0,14,0,1,0,0,0,1
CUST101238,50,Male,Central India,Premium,788.19,56,1,Tablet,Gift Card,Action,4.0,20,3,2,0,1,0,1
CUST101239,67,Male,Central India,Basic,171.6,9,2,Mobile,Debit Card,Thriller,14.1,59,2,1,0,0,0,0
CUST101240,47,Female,South India,Basic,210.92,3,3,Laptop,Gift Card,Drama,2.7,40,1,2,0,0,0,1
CUST101241,42,Male,North India,Basic,198.43,22,5,Mobile,Gift Card,Thriller,5.3,76,0,2,0,0,0,1
CUST101242,43,Female,West India,Standard,508.59,31,1,Laptop,Gift Card,Thriller,9.0,76,2,3,0,1,0,1
CUST101243,61,Female,South India,Basic,224.44,14,1,Laptop,Debit Card,Drama,7.0,37,1,3,1,0,1,1
CUST101244,17,Male,North India,Standard,486.3,3,2,Smart TV,Debit Card,Thriller,0.0,57,1,4,1,1,0,1
CUST101245,56,Female,North India,Basic,184.03,38,1,Laptop,Gift Card,Action,12.7,17,1,3,1,0,0,0
CUST101246,62,Female,North India,Premium,787.19,23,1,Smart TV,Net Banking,Romance,8.7,47,0,3,0,1,0,1
CUST101247,26,Male,East India,Premium,767.45,21,2,Smart TV,Credit Card,Drama,11.5,63,1,1,0,1,1,0
CUST101248,65,Male,South India,Premium,796.1,51,5,Tablet,UPI,Documentary,8.8,79,1,2,0,1,0,0
CUST101249,68,Male,North India,Standard,512.26,24,2,Mobile,Credit Card,Drama,0.0,47,2,2,1,0,1,0
CUST101250,23,Female,South India,Standard,499.74,32,4,Tablet,UPI,Kids,6.1,74,0,2,1,1,0,0
CUST101251,21,Male,West India,Standard,475.44,45,5,Mobile,Credit Card,Comedy,4.5,89,2,3,0,1,1,0
CUST101252,46,Female,North India,Standard,493.65,5,4,Smart TV,Debit Card,Kids,10.2,64,4,2,0,1,0,1
CUST101253,24,Female,Central India,Standard,500.88,33,1,Mobile,Gift Card,Kids,14.0,64,0,4,0,1,0,0
CUST101254,47,Female,North India,Basic,213.44,44,4,Mobile,UPI,Romance,7.6,51,1,2,0,0,1,1
CUST101255,47,Female,North India,Premium,810.95,47,2,Smart TV,Gift Card,Action,13.8,47,0,2,0,1,0,0
CUST101256,13,Female,South India,Basic,193.82,57,2,Mobile,Gift Card,Documentary,18.2,6,0,1,0,1,0,0
CUST101257,52,Male,South India,Standard,493.79,19,3,Tablet,Debit Card,Romance,13.5,61,1,1,1,0,0,1
CUST101258,34,Male,East India,Standard,507.91,34,1,Mobile,UPI,Romance,21.2,13,3,3,1,1,0,1
CUST101259,41,Female,North India,Standard,490.1,3,2,Mobile,Net Banking,Romance,2.9,17,2,3,0,1,0,0
CUST101260,20,Female,West India,Premium,811.83,39,5,Laptop,Debit Card,Kids,16.4,12,1,4,0,1,0,0
CUST101261,23,Male,South India,Standard,489.12,28,2,Laptop,Gift Card,Action,7.1,88,1,3,0,0,1,1
CUST101262,53,Male,East India,Standard,522.27,11,5,Smart TV,UPI,Action,11.9,76,3,1,0,1,0,1
CUST101263,49,Female,Central India,Standard,502.53,60,1,Mobile,Debit Card,Drama,0.9,16,0,1,0,1,0,1
CUST101264,26,Female,Central India,Basic,169.61,10,3,Laptop,Debit Card,Kids,21.5,36,1,3,0,0,0,1
CUST101265,42,Male,East India,Standard,508.61,40,3,Mobile,Net Banking,Documentary,5.7,48,0,2,0,1,1,0
CUST101266,47,Male,Central India,Premium,802.82,2,4,Tablet,Credit Card,Drama,15.1,80,1,4,0,1,1,0
CUST101267,33,Female,North India,Premium,806.29,46,2,Smart TV,UPI,Comedy,20.8,9,2,1,0,1,1,1
CUST101268,49,Male,South India,Standard,532.78,45,1,Laptop,UPI,Comedy,9.8,79,4,3,0,1,1,1
CUST101269,17,Male,West India,Basic,195.08,39,4,Laptop,UPI,Comedy,17.6,22,0,3,1,0,0,0
CUST101270,31,Female,Central India,Basic,175.71,27,1,Smart TV,UPI,Drama,2.5,14,1,2,0,1,0,1
CUST101271,26,Female,North India,Standard,518.01,53,1,Laptop,Credit Card,Drama,15.3,70,0,2,1,1,0,0
CUST101272,38,Female,South India,Premium,772.31,9,4,Smart TV,Debit Card,Comedy,10.9,34,2,1,0,0,0,0
CUST101273,16,Male,North India,Standard,487.8,39,1,Mobile,Debit Card,Drama,8.7,81,0,1,1,1,1,1
CUST101274,37,Female,North India,Premium,799.63,1,4,Mobile,Credit Card,Thriller,6.2,78,2,4,1,0,0,1
CUST101275,57,Male,South India,Standard,485.52,33,2,Mobile,Debit Card,Thriller,1.4,57,3,1,0,0,0,0
CUST101276,54,Female,Central India,Basic,198.04,38,4,Laptop,Credit Card,Thriller,10.8,42,0,4,1,0,0,1
CUST101277,37,Female,Central India,Basic,196.96,57,2,Smart TV,Credit Card,Action,7.5,23,1,4,0,0,0,0
CUST101278,30,Male,North India,Basic,222.04,33,3,Smart TV,Debit Card,Documentary,13.8,38,2,4,0,0,0,1
CUST101279,52,Male,East India,Standard,462.67,48,4,Laptop,Debit Card,Kids,11.8,58,2,2,1,0,0,1
CUST101280,20,Female,Central India,Basic,200.31,3,3,Smart TV,Credit Card,Documentary,12.0,72,3,4,1,0,0,0
CUST101281,51,Female,North India,Standard,485.19,32,4,Mobile,Net Banking,Documentary,13.7,72,2,3,1,1,1,0
CUST101282,52,Male,West India,Standard,490.56,13,1,Mobile,Gift Card,Comedy,3.7,32,0,1,0,0,0,0
CUST101283,26,Female,West India,Basic,209.2,21,3,Mobile,UPI,Romance,1.1,33,1,3,1,1,1,1
CUST101284,44,Male,East India,Basic,206.77,4,5,Mobile,Credit Card,Thriller,4.3,22,1,4,1,0,1,0
CUST101285,63,Male,North India,Basic,204.14,17,5,Mobile,Debit Card,Kids,8.2,55,2,2,0,1,0,0
CUST101286,50,Female,West India,Standard,480.13,42,5,Smart TV,Credit Card,Thriller,4.3,44,4,1,0,1,0,0
CUST101287,45,Male,Central India,Standard,516.79,4,3,Mobile,Debit Card,Drama,2.5,20,3,1,1,1,1,1
CUST101288,35,Male,North India,Basic,185.86,20,2,Mobile,Credit Card,Action,0.8,63,2,2,1,1,1,0
CUST101289,27,Male,East India,Premium,819.8,59,4,Tablet,Debit Card,Action,9.0,85,1,2,1,0,0,1
CUST101290,45,Female,East India,Standard,489.26,12,1,Tablet,Net Banking,Thriller,8.5,1,1,4,0,0,0,0
CUST101291,37,Male,Central India,Standard,514.46,26,1,Smart TV,Gift Card,Drama,9.9,43,2,4,0,1,0,1
CUST101292,29,Female,West India,Standard,500.53,45,3,Mobile,Debit Card,Thriller,14.7,8,1,2,1,0,0,0
CUST101293,45,Female,West India,Premium,773.89,36,5,Laptop,Net Banking,Comedy,10.0,89,1,4,0,1,0,1
CUST101294,59,Female,East India,Standard,493.67,16,1,Smart TV,Gift Card,Romance,13.2,83,1,4,0,1,0,0
CUST101295,67,Male,South India,Standard,524.54,51,1,Mobile,Debit Card,Comedy,13.7,40,1,1,0,0,0,0
CUST101296,14,Male,East India,Standard,511.35,7,2,Smart TV,UPI,Documentary,2.7,78,2,1,0,1,0,1
CUST101297,26,Female,East India,Premium,792.47,33,1,Mobile,Credit Card,Kids,22.2,39,2,1,0,1,0,1
CUST101298,65,Female,North India,Standard,518.55,48,1,Tablet,Credit Card,Kids,4.9,57,3,4,0,1,0,0
CUST101299,52,Male,Central India,Standard,503.23,2,4,Laptop,Credit Card,Kids,9.3,84,1,4,0,0,0,1
CUST101300,52,Female,North India,Premium,823.64,33,1,Mobile,Debit Card,Romance,6.4,78,1,4,1,1,0,0
CUST101301,63,Female,East India,Premium,797.81,14,4,Smart TV,UPI,Documentary,9.3,22,1,3,0,1,0,1
CUST101302,51,Male,North India,Basic,194.62,20,5,Mobile,UPI,Thriller,17.6,68,1,2,0,1,0,0
CUST101303,63,Female,West India,Basic,213.82,37,2,Laptop,UPI,Romance,16.7,33,3,2,0,0,0,1
CUST101304,18,Male,East India,Basic,202.78,27,1,Mobile,Gift Card,Romance,7.2,23,3,1,1,1,0,0
CUST101305,18,Male,West India,Premium,807.36,47,2,Mobile,Debit Card,Documentary,1.5,25,0,3,0,1,0,0
CUST101306,15,Female,West India,Standard,486.06,42,2,Mobile,Net Banking,Romance,21.4,71,1,4,0,0,1,0
CUST101307,19,Male,Central India,Basic,216.57,21,2,Mobile,Gift Card,Thriller,18.7,7,0,3,0,0,0,0
CUST101308,63,Male,West India,Basic,213.73,2,3,Tablet,Debit Card,Action,0.0,69,0,1,1,1,1,1
CUST101309,20,Male,North India,Basic,219.27,43,4,Tablet,UPI,Comedy,11.1,89,1,1,0,1,1,0
CUST101310,54,Female,North India,Basic,178.6,16,2,Mobile,Debit Card,Romance,1.5,33,0,4,0,0,0,0
CUST101311,64,Female,South India,Basic,181.56,19,5,Mobile,UPI,Drama,8.8,51,2,1,0,1,1,0
CUST101312,27,Female,Central India,Standard,487.8,4,1,Smart TV,Net Banking,Drama,11.1,43,1,3,1,0,1,1
CUST101313,59,Male,South India,Basic,195.41,10,2,Laptop,UPI,Action,13.3,78,2,4,1,0,0,1
CUST101314,41,Male,West India,Basic,179.01,54,2,Mobile,Gift Card,Romance,0.0,81,0,2,0,1,0,0
CUST101315,45,Female,East India,Premium,808.56,22,1,Smart TV,Debit Card,Kids,19.5,65,1,4,0,0,1,0
CUST101316,64,Female,North India,Premium,792.43,12,5,Mobile,Credit Card,Romance,4.0,24,0,1,0,0,1,0
CUST101317,42,Male,East India,Basic,217.84,2,2,Mobile,UPI,Thriller,6.8,47,2,3,1,1,0,0
CUST101318,51,Female,South India,Basic,230.48,2,2,Laptop,UPI,Kids,11.0,8,2,1,0,0,0,1
CUST101319,39,Female,South India,Standard,490.09,41,5,Smart TV,Credit Card,Comedy,6.7,15,1,2,0,1,0,0
CUST101320,48,Female,North India,Standard,487.49,44,2,Smart TV,Gift Card,Thriller,12.9,68,2,2,0,0,0,1
CUST101321,41,Female,South India,Basic,210.21,34,5,Laptop,Net Banking,Thriller,12.3,24,0,1,0,1,0,0
CUST101322,50,Female,East India,Basic,200.45,18,2,Laptop,Net Banking,Action,13.2,43,2,4,0,1,0,1
CUST101323,69,Male,South India,Basic,204.55,16,1,Mobile,Gift Card,Action,11.8,86,1,4,1,1,0,1
CUST101324,45,Female,East India,Standard,518.94,19,5,Smart TV,Debit Card,Documentary,1.6,3,0,4,0,1,0,0
CUST101325,49,Female,West India,Premium,794.92,47,1,Laptop,Net Banking,Action,12.8,43,2,3,0,1,0,0
CUST101326,39,Male,Central India,Premium,783.01,25,1,Smart TV,Gift Card,Documentary,18.6,82,0,2,1,1,0,0
CUST101327,67,Male,North India,Standard,480.54,30,2,Smart TV,UPI,Kids,6.2,71,3,4,0,1,0,1
CUST101328,45,Male,South India,Standard,496.34,48,5,Mobile,Credit Card,Kids,9.7,35,1,2,0,1,0,1
CUST101329,16,Male,North India,Standard,493.72,6,3,Mobile,Debit Card,Romance,15.9,40,0,2,1,1,0,0
CUST101330,34,Female,South India,Standard,511.97,27,1,Mobile,Debit Card,Drama,15.8,16,2,1,1,1,1,0
CUST101331,14,Female,West India,Basic,219.89,15,1,Smart TV,UPI,Documentary,5.7,68,2,1,1,0,0,1
CUST101332,22,Female,East India,Standard,519.83,31,1,Mobile,Net Banking,Documentary,4.8,18,3,1,0,1,0,0
CUST101333,17,Female,North India,Premium,788.48,44,2,Laptop,Debit Card,Kids,10.0,15,2,4,0,1,1,1
CUST101334,22,Male,West India,Standard,486.95,22,2,Smart TV,Credit Card,Drama,11.9,60,2,3,0,1,0,1
CUST101335,45,Male,West India,Premium,771.8,12,1,Smart TV,UPI,Comedy,14.7,10,1,3,1,1,0,1
CUST101336,66,Female,Central India,Standard,499.05,10,2,Smart TV,Debit Card,Thriller,0.0,1,1,2,1,0,0,1
CUST101337,50,Female,West India,Standard,512.27,21,2,Smart TV,UPI,Kids,8.6,4,0,3,0,0,0,0
CUST101338,25,Female,Central India,Basic,188.4,47,2,Laptop,Net Banking,Thriller,10.3,63,2,2,0,1,0,1
CUST101339,43,Female,West India,Standard,476.8,55,4,Laptop,Gift Card,Action,0.0,16,1,4,0,1,1,0
CUST101340,59,Male,East India,Premium,827.29,59,5,Mobile,UPI,Action,11.2,60,2,2,1,0,1,0
CUST101341,48,Female,West India,Standard,488.42,31,2,Mobile,Net Banking,Comedy,5.6,78,2,2,1,1,1,0
CUST101342,57,Male,East India,Basic,197.31,36,4,Tablet,Debit Card,Romance,16.0,86,0,2,1,0,0,1
CUST101343,36,Male,South India,Basic,192.0,10,4,Smart TV,Debit Card,Action,8.0,53,1,1,0,1,1,0
CUST101344,64,Male,West India,Standard,479.0,58,2,Laptop,Net Banking,Thriller,9.4,42,1,3,0,0,0,0
CUST101345,68,Male,West India,Standard,512.53,19,4,Laptop,Debit Card,Kids,2.4,81,1,4,1,1,0,1
CUST101346,27,Female,South India,Standard,472.77,23,3,Smart TV,Debit Card,Kids,17.6,36,1,3,0,1,1,0
CUST101347,41,Female,Central India,Premium,815.87,46,4,Smart TV,Debit Card,Documentary,15.6,66,0,4,1,1,0,0
CUST101348,20,Female,East India,Standard,503.02,10,5,Tablet,Net Banking,Documentary,10.3,33,1,1,0,1,1,1
CUST101349,17,Female,South India,Standard,494.97,49,4,Laptop,Net Banking,Romance,8.5,87,0,4,0,1,0,0
CUST101350,41,Male,South India,Basic,195.22,54,2,Laptop,UPI,Action,15.3,65,1,4,0,1,0,1
CUST101351,59,Male,North India,Basic,205.81,59,1,Smart TV,Credit Card,Thriller,14.2,83,1,4,1,1,0,1
CUST101352,16,Male,South India,Standard,489.36,27,3,Tablet,Gift Card,Kids,5.5,71,2,4,0,0,0,1
CUST101353,24,Female,Central India,Premium,801.65,43,4,Laptop,Debit Card,Drama,5.1,27,1,3,0,0,0,1
CUST101354,57,Male,Central India,Standard,485.68,50,3,Laptop,Credit Card,Drama,4.7,57,3,3,1,1,0,1
CUST101355,14,Male,Central India,Standard,466.73,2,5,Mobile,Credit Card,Kids,9.5,72,2,1,1,1,1,1
CUST101356,39,Male,East India,Basic,208.25,11,4,Smart TV,Net Banking,Kids,7.7,29,1,4,0,1,0,1
CUST101357,43,Male,East India,Premium,835.56,8,4,Mobile,Net Banking,Kids,17.0,59,0,4,0,1,0,0
CUST101358,63,Female,West India,Premium,807.49,19,3,Smart TV,Credit Card,Documentary,16.5,53,0,4,0,1,0,0
CUST101359,63,Male,South India,Standard,498.29,57,4,Smart TV,Net Banking,Thriller,9.3,74,2,1,0,0,0,0
CUST101360,48,Male,Central India,Basic,193.05,16,4,Mobile,UPI,Kids,13.8,84,1,4,0,1,1,1
CUST101361,48,Female,South India,Standard,493.52,4,1,Smart TV,UPI,Romance,15.9,51,2,4,0,1,0,0
CUST101362,38,Female,West India,Premium,793.05,14,3,Smart TV,Gift Card,Documentary,23.8,78,0,2,1,0,0,0
CUST101363,55,Female,West India,Standard,501.98,22,2,Laptop,Gift Card,Thriller,14.7,59,0,3,0,0,1,1
CUST101364,39,Male,Central India,Standard,463.2,17,2,Smart TV,Gift Card,Kids,13.8,48,0,2,1,1,1,0
CUST101365,17,Male,South India,Basic,160.6,43,5,Smart TV,Debit Card,Romance,0.0,44,0,3,0,1,0,1
CUST101366,32,Male,West India,Basic,205.77,58,1,Laptop,UPI,Drama,16.6,89,2,3,0,0,0,0
CUST101367,23,Male,North India,Basic,196.01,26,3,Smart TV,Debit Card,Kids,10.7,52,2,1,0,1,1,1
CUST101368,22,Female,East India,Premium,784.21,35,3,Tablet,UPI,Action,5.8,51,1,3,1,0,1,1
CUST101369,52,Male,South India,Standard,483.8,36,1,Mobile,Credit Card,Comedy,5.3,63,1,1,0,0,1,1
CUST101370,50,Male,Central India,Premium,790.63,53,1,Smart TV,Debit Card,Action,12.3,85,0,4,0,0,1,1
CUST101371,18,Female,West India,Basic,192.72,45,5,Mobile,Gift Card,Thriller,1.7,37,2,2,0,1,0,0
CUST101372,20,Female,West India,Premium,820.35,49,2,Laptop,UPI,Documentary,3.7,70,2,4,0,0,0,0
CUST101373,35,Female,West India,Premium,782.95,30,3,Laptop,Gift Card,Documentary,14.7,3,3,1,0,0,0,0
CUST101374,59,Male,East India,Basic,210.46,52,1,Laptop,Net Banking,Drama,16.4,48,1,4,1,0,0,0
CUST101375,38,Male,South India,Premium,807.85,21,3,Mobile,UPI,Kids,18.8,66,2,3,0,1,0,0
CUST101376,58,Male,West India,Basic,195.86,20,2,Tablet,UPI,Drama,3.4,24,2,2,0,1,0,0
CUST101377,55,Male,East India,Basic,210.47,42,3,Tablet,Gift Card,Action,5.6,84,1,3,1,1,1,0
CUST101378,24,Male,North India,Basic,205.63,26,3,Mobile,Gift Card,Kids,11.1,63,2,2,1,1,1,0
CUST101379,38,Female,South India,Premium,780.16,55,1,Smart TV,Gift Card,Romance,15.9,23,1,1,0,1,0,0
CUST101380,25,Female,Central India,Premium,790.1,56,1,Laptop,UPI,Action,12.6,64,2,1,0,1,0,0
CUST101381,52,Male,South India,Basic,204.82,12,1,Smart TV,Credit Card,Romance,11.3,51,1,1,1,1,0,1
CUST101382,30,Male,West India,Standard,490.03,8,2,Smart TV,Net Banking,Comedy,6.5,50,1,4,0,1,1,1
CUST101383,37,Male,Central India,Standard,508.16,35,4,Smart TV,Gift Card,Thriller,3.1,70,1,1,1,0,0,0
CUST101384,45,Male,South India,Premium,816.44,29,2,Smart TV,Credit Card,Action,1.0,24,1,3,1,1,0,1
CUST101385,59,Male,Central India,Basic,198.59,53,1,Smart TV,Gift Card,Action,7.8,68,0,3,0,0,0,0
CUST101386,52,Female,South India,Standard,489.91,42,5,Smart TV,UPI,Drama,5.8,49,0,1,1,1,1,0
CUST101387,55,Female,North India,Standard,488.21,56,3,Smart TV,Credit Card,Kids,6.4,11,1,4,0,1,0,1
CUST101388,24,Female,North India,Basic,193.54,7,3,Laptop,UPI,Thriller,10.8,19,2,1,0,1,0,0
CUST101389,56,Male,North India,Standard,492.49,57,3,Laptop,Debit Card,Drama,12.8,53,1,4,0,0,0,1
CUST101390,48,Male,South India,Standard,511.96,10,3,Laptop,Gift Card,Romance,6.5,11,0,1,0,1,0,0
CUST101391,60,Female,Central India,Basic,190.2,39,5,Smart TV,Net Banking,Romance,11.9,27,1,2,0,1,0,0
CUST101392,16,Female,North India,Premium,796.36,50,1,Laptop,Credit Card,Comedy,13.2,49,1,3,1,1,1,0
CUST101393,17,Male,East India,Basic,210.7,20,4,Mobile,Debit Card,Action,6.9,18,2,1,0,1,0,0
CUST101394,68,Female,East India,Premium,794.05,28,3,Smart TV,Gift Card,Kids,6.6,53,0,2,1,0,0,0
CUST101395,49,Female,North India,Basic,192.34,14,4,Smart TV,Debit Card,Action,10.5,61,0,3,0,1,1,1
CUST101396,20,Male,North India,Basic,212.07,12,2,Mobile,Credit Card,Action,4.1,6,1,3,0,0,0,0
CUST101397,54,Female,West India,Basic,216.4,8,2,Smart TV,Net Banking,Documentary,25.7,67,1,2,1,0,0,1
CUST101398,61,Female,East India,Premium,799.58,57,3,Laptop,Credit Card,Romance,11.8,86,0,2,1,1,0,1
CUST101399,40,Female,East India,Premium,823.91,7,1,Tablet,Net Banking,Thriller,3.3,40,2,3,1,1,0,1
CUST101400,43,Male,North India,Basic,201.49,5,5,Mobile,UPI,Drama,12.7,79,1,2,1,0,0,1
CUST101401,21,Female,West India,Basic,212.15,1,3,Smart TV,Gift Card,Drama,7.2,40,1,4,0,1,0,1
CUST101402,66,Female,Central India,Standard,528.33,47,2,Smart TV,Debit Card,Romance,15.7,81,1,3,0,1,1,0
CUST101403,63,Female,West India,Standard,489.57,9,2,Smart TV,UPI,Drama,11.8,43,0,3,1,1,0,0
CUST101404,41,Male,West India,Premium,791.18,44,4,Tablet,Gift Card,Comedy,12.6,35,1,1,0,0,0,1
CUST101405,26,Male,East India,Basic,210.99,54,5,Smart TV,Debit Card,Documentary,0.0,57,4,3,1,1,0,0
CUST101406,52,Female,North India,Standard,496.59,18,3,Laptop,UPI,Comedy,11.7,10,0,1,0,0,0,1
CUST101407,53,Male,North India,Standard,484.89,43,1,Smart TV,Gift Card,Thriller,19.4,22,2,4,0,1,0,0
CUST101408,34,Female,North India,Premium,793.76,42,4,Mobile,Gift Card,Drama,19.4,86,0,2,0,0,0,1
CUST101409,23,Male,West India,Standard,477.78,10,5,Smart TV,UPI,Drama,22.6,11,2,4,0,1,0,0
CUST101410,35,Male,West India,Basic,199.37,50,4,Smart TV,Credit Card,Drama,18.4,66,2,3,1,1,1,1
CUST101411,13,Female,South India,Basic,201.45,58,1,Laptop,Net Banking,Action,9.8,83,0,3,1,1,1,1
CUST101412,58,Female,Central India,Standard,515.27,1,2,Mobile,Net Banking,Romance,15.6,86,3,2,1,1,0,0
CUST101413,49,Female,South India,Standard,516.71,60,3,Mobile,Credit Card,Romance,9.8,34,0,4,1,0,0,1
CUST101414,33,Male,Central India,Premium,794.24,20,3,Laptop,Gift Card,Action,13.6,65,2,4,0,1,1,1
CUST101415,38,Female,South India,Standard,530.61,58,1,Mobile,Debit Card,Kids,15.7,43,0,3,0,0,1,0
CUST101416,58,Male,South India,Standard,482.89,43,3,Tablet,Credit Card,Drama,10.5,52,0,1,1,1,1,0
CUST101417,48,Male,South India,Standard,478.0,29,3,Smart TV,Gift Card,Romance,15.6,36,0,3,0,1,1,0
CUST101418,66,Female,South India,Standard,480.37,2,4,Mobile,UPI,Drama,6.7,23,0,3,0,0,0,1
CUST101419,35,Male,West India,Basic,181.43,26,1,Smart TV,UPI,Action,14.1,82,0,2,1,0,0,1
CUST101420,69,Female,Central India,Basic,210.37,11,4,Smart TV,Gift Card,Comedy,11.3,88,2,3,1,1,1,0
CUST101421,13,Male,South India,Standard,524.23,25,3,Mobile,UPI,Documentary,7.1,4,0,2,1,1,0,1
CUST101422,66,Female,South India,Basic,224.85,34,5,Mobile,Net Banking,Comedy,15.8,73,0,4,1,1,0,0
CUST101423,67,Male,North India,Basic,170.73,59,5,Mobile,Credit Card,Romance,1.5,28,4,3,1,1,0,1
CUST101424,63,Male,West India,Basic,211.85,41,4,Mobile,Net Banking,Documentary,8.4,50,0,4,0,1,0,1
CUST101425,52,Female,East India,Basic,221.91,1,2,Smart TV,Gift Card,Romance,10.1,71,2,4,0,0,0,0
CUST101426,27,Male,North India,Basic,213.97,55,2,Laptop,Credit Card,Action,18.8,17,2,4,0,1,0,1
CUST101427,33,Female,East India,Standard,489.5,31,1,Mobile,UPI,Kids,9.3,28,2,4,0,0,0,0
CUST101428,59,Male,South India,Standard,501.53,38,5,Smart TV,Credit Card,Kids,9.3,76,1,4,0,0,0,1
CUST101429,21,Male,Central India,Standard,484.73,22,5,Laptop,Credit Card,Drama,16.6,32,0,2,0,1,0,1
CUST101430,65,Male,East India,Standard,510.21,2,4,Smart TV,UPI,Romance,10.7,40,1,2,0,0,1,1
CUST101431,21,Female,East India,Premium,777.05,47,3,Laptop,Debit Card,Drama,5.3,0,0,4,1,1,1,0
CUST101432,22,Female,East India,Basic,209.28,1,1,Mobile,UPI,Drama,24.4,62,0,4,0,0,0,0
CUST101433,64,Female,Central India,Standard,488.35,58,4,Mobile,Net Banking,Romance,15.5,81,1,2,1,1,0,0
CUST101434,69,Female,North India,Basic,204.45,56,2,Mobile,Debit Card,Comedy,8.1,79,1,3,0,1,1,1
CUST101435,65,Female,West India,Standard,495.2,24,3,Laptop,Net Banking,Drama,9.2,23,0,4,1,0,1,0
CUST101436,38,Male,Central India,Premium,793.59,50,1,Smart TV,Gift Card,Documentary,3.2,40,2,4,0,1,0,0
CUST101437,53,Male,North India,Standard,513.2,36,3,Tablet,Net Banking,Drama,11.6,53,0,3,0,0,0,1
CUST101438,47,Female,South India,Standard,521.9,45,2,Smart TV,Credit Card,Action,15.6,5,0,4,1,1,1,0
CUST101439,64,Male,North India,Standard,486.03,36,4,Smart TV,Gift Card,Drama,0.0,57,1,1,1,0,0,1
CUST101440,37,Male,East India,Standard,501.8,47,4,Laptop,Debit Card,Comedy,11.3,88,1,1,0,0,1,1
CUST101441,38,Male,North India,Basic,182.7,34,5,Mobile,Net Banking,Comedy,1.4,17,0,4,1,0,0,1
CUST101442,23,Male,North India,Standard,492.09,59,4,Laptop,Gift Card,Romance,8.1,68,2,3,0,0,0,1
CUST101443,50,Female,South India,Standard,488.1,9,5,Mobile,Net Banking,Action,10.9,74,2,2,0,1,1,0
CUST101444,14,Male,South India,Basic,180.11,12,4,Mobile,Credit Card,Romance,11.1,45,0,1,0,1,0,0
CUST101445,19,Female,North India,Basic,214.89,46,1,Mobile,Credit Card,Thriller,24.3,45,1,3,1,1,0,1
CUST101446,30,Female,Central India,Premium,800.55,20,2,Tablet,Debit Card,Romance,11.7,9,1,4,1,0,0,0
CUST101447,39,Male,South India,Basic,190.8,4,3,Smart TV,UPI,Comedy,6.6,81,4,1,1,1,0,1
CUST101448,46,Female,East India,Basic,198.13,15,2,Mobile,UPI,Thriller,4.3,22,0,2,0,0,1,1
CUST101449,39,Male,Central India,Standard,516.94,4,2,Mobile,Credit Card,Action,6.6,36,3,2,1,0,0,0
CUST101450,29,Male,North India,Basic,214.41,5,5,Mobile,Gift Card,Drama,12.2,87,2,2,1,0,0,1
CUST101451,55,Male,East India,Standard,507.37,10,5,Mobile,Debit Card,Kids,0.0,31,0,4,1,1,0,1
CUST101452,56,Female,East India,Standard,488.96,44,1,Mobile,Net Banking,Thriller,2.8,32,0,1,0,1,0,1
CUST101453,63,Female,Central India,Premium,800.79,44,3,Laptop,Net Banking,Action,11.8,43,0,4,1,1,1,1
CUST101454,66,Female,North India,Basic,182.64,40,4,Laptop,Gift Card,Thriller,8.9,71,0,3,1,1,0,1
CUST101455,36,Male,East India,Standard,497.69,36,4,Tablet,UPI,Thriller,12.8,44,1,1,1,1,0,0
CUST101456,37,Male,South India,Premium,813.67,35,2,Mobile,Credit Card,Romance,5.2,14,1,3,0,1,1,0
CUST101457,19,Male,South India,Basic,216.45,59,1,Laptop,Credit Card,Drama,6.4,38,1,2,0,0,1,0
CUST101458,64,Female,Central India,Basic,189.36,1,3,Mobile,Debit Card,Kids,16.5,31,0,1,0,1,1,0
CUST101459,18,Male,South India,Premium,811.49,18,4,Mobile,Credit Card,Comedy,13.9,30,5,4,0,1,0,0
CUST101460,65,Male,West India,Basic,208.41,52,2,Mobile,UPI,Thriller,0.9,67,0,2,0,1,0,0
CUST101461,36,Female,North India,Standard,495.39,57,1,Tablet,UPI,Documentary,0.0,13,0,4,0,1,1,1
CUST101462,45,Female,East India,Basic,210.19,31,3,Tablet,Gift Card,Drama,3.8,13,0,2,0,1,1,0
CUST101463,61,Female,East India,Basic,217.39,46,2,Laptop,Debit Card,Romance,6.5,50,1,1,0,1,0,0
CUST101464,41,Male,Central India,Basic,211.76,49,2,Mobile,Debit Card,Documentary,15.6,41,0,4,0,1,0,0
CUST101465,55,Male,Central India,Standard,483.19,6,1,Laptop,Credit Card,Drama,2.5,76,0,1,0,0,0,1
CUST101466,34,Male,East India,Standard,494.83,6,1,Smart TV,Net Banking,Drama,14.4,49,1,4,0,1,1,1
CUST101467,38,Female,South India,Basic,204.99,42,1,Mobile,Debit Card,Kids,7.7,30,1,4,0,1,1,0
CUST101468,40,Female,Central India,Premium,786.95,19,1,Mobile,Credit Card,Comedy,9.2,17,3,2,1,0,0,1
CUST101469,62,Female,West India,Standard,522.37,32,3,Smart TV,Net Banking,Documentary,7.4,83,0,1,1,1,0,0
CUST101470,33,Female,Central India,Premium,803.7,42,1,Laptop,Credit Card,Thriller,12.0,23,1,4,0,0,0,1
CUST101471,61,Male,South India,Premium,792.2,57,1,Laptop,Gift Card,Drama,15.9,15,3,3,1,0,0,0
CUST101472,19,Male,North India,Premium,791.26,30,1,Smart TV,Debit Card,Kids,5.7,10,0,4,0,0,0,1
CUST101473,29,Male,West India,Premium,788.57,26,3,Smart TV,Credit Card,Documentary,16.6,21,2,3,1,1,0,1
CUST101474,32,Male,Central India,Standard,509.59,3,4,Smart TV,Gift Card,Documentary,15.1,50,3,3,0,0,0,0
CUST101475,53,Male,North India,Premium,811.37,33,2,Laptop,Credit Card,Comedy,8.3,35,2,4,0,0,0,0
CUST101476,61,Male,North India,Basic,189.04,50,5,Mobile,UPI,Documentary,6.1,79,1,2,0,1,0,0
CUST101477,32,Male,East India,Basic,221.04,31,2,Laptop,Credit Card,Thriller,18.4,66,0,1,0,0,0,1
CUST101478,66,Male,South India,Premium,793.2,47,3,Mobile,UPI,Documentary,8.4,13,2,2,1,1,0,1
CUST101479,34,Female,East India,Standard,487.05,20,1,Mobile,Debit Card,Comedy,8.8,82,1,2,0,1,0,0
CUST101480,40,Female,South India,Premium,806.16,4,3,Mobile,Credit Card,Romance,12.5,10,2,4,1,0,0,1
CUST101481,52,Male,North India,Premium,781.01,32,4,Smart TV,Gift Card,Drama,14.6,13,3,3,1,1,0,1
CUST101482,61,Female,Central India,Basic,178.52,18,5,Mobile,Debit Card,Documentary,18.1,65,2,3,0,0,1,0
CUST101483,19,Male,South India,Premium,784.7,10,4,Tablet,Debit Card,Documentary,13.1,77,0,4,1,0,0,1
CUST101484,13,Male,South India,Basic,187.22,22,1,Smart TV,UPI,Action,10.9,25,0,1,0,1,0,0
CUST101485,44,Female,North India,Basic,210.24,54,3,Tablet,Debit Card,Thriller,11.4,76,1,2,1,0,0,1
CUST101486,25,Male,West India,Standard,479.56,51,3,Mobile,Credit Card,Kids,2.6,18,3,3,0,1,1,1
CUST101487,42,Male,North India,Basic,204.53,17,1,Smart TV,Credit Card,Thriller,8.2,77,1,3,0,1,0,1
CUST101488,35,Male,North India,Standard,511.62,42,1,Tablet,UPI,Kids,4.1,41,0,1,0,0,0,0
CUST101489,63,Male,South India,Standard,520.67,57,5,Mobile,Credit Card,Kids,15.0,88,1,2,0,0,0,0
CUST101490,68,Male,North India,Basic,191.62,4,4,Mobile,UPI,Thriller,6.1,10,0,4,1,1,0,1
CUST101491,31,Male,East India,Premium,792.81,57,1,Smart TV,Net Banking,Kids,16.8,34,4,4,0,1,0,0
CUST101492,44,Male,North India,Standard,529.55,37,1,Mobile,UPI,Documentary,7.1,41,0,3,1,1,0,1
CUST101493,42,Female,Central India,Basic,219.3,7,4,Mobile,Gift Card,Thriller,6.0,39,0,3,0,0,1,1
CUST101494,41,Female,North India,Basic,194.88,51,1,Tablet,Gift Card,Thriller,5.6,3,3,1,1,0,0,1
CUST101495,61,Male,North India,Premium,816.2,51,5,Laptop,Credit Card,Romance,1.5,47,3,2,0,1,0,1
CUST101496,57,Female,Central India,Premium,802.71,8,5,Smart TV,Net Banking,Action,5.0,9,0,4,1,1,0,0
CUST101497,41,Male,West India,Basic,199.24,1,4,Mobile,Gift Card,Comedy,5.6,44,3,1,0,0,0,1
CUST101498,42,Male,West India,Basic,236.25,56,2,Mobile,Gift Card,Comedy,15.9,86,2,3,0,0,0,1
CUST101499,28,Male,West India,Premium,815.12,8,5,Mobile,Gift Card,Drama,8.3,7,2,1,0,1,1,1
CUST101500,52,Male,East India,Standard,527.3,19,3,Smart TV,Credit Card,Kids,8.8,75,0,4,0,1,0,0
CUST101501,31,Female,Central India,Basic,183.07,17,3,Smart TV,Debit Card,Kids,7.6,17,1,2,1,1,0,0
CUST101502,30,Female,East India,Standard,525.96,41,2,Mobile,Debit Card,Kids,16.2,66,1,2,0,1,1,1
CUST101503,13,Female,East India,Standard,496.65,52,5,Tablet,Debit Card,Kids,11.0,3,0,3,0,1,0,0
CUST101504,26,Female,East India,Premium,796.46,55,1,Smart TV,Credit Card,Action,4.5,20,0,4,0,1,0,0
CUST101505,63,Male,Central India,Basic,204.85,48,2,Mobile,Debit Card,Kids,2.1,59,2,2,0,1,0,0
CUST101506,59,Female,South India,Standard,506.69,9,1,Laptop,UPI,Kids,6.9,72,2,2,1,1,1,1
CUST101507,62,Male,South India,Basic,214.83,51,3,Mobile,Credit Card,Documentary,17.3,43,0,4,0,1,1,1
CUST101508,14,Male,West India,Premium,812.25,16,2,Laptop,Credit Card,Kids,9.1,60,0,3,0,1,1,1
CUST101509,66,Female,East India,Premium,789.2,53,5,Laptop,Net Banking,Kids,17.0,78,0,1,0,0,0,1
CUST101510,40,Male,West India,Standard,484.05,58,3,Tablet,Gift Card,Drama,20.3,67,1,4,1,1,0,0
CUST101511,61,Female,East India,Standard,496.13,59,5,Mobile,Net Banking,Thriller,21.7,25,1,4,1,1,0,0
CUST101512,62,Female,West India,Standard,498.8,45,1,Mobile,Debit Card,Drama,8.1,65,0,4,0,1,0,0
CUST101513,42,Female,North India,Premium,800.34,51,5,Mobile,Credit Card,Comedy,4.9,84,1,3,0,1,1,1
CUST101514,50,Female,Central India,Basic,219.5,37,2,Mobile,Credit Card,Drama,14.7,17,1,2,0,0,1,0
CUST101515,63,Female,East India,Premium,801.77,27,1,Laptop,Debit Card,Drama,3.4,65,0,1,0,1,1,0
CUST101516,16,Male,East India,Basic,238.56,2,2,Laptop,Gift Card,Kids,10.1,6,2,2,0,1,1,0
CUST101517,13,Female,East India,Basic,220.69,36,1,Tablet,Net Banking,Action,4.6,19,2,1,0,1,0,0
CUST101518,20,Female,Central India,Standard,494.48,12,2,Mobile,Gift Card,Thriller,7.5,43,1,3,0,1,0,1
CUST101519,41,Male,North India,Premium,772.37,50,3,Laptop,Debit Card,Documentary,9.4,79,0,4,0,1,0,1
CUST101520,67,Female,South India,Premium,834.82,35,2,Mobile,Net Banking,Kids,7.2,77,0,2,1,1,1,1
CUST101521,51,Female,Central India,Standard,494.76,31,3,Tablet,Net Banking,Documentary,14.4,78,1,1,1,1,1,0
CUST101522,15,Male,North India,Standard,512.93,53,4,Mobile,Gift Card,Action,11.4,57,0,4,1,0,1,0
CUST101523,44,Male,West India,Premium,788.99,57,5,Laptop,Gift Card,Romance,4.2,49,1,4,1,1,0,0
CUST101524,22,Female,East India,Basic,222.98,19,1,Mobile,Credit Card,Kids,4.7,29,3,2,0,0,0,1
CUST101525,22,Male,East India,Premium,811.72,26,5,Mobile,Credit Card,Action,6.1,47,3,1,0,0,0,1
CUST101526,31,Female,South India,Standard,482.69,54,3,Laptop,Gift Card,Kids,17.8,70,0,1,0,1,0,0
CUST101527,58,Male,West India,Standard,469.68,36,3,Laptop,Debit Card,Kids,14.4,23,1,2,0,0,1,1
CUST101528,46,Female,North India,Basic,201.83,4,3,Laptop,Gift Card,Documentary,0.0,80,0,1,0,1,0,0
CUST101529,45,Female,West India,Standard,506.46,48,2,Mobile,Credit Card,Kids,11.8,80,2,4,0,1,0,1
CUST101530,35,Female,West India,Basic,210.44,43,5,Mobile,Net Banking,Drama,25.1,4,1,4,0,0,0,0
CUST101531,67,Male,South India,Basic,187.33,31,3,Mobile,Debit Card,Thriller,11.9,54,2,2,1,0,1,1
CUST101532,40,Female,North India,Basic,189.34,58,4,Laptop,Credit Card,Documentary,9.5,0,0,1,0,0,0,0
CUST101533,44,Male,South India,Basic,170.65,58,3,Mobile,Debit Card,Drama,6.2,49,1,1,0,0,0,0
CUST101534,62,Female,North India,Standard,490.72,13,5,Tablet,Debit Card,Drama,4.0,42,1,1,1,1,0,1
CUST101535,19,Female,Central India,Premium,774.53,53,3,Smart TV,Net Banking,Comedy,11.6,84,1,2,1,1,0,1
CUST101536,41,Female,Central India,Basic,188.31,43,3,Smart TV,Credit Card,Action,0.0,29,2,4,0,1,0,1
CUST101537,20,Female,East India,Standard,503.92,39,1,Laptop,Gift Card,Kids,6.0,67,1,4,1,1,0,1
CUST101538,13,Female,South India,Standard,503.71,59,3,Smart TV,Debit Card,Romance,9.8,68,3,3,1,0,0,0
CUST101539,69,Male,Central India,Standard,488.89,46,5,Mobile,Debit Card,Kids,16.6,40,0,3,0,0,0,0
CUST101540,67,Male,West India,Premium,803.08,4,1,Mobile,Net Banking,Documentary,0.9,20,0,3,0,1,1,0
CUST101541,15,Male,West India,Standard,521.17,40,1,Mobile,Credit Card,Documentary,7.4,19,1,1,1,1,0,0
CUST101542,36,Female,Central India,Premium,794.83,44,3,Smart TV,Debit Card,Kids,13.7,19,3,1,0,1,1,0
CUST101543,35,Female,South India,Standard,479.81,13,3,Mobile,Debit Card,Thriller,8.8,36,1,1,1,1,0,0
CUST101544,20,Male,East India,Standard,510.78,57,4,Smart TV,UPI,Romance,17.8,80,1,4,0,0,0,0
CUST101545,66,Female,West India,Standard,515.38,41,5,Mobile,UPI,Kids,13.3,72,1,3,1,1,1,0
CUST101546,69,Female,East India,Premium,788.55,9,5,Laptop,Debit Card,Kids,5.1,22,0,3,0,1,0,0
CUST101547,59,Female,West India,Premium,788.66,2,2,Laptop,Net Banking,Romance,10.2,83,1,2,1,1,0,1
CUST101548,49,Male,North India,Standard,469.25,35,2,Laptop,Gift Card,Documentary,5.1,8,1,2,1,0,0,0
CUST101549,15,Male,Central India,Premium,792.09,53,5,Mobile,UPI,Drama,9.5,89,1,3,0,0,1,1
CUST101550,63,Male,South India,Basic,185.16,12,3,Laptop,UPI,Drama,11.1,80,1,3,1,0,1,1
CUST101551,45,Male,West India,Premium,776.16,17,1,Laptop,Credit Card,Thriller,14.0,83,4,1,1,0,1,1
CUST101552,40,Male,Central India,Basic,193.53,4,4,Mobile,Gift Card,Romance,11.3,81,0,4,1,1,1,0
CUST101553,59,Female,East India,Basic,198.93,59,3,Tablet,UPI,Drama,2.9,84,0,4,0,1,1,1
CUST101554,20,Female,South India,Basic,196.18,14,1,Mobile,Gift Card,Drama,0.0,62,0,2,0,1,0,1
CUST101555,46,Female,South India,Premium,794.14,21,5,Mobile,Gift Card,Documentary,13.1,25,0,2,1,0,0,0
CUST101556,47,Female,Central India,Premium,821.87,41,3,Smart TV,Credit Card,Romance,0.0,38,2,2,0,1,1,0
CUST101557,44,Male,Central India,Premium,803.61,8,4,Mobile,Debit Card,Action,11.0,14,1,2,0,0,0,0
CUST101558,36,Male,Central India,Premium,808.76,33,2,Laptop,Debit Card,Documentary,4.3,61,2,3,0,1,1,1
CUST101559,26,Female,North India,Standard,526.16,45,1,Mobile,UPI,Comedy,9.8,57,3,3,0,1,1,0
CUST101560,44,Male,North India,Premium,813.8,28,3,Smart TV,Credit Card,Thriller,9.0,30,1,4,1,1,0,0
CUST101561,68,Female,South India,Premium,794.9,3,4,Smart TV,UPI,Kids,11.7,82,1,3,1,0,0,1
CUST101562,58,Female,Central India,Standard,471.2,14,3,Laptop,UPI,Drama,9.9,67,2,4,0,0,1,1
CUST101563,55,Female,North India,Basic,193.43,19,5,Mobile,Debit Card,Romance,14.0,36,1,1,1,1,0,0
CUST101564,28,Female,South India,Standard,520.83,59,1,Laptop,Credit Card,Documentary,11.4,61,0,3,0,1,1,1
CUST101565,16,Male,West India,Premium,813.7,6,5,Mobile,Gift Card,Documentary,16.6,63,3,1,0,1,0,0
CUST101566,64,Female,Central India,Premium,793.49,36,5,Laptop,Debit Card,Kids,6.9,46,0,1,0,1,0,1
CUST101567,49,Male,North India,Premium,797.81,20,2,Tablet,UPI,Kids,3.4,70,1,1,0,0,0,0
CUST101568,66,Female,South India,Premium,800.92,1,5,Mobile,UPI,Drama,11.5,55,2,4,1,1,0,1
CUST101569,33,Female,Central India,Premium,789.76,60,4,Mobile,Net Banking,Thriller,9.3,16,3,4,1,1,0,1
CUST101570,26,Female,South India,Premium,790.66,10,1,Smart TV,Credit Card,Documentary,12.1,9,0,3,0,1,1,0
CUST101571,43,Female,West India,Standard,489.27,13,2,Mobile,Gift Card,Action,9.5,42,0,1,0,0,0,1
CUST101572,67,Male,South India,Basic,206.39,12,3,Mobile,Gift Card,Kids,16.1,60,1,2,0,0,0,1
CUST101573,60,Female,South India,Standard,483.16,11,5,Mobile,UPI,Drama,12.7,13,1,2,1,0,1,1
CUST101574,30,Male,West India,Standard,520.63,36,3,Smart TV,Net Banking,Thriller,2.6,81,0,4,1,0,0,0
CUST101575,19,Female,East India,Premium,798.91,17,2,Mobile,Net Banking,Comedy,7.5,8,1,4,1,0,0,0
CUST101576,22,Female,Central India,Standard,482.41,47,3,Smart TV,Credit Card,Kids,10.9,79,0,4,0,1,1,1
CUST101577,19,Female,West India,Basic,214.39,53,4,Smart TV,UPI,Drama,7.5,72,1,4,0,0,1,0
CUST101578,45,Male,West India,Basic,221.5,29,2,Laptop,UPI,Comedy,6.2,10,5,4,1,0,1,1
CUST101579,35,Female,Central India,Standard,546.12,3,1,Tablet,UPI,Drama,17.6,26,1,1,0,0,0,1
CUST101580,33,Female,South India,Standard,519.56,29,1,Smart TV,Credit Card,Documentary,14.5,13,0,2,0,1,0,0
CUST101581,31,Female,North India,Basic,185.87,10,1,Mobile,Gift Card,Thriller,5.5,13,1,4,0,1,0,1
CUST101582,60,Female,Central India,Basic,202.15,53,1,Mobile,Debit Card,Action,15.3,28,0,2,1,1,0,1
CUST101583,31,Female,West India,Standard,536.93,46,2,Smart TV,Net Banking,Comedy,14.7,10,0,2,0,0,0,1
CUST101584,48,Male,South India,Basic,187.33,19,2,Tablet,Gift Card,Romance,13.5,14,4,1,1,1,1,1
CUST101585,41,Male,East India,Basic,179.95,53,2,Laptop,Debit Card,Comedy,0.8,43,1,3,0,1,1,0
CUST101586,30,Female,South India,Standard,493.15,4,5,Mobile,Gift Card,Romance,10.9,13,1,2,1,1,0,0
CUST101587,14,Female,North India,Standard,483.78,57,2,Laptop,Gift Card,Drama,4.1,2,0,4,0,0,0,1
CUST101588,13,Male,South India,Standard,489.89,46,2,Laptop,Gift Card,Comedy,8.8,11,2,2,1,0,0,1
CUST101589,59,Female,North India,Basic,189.08,38,2,Mobile,Gift Card,Romance,16.7,57,2,1,1,0,1,0
CUST101590,17,Male,East India,Premium,809.74,12,1,Laptop,UPI,Drama,7.6,13,0,3,0,0,0,1
CUST101591,32,Female,East India,Standard,479.55,31,4,Mobile,Gift Card,Drama,9.0,40,2,1,1,1,0,1
CUST101592,23,Female,South India,Basic,200.96,58,1,Smart TV,Debit Card,Comedy,1.5,16,0,4,0,1,1,0
CUST101593,54,Male,Central India,Basic,187.53,2,4,Mobile,Debit Card,Comedy,10.8,80,0,3,1,1,0,1
CUST101594,14,Female,Central India,Basic,207.25,49,4,Mobile,Net Banking,Romance,18.4,86,0,3,0,0,0,1
CUST101595,15,Male,Central India,Basic,208.88,1,4,Laptop,Credit Card,Documentary,22.4,35,3,3,1,0,1,1
CUST101596,35,Male,East India,Basic,212.39,17,1,Laptop,Debit Card,Documentary,15.5,24,1,4,0,1,0,0
CUST101597,67,Male,North India,Standard,512.39,25,5,Mobile,Debit Card,Kids,7.5,31,0,4,0,1,0,0
CUST101598,24,Female,West India,Standard,489.68,5,3,Mobile,Debit Card,Documentary,12.8,22,2,1,0,1,0,1
CUST101599,32,Male,South India,Standard,498.93,48,5,Smart TV,Debit Card,Thriller,7.2,40,1,1,1,0,0,1
CUST101600,17,Male,North India,Premium,821.04,14,1,Laptop,Credit Card,Action,11.0,79,1,2,1,1,0,1
CUST101601,49,Female,West India,Basic,205.63,52,4,Mobile,Credit Card,Documentary,13.1,42,1,2,0,1,1,0
CUST101602,50,Female,East India,Premium,812.31,10,3,Laptop,Gift Card,Documentary,1.7,73,2,3,0,0,1,1
CUST101603,42,Female,West India,Basic,180.74,21,5,Tablet,Debit Card,Drama,14.6,56,0,2,1,1,0,0
CUST101604,21,Female,East India,Standard,513.3,25,2,Smart TV,Debit Card,Action,12.6,33,1,3,1,1,0,0
CUST101605,46,Female,East India,Basic,170.71,35,5,Mobile,Net Banking,Comedy,5.5,32,0,4,0,0,0,1
CUST101606,65,Female,North India,Premium,776.06,3,1,Mobile,Net Banking,Thriller,0.0,56,0,4,0,1,1,1
CUST101607,56,Male,Central India,Standard,485.51,60,3,Mobile,Net Banking,Comedy,11.2,27,3,4,0,1,1,0
CUST101608,47,Female,Central India,Basic,205.38,18,2,Mobile,Net Banking,Drama,14.2,50,2,4,0,0,1,0
CUST101609,64,Male,North India,Standard,507.95,56,3,Laptop,Gift Card,Thriller,8.0,59,0,3,1,0,0,0
CUST101610,34,Female,South India,Basic,186.79,55,3,Mobile,UPI,Documentary,8.1,6,2,1,1,1,1,0
CUST101611,56,Male,East India,Premium,770.13,50,5,Mobile,Net Banking,Romance,13.4,1,0,3,1,0,1,0
CUST101612,36,Male,South India,Standard,513.3,36,4,Smart TV,Net Banking,Action,6.2,34,0,1,0,0,0,0
CUST101613,29,Female,East India,Basic,207.81,39,5,Laptop,Credit Card,Action,14.1,47,2,4,0,1,0,0
CUST101614,22,Female,East India,Standard,505.42,33,2,Mobile,Debit Card,Documentary,8.3,6,0,3,0,1,0,1
CUST101615,42,Male,Central India,Basic,227.9,48,1,Laptop,Gift Card,Comedy,11.4,76,2,4,1,0,0,1
CUST101616,68,Female,Central India,Standard,501.25,17,5,Smart TV,Debit Card,Comedy,12.0,66,0,4,0,1,1,1
CUST101617,58,Female,East India,Basic,184.12,40,4,Smart TV,UPI,Documentary,19.4,88,1,3,1,1,0,1
CUST101618,35,Male,Central India,Standard,518.93,6,4,Laptop,Gift Card,Documentary,11.6,70,2,3,1,1,0,0
CUST101619,44,Male,Central India,Premium,792.89,34,5,Mobile,UPI,Action,4.6,61,0,2,1,1,1,1
CUST101620,29,Male,West India,Basic,197.42,26,2,Smart TV,Debit Card,Comedy,6.8,54,2,4,1,1,0,1
CUST101621,62,Female,West India,Premium,790.95,42,4,Laptop,Credit Card,Kids,6.8,21,0,3,1,1,1,1
CUST101622,63,Female,East India,Standard,486.51,31,4,Laptop,Net Banking,Thriller,13.1,27,0,2,0,1,1,0
CUST101623,29,Female,Central India,Basic,192.68,49,2,Mobile,Debit Card,Thriller,9.6,4,0,3,1,0,0,1
CUST101624,26,Female,West India,Standard,521.81,51,2,Mobile,Gift Card,Drama,9.9,65,0,1,0,0,0,1
CUST101625,21,Male,South India,Standard,483.0,28,2,Mobile,Net Banking,Drama,17.1,47,1,2,0,0,0,1
CUST101626,52,Female,East India,Standard,515.04,36,2,Laptop,Gift Card,Drama,15.3,55,0,2,0,0,1,1
CUST101627,14,Male,East India,Basic,171.26,13,5,Laptop,UPI,Romance,8.3,35,0,3,1,0,0,1
CUST101628,57,Female,South India,Basic,223.01,21,5,Smart TV,Gift Card,Comedy,20.3,23,1,2,0,0,0,0
CUST101629,37,Female,East India,Premium,824.59,59,3,Mobile,Credit Card,Thriller,23.5,31,0,2,0,1,0,0
CUST101630,51,Male,Central India,Standard,483.64,26,3,Mobile,UPI,Comedy,4.9,85,1,3,1,0,0,1
CUST101631,21,Female,West India,Standard,500.18,51,3,Smart TV,Debit Card,Documentary,6.8,69,1,1,0,1,0,1
CUST101632,66,Female,North India,Basic,208.66,31,4,Tablet,Net Banking,Action,3.5,86,1,1,0,1,0,1
CUST101633,34,Male,West India,Premium,789.94,16,2,Laptop,Net Banking,Kids,18.5,45,0,4,0,1,0,0
CUST101634,55,Female,South India,Premium,827.24,31,5,Laptop,Credit Card,Drama,4.9,77,1,2,0,1,1,1
CUST101635,58,Male,North India,Basic,199.32,13,5,Smart TV,Gift Card,Documentary,7.0,54,2,4,0,1,0,0
CUST101636,16,Male,Central India,Basic,191.2,30,2,Tablet,Debit Card,Documentary,24.4,14,2,4,1,1,0,0
CUST101637,38,Male,Central India,Premium,800.18,32,3,Laptop,Gift Card,Kids,15.7,42,0,4,1,0,1,1
CUST101638,41,Male,West India,Premium,787.96,5,4,Mobile,Gift Card,Action,8.4,62,0,4,1,1,1,1
CUST101639,57,Female,East India,Standard,499.31,12,5,Laptop,Credit Card,Thriller,9.8,61,0,2,0,1,0,1
CUST101640,46,Female,East India,Premium,792.25,39,1,Smart TV,UPI,Thriller,0.0,69,1,1,1,1,0,1
CUST101641,35,Female,South India,Standard,487.31,59,4,Smart TV,UPI,Romance,9.6,21,1,1,1,0,0,1
CUST101642,49,Male,East India,Basic,210.96,41,4,Tablet,Credit Card,Documentary,11.4,87,2,4,0,1,0,0
CUST101643,23,Female,Central India,Standard,473.61,37,3,Mobile,Credit Card,Action,3.6,77,0,2,0,1,0,1
CUST101644,18,Female,North India,Standard,525.44,4,2,Laptop,Credit Card,Thriller,11.3,24,2,4,0,1,0,1
CUST101645,30,Female,West India,Premium,802.46,42,1,Smart TV,Gift Card,Romance,22.3,60,2,3,0,0,1,0
CUST101646,33,Female,West India,Basic,226.71,48,3,Tablet,Gift Card,Drama,18.8,37,1,4,0,1,0,1
CUST101647,54,Male,West India,Standard,513.43,43,2,Mobile,Debit Card,Comedy,19.5,50,1,3,1,1,0,0
CUST101648,48,Male,East India,Premium,778.85,29,1,Laptop,Credit Card,Action,8.2,77,7,1,1,0,0,1
CUST101649,53,Female,North India,Basic,200.06,41,5,Mobile,Gift Card,Kids,7.7,84,1,3,0,1,1,1
CUST101650,50,Male,East India,Standard,472.07,56,1,Mobile,UPI,Romance,13.5,80,3,1,1,1,0,1
CUST101651,46,Female,East India,Premium,785.45,5,3,Mobile,Credit Card,Documentary,6.8,77,0,2,1,1,1,1
CUST101652,29,Female,Central India,Standard,496.95,57,1,Smart TV,UPI,Comedy,14.3,57,1,2,0,0,1,0
CUST101653,49,Female,Central India,Standard,488.42,11,1,Tablet,Net Banking,Thriller,15.8,8,3,4,1,1,0,0
CUST101654,37,Male,East India,Premium,791.85,30,1,Mobile,Debit Card,Thriller,23.2,81,1,1,1,1,0,0
CUST101655,50,Female,South India,Basic,188.99,9,5,Mobile,Net Banking,Kids,2.1,10,0,2,0,1,0,0
CUST101656,24,Male,South India,Premium,832.44,49,2,Mobile,Debit Card,Action,16.3,48,1,1,1,1,0,0
CUST101657,35,Male,South India,Standard,500.78,28,1,Smart TV,Credit Card,Comedy,7.1,68,1,3,1,1,0,0
CUST101658,65,Female,East India,Standard,508.35,22,4,Mobile,Debit Card,Thriller,19.1,87,1,4,0,0,0,1
CUST101659,54,Male,North India,Standard,498.22,11,3,Tablet,Gift Card,Action,12.2,52,0,1,0,0,1,1
CUST101660,34,Male,South India,Premium,804.06,21,4,Smart TV,UPI,Comedy,10.9,68,0,3,0,1,0,1
CUST101661,33,Female,Central India,Basic,168.17,6,2,Laptop,Gift Card,Romance,15.8,9,1,4,1,0,1,0
CUST101662,39,Male,West India,Basic,224.06,26,3,Laptop,Credit Card,Romance,15.9,1,2,4,0,0,1,1
CUST101663,69,Male,West India,Basic,188.17,16,2,Smart TV,Net Banking,Documentary,7.8,86,3,4,0,0,0,1
CUST101664,43,Female,East India,Basic,216.19,51,3,Tablet,UPI,Documentary,10.6,31,0,2,1,0,0,0
CUST101665,18,Female,West India,Standard,516.77,14,4,Tablet,Credit Card,Romance,6.5,64,2,3,1,0,1,1
CUST101666,39,Male,East India,Premium,772.03,35,4,Mobile,Gift Card,Thriller,10.9,17,1,1,0,1,0,0
CUST101667,52,Female,West India,Premium,799.84,42,5,Tablet,Gift Card,Romance,15.7,15,1,1,0,1,0,0
CUST101668,46,Female,North India,Basic,205.08,53,2,Smart TV,Debit Card,Action,19.3,15,2,4,1,1,0,1
CUST101669,24,Male,North India,Standard,500.65,55,4,Mobile,Debit Card,Drama,0.0,36,1,1,0,0,1,0
CUST101670,57,Male,North India,Standard,498.99,36,3,Smart TV,Net Banking,Thriller,16.9,54,3,3,0,1,0,0
CUST101671,69,Female,North India,Basic,192.46,22,1,Mobile,Debit Card,Drama,14.6,58,1,4,1,1,0,0
CUST101672,65,Male,South India,Premium,788.29,53,1,Smart TV,Debit Card,Comedy,3.0,54,3,3,0,0,1,1
CUST101673,19,Female,Central India,Premium,814.87,2,1,Laptop,Debit Card,Action,0.5,87,1,1,1,0,0,1
CUST101674,22,Female,North India,Premium,804.97,13,5,Mobile,Net Banking,Kids,10.1,53,0,3,1,0,1,0
CUST101675,57,Male,South India,Standard,501.78,11,4,Mobile,Credit Card,Thriller,9.6,82,0,2,1,1,0,1
CUST101676,29,Male,East India,Standard,474.98,12,2,Tablet,UPI,Documentary,10.4,39,0,2,1,1,0,1
CUST101677,38,Female,West India,Basic,195.15,33,2,Smart TV,Credit Card,Romance,19.2,0,1,4,1,1,1,0
CUST101678,33,Female,West India,Standard,498.16,22,5,Mobile,Credit Card,Comedy,1.0,10,1,2,0,1,0,1
CUST101679,40,Female,South India,Standard,511.61,53,3,Tablet,Credit Card,Kids,3.3,82,0,2,1,0,0,1
CUST101680,58,Female,West India,Premium,772.85,9,4,Tablet,Gift Card,Romance,1.8,4,0,3,0,1,1,0
CUST101681,14,Male,North India,Premium,782.56,44,4,Mobile,UPI,Comedy,17.0,20,1,4,1,1,0,1
CUST101682,66,Female,West India,Premium,825.98,7,3,Mobile,UPI,Comedy,14.2,54,0,2,1,1,0,0
CUST101683,55,Male,North India,Premium,787.04,17,3,Tablet,Gift Card,Drama,11.0,19,2,1,0,1,1,1
CUST101684,13,Male,North India,Basic,171.23,10,4,Mobile,Gift Card,Drama,6.9,81,0,4,0,1,1,0
CUST101685,63,Female,West India,Standard,488.53,38,4,Smart TV,Debit Card,Kids,8.8,22,1,1,0,1,1,0
CUST101686,65,Male,South India,Basic,187.09,59,1,Mobile,Gift Card,Comedy,7.7,82,0,2,0,1,0,0
CUST101687,48,Male,East India,Basic,208.77,39,2,Laptop,Net Banking,Romance,13.8,9,2,2,0,0,0,1
CUST101688,63,Female,South India,Standard,508.58,51,1,Mobile,Gift Card,Thriller,21.5,47,2,1,0,1,0,0
CUST101689,38,Male,Central India,Standard,484.46,46,1,Smart TV,Debit Card,Drama,3.4,44,2,4,0,0,1,1
CUST101690,41,Male,Central India,Standard,493.32,25,2,Mobile,Gift Card,Action,7.4,33,2,3,0,0,0,1
CUST101691,33,Female,North India,Basic,207.05,27,5,Mobile,Net Banking,Romance,8.6,60,0,4,1,1,0,0
CUST101692,23,Female,North India,Basic,207.56,30,5,Mobile,Gift Card,Documentary,0.0,63,0,1,0,1,0,1
CUST101693,52,Female,South India,Basic,183.48,30,5,Mobile,Credit Card,Thriller,15.3,42,3,1,0,1,0,0
CUST101694,23,Female,South India,Basic,185.14,43,5,Laptop,UPI,Kids,10.5,84,1,2,0,0,0,0
CUST101695,48,Female,North India,Basic,230.74,34,3,Tablet,Net Banking,Kids,12.4,63,1,2,0,1,0,1
CUST101696,61,Female,East India,Standard,495.1,33,1,Laptop,Net Banking,Romance,6.5,39,0,2,1,0,0,0
CUST101697,51,Female,East India,Premium,821.4,32,3,Smart TV,Net Banking,Action,12.4,43,0,1,0,1,0,0
CUST101698,52,Male,Central India,Standard,502.43,58,3,Mobile,Credit Card,Kids,9.1,78,4,2,1,1,1,1
CUST101699,47,Male,East India,Standard,515.43,42,2,Mobile,Credit Card,Romance,10.4,21,0,3,0,0,0,1
CUST101700,66,Female,West India,Basic,208.38,12,5,Mobile,UPI,Kids,16.6,16,2,2,0,1,0,0
CUST101701,46,Male,North India,Premium,801.56,41,4,Laptop,Debit Card,Drama,12.2,41,1,4,1,1,0,0
CUST101702,67,Male,South India,Basic,201.39,23,5,Mobile,UPI,Documentary,1.0,6,2,2,1,1,0,1
CUST101703,59,Female,North India,Premium,780.39,58,1,Tablet,Net Banking,Comedy,9.5,63,2,2,0,1,1,0
CUST101704,36,Male,West India,Premium,796.5,29,3,Laptop,Net Banking,Romance,17.2,51,0,1,0,1,0,0
CUST101705,66,Female,East India,Premium,791.17,43,1,Tablet,Net Banking,Documentary,8.8,24,2,2,1,1,0,1
CUST101706,34,Male,North India,Basic,194.08,1,3,Smart TV,UPI,Comedy,14.6,57,0,2,1,1,0,0
CUST101707,17,Female,West India,Standard,493.46,20,3,Smart TV,Debit Card,Kids,19.3,21,1,4,1,1,0,1
CUST101708,68,Male,East India,Basic,201.44,10,3,Mobile,Debit Card,Action,15.3,73,0,4,1,1,0,0
CUST101709,45,Male,Central India,Basic,208.57,19,4,Smart TV,UPI,Action,13.1,54,0,3,0,1,1,1
CUST101710,48,Male,Central India,Basic,196.94,59,5,Tablet,Net Banking,Thriller,11.3,49,2,1,0,1,1,0
CUST101711,59,Female,Central India,Premium,813.32,23,3,Mobile,UPI,Action,8.7,45,0,1,0,1,0,0
CUST101712,32,Male,West India,Premium,792.77,21,2,Mobile,UPI,Drama,9.4,15,4,3,1,1,1,1
CUST101713,31,Male,West India,Basic,200.3,57,3,Mobile,Gift Card,Drama,18.3,76,1,2,0,0,0,0
CUST101714,47,Female,South India,Standard,536.85,43,5,Tablet,Gift Card,Documentary,14.1,42,2,4,0,1,1,0
CUST101715,64,Female,South India,Premium,780.98,35,5,Mobile,Credit Card,Kids,9.1,34,1,3,1,1,1,0
CUST101716,55,Male,Central India,Standard,492.68,59,4,Laptop,Credit Card,Comedy,8.3,57,0,4,0,1,0,0
CUST101717,29,Male,North India,Standard,471.78,48,3,Mobile,UPI,Kids,10.5,29,2,1,0,1,1,0
CUST101718,57,Male,East India,Standard,502.43,32,2,Laptop,Gift Card,Documentary,12.0,48,0,4,0,1,0,0
CUST101719,55,Male,South India,Premium,799.25,54,4,Smart TV,Net Banking,Thriller,7.9,68,2,2,0,1,1,0
CUST101720,46,Female,East India,Standard,500.89,10,4,Mobile,Credit Card,Kids,3.0,38,1,2,1,1,0,1
CUST101721,21,Male,North India,Premium,785.33,2,3,Laptop,Net Banking,Thriller,13.2,60,0,2,0,0,0,1
CUST101722,38,Male,Central India,Standard,487.57,51,3,Laptop,Net Banking,Kids,7.6,69,0,3,0,1,1,1
CUST101723,14,Female,East India,Basic,199.81,36,4,Smart TV,Credit Card,Drama,6.3,83,1,3,0,1,0,1
CUST101724,65,Male,Central India,Basic,177.96,48,4,Laptop,UPI,Thriller,7.4,38,0,1,0,1,1,0
CUST101725,21,Male,East India,Basic,212.22,6,4,Mobile,Gift Card,Kids,6.1,5,0,2,1,0,0,1
CUST101726,21,Male,North India,Standard,478.14,43,1,Tablet,Credit Card,Drama,14.4,4,3,2,0,1,0,0
CUST101727,52,Female,South India,Basic,196.74,17,4,Mobile,Debit Card,Comedy,15.7,6,0,3,0,1,0,1
CUST101728,29,Female,West India,Premium,792.46,15,5,Mobile,Debit Card,Romance,14.4,78,0,2,0,0,0,0
CUST101729,13,Male,Central India,Standard,491.5,54,2,Mobile,Net Banking,Documentary,11.4,81,0,1,1,1,0,0
CUST101730,37,Male,South India,Premium,774.91,36,2,Mobile,Debit Card,Kids,2.4,26,0,1,0,0,0,0
CUST101731,55,Female,East India,Premium,798.34,24,3,Smart TV,Net Banking,Thriller,13.1,22,2,3,1,1,0,1
CUST101732,52,Male,South India,Premium,780.88,57,4,Smart TV,Gift Card,Comedy,21.9,87,1,4,0,1,0,0
CUST101733,54,Male,West India,Premium,801.1,40,2,Smart TV,Credit Card,Thriller,8.9,88,1,1,1,1,1,1
CUST101734,37,Female,Central India,Standard,487.61,56,2,Mobile,Credit Card,Action,0.4,83,2,4,0,1,1,0
CUST101735,51,Female,Central India,Basic,198.25,29,5,Mobile,Gift Card,Romance,14.4,45,1,1,0,1,1,0
CUST101736,47,Female,South India,Premium,771.83,50,5,Laptop,Net Banking,Thriller,0.0,20,5,2,0,1,0,0
CUST101737,15,Male,North India,Premium,812.68,14,1,Laptop,UPI,Comedy,4.3,39,1,2,1,1,0,1
CUST101738,62,Male,East India,Premium,815.45,58,1,Mobile,Debit Card,Thriller,8.5,65,2,4,1,0,0,1
CUST101739,49,Male,South India,Standard,490.72,2,2,Smart TV,Gift Card,Action,16.7,47,2,3,0,1,0,0
CUST101740,56,Male,North India,Standard,541.02,48,3,Mobile,Debit Card,Romance,11.0,48,2,4,0,0,1,0
CUST101741,56,Female,Central India,Basic,210.41,22,2,Laptop,UPI,Romance,6.4,41,0,3,1,0,0,1
CUST101742,63,Male,East India,Standard,495.13,47,3,Tablet,Net Banking,Thriller,6.5,45,0,1,1,0,0,0
CUST101743,42,Male,Central India,Basic,191.64,53,2,Mobile,Debit Card,Romance,3.5,83,2,3,1,1,1,1
CUST101744,50,Female,West India,Basic,187.28,6,5,Laptop,Net Banking,Comedy,6.8,10,2,4,1,1,0,1
CUST101745,46,Female,North India,Standard,490.14,9,4,Mobile,UPI,Romance,8.7,65,0,4,0,0,0,1
CUST101746,24,Male,West India,Standard,497.35,12,2,Mobile,Net Banking,Romance,10.4,60,1,3,0,0,0,0
CUST101747,31,Female,West India,Basic,198.34,42,1,Smart TV,UPI,Drama,13.7,14,1,3,0,0,0,1
CUST101748,49,Female,West India,Premium,777.94,39,3,Smart TV,Credit Card,Romance,11.2,25,3,1,0,0,0,1
CUST101749,56,Male,North India,Premium,819.32,5,3,Laptop,Debit Card,Comedy,2.9,2,1,1,1,0,0,0
CUST101750,61,Male,East India,Standard,510.8,58,2,Laptop,Debit Card,Drama,0.0,17,1,4,0,1,0,0
CUST101751,29,Male,Central India,Standard,526.71,55,3,Tablet,UPI,Romance,6.2,19,5,1,1,1,0,0
CUST101752,22,Male,East India,Premium,804.52,40,1,Smart TV,UPI,Drama,22.2,87,0,1,1,0,0,1
CUST101753,69,Female,East India,Basic,214.7,59,5,Smart TV,Gift Card,Documentary,8.0,58,1,3,1,0,0,1
CUST101754,67,Female,East India,Standard,480.25,44,4,Smart TV,UPI,Kids,11.1,79,1,2,0,1,0,0
CUST101755,61,Male,Central India,Basic,208.03,1,4,Mobile,UPI,Comedy,1.6,86,1,4,1,1,0,0
CUST101756,59,Male,Central India,Standard,472.13,10,3,Smart TV,Net Banking,Romance,6.6,9,0,1,1,0,0,0
CUST101757,24,Female,North India,Standard,484.43,11,2,Laptop,Net Banking,Documentary,13.8,85,1,4,1,1,1,0
CUST101758,28,Male,South India,Standard,536.6,27,3,Mobile,Debit Card,Drama,13.2,83,1,3,1,1,0,1
CUST101759,36,Male,Central India,Basic,193.75,23,1,Tablet,Net Banking,Thriller,10.1,47,0,2,1,1,0,1
CUST101760,31,Male,Central India,Basic,198.71,20,2,Smart TV,Net Banking,Drama,12.4,73,1,3,0,1,0,1
CUST101761,20,Male,South India,Standard,509.53,5,5,Laptop,Debit Card,Comedy,17.8,25,1,2,0,0,1,1
CUST101762,43,Female,Central India,Standard,498.42,13,1,Tablet,Credit Card,Comedy,11.0,48,4,3,1,1,1,1
CUST101763,33,Male,East India,Standard,483.68,50,5,Smart TV,Gift Card,Comedy,19.9,85,2,2,1,0,1,1
CUST101764,29,Female,Central India,Basic,184.05,10,2,Mobile,Net Banking,Comedy,12.3,11,3,2,0,0,1,1
CUST101765,35,Male,North India,Standard,511.02,53,5,Laptop,Credit Card,Romance,6.2,70,2,3,0,1,0,0
CUST101766,49,Male,Central India,Basic,203.47,57,1,Laptop,Gift Card,Thriller,5.3,60,1,1,0,1,0,1
CUST101767,66,Female,South India,Basic,211.55,49,1,Mobile,Debit Card,Romance,8.0,61,0,1,0,1,1,1
CUST101768,28,Male,East India,Standard,507.81,51,3,Mobile,Net Banking,Documentary,9.3,17,1,1,1,1,0,1
CUST101769,18,Female,South India,Standard,499.91,36,2,Mobile,Net Banking,Action,15.9,47,1,2,0,1,0,0
CUST101770,20,Male,Central India,Basic,199.2,41,4,Mobile,UPI,Documentary,17.6,43,2,4,0,0,0,1
CUST101771,37,Male,Central India,Basic,200.45,50,4,Tablet,Net Banking,Drama,8.6,41,1,4,1,1,0,0
CUST101772,30,Male,North India,Standard,493.54,16,5,Mobile,Net Banking,Comedy,12.9,74,1,3,0,0,0,1
CUST101773,37,Male,East India,Basic,193.72,7,4,Laptop,Credit Card,Comedy,11.4,75,2,1,0,1,0,1
CUST101774,24,Male,Central India,Standard,506.53,32,4,Laptop,Credit Card,Action,9.0,31,0,4,1,0,0,0
CUST101775,27,Female,North India,Standard,520.61,25,1,Laptop,Net Banking,Romance,12.4,35,1,1,1,0,0,1
CUST101776,38,Female,North India,Basic,173.86,44,1,Mobile,Gift Card,Romance,13.5,35,0,3,0,0,0,1
CUST101777,53,Male,South India,Basic,234.81,26,1,Smart TV,Debit Card,Documentary,22.5,9,3,4,1,0,0,1
CUST101778,57,Male,East India,Premium,809.39,36,4,Tablet,Credit Card,Drama,20.2,40,2,1,0,0,0,1
CUST101779,38,Female,West India,Standard,505.53,53,5,Mobile,Gift Card,Comedy,17.8,2,0,3,0,0,0,0
CUST101780,59,Female,North India,Standard,483.88,28,2,Mobile,Net Banking,Romance,8.6,47,1,4,0,0,0,1
CUST101781,44,Male,West India,Standard,488.32,44,3,Laptop,UPI,Kids,3.5,47,2,1,0,0,1,1
CUST101782,22,Male,South India,Standard,508.17,12,5,Smart TV,Credit Card,Action,12.8,48,3,4,0,0,0,1
CUST101783,28,Female,North India,Premium,802.76,26,1,Smart TV,Credit Card,Action,0.0,38,0,3,0,1,0,1
CUST101784,19,Male,East India,Standard,479.62,4,5,Tablet,UPI,Kids,9.4,75,1,3,0,1,1,0
CUST101785,29,Female,West India,Basic,186.07,44,2,Laptop,Net Banking,Drama,12.9,57,4,3,0,1,0,0
CUST101786,35,Male,East India,Standard,487.9,23,1,Mobile,Credit Card,Action,3.8,15,4,2,1,0,0,1
CUST101787,38,Female,West India,Standard,486.62,40,2,Smart TV,Net Banking,Kids,11.8,28,0,3,0,1,0,0
CUST101788,33,Female,South India,Standard,503.07,24,3,Mobile,Gift Card,Action,15.1,64,0,3,0,0,0,1
CUST101789,34,Male,North India,Standard,483.64,31,5,Mobile,Credit Card,Documentary,9.5,44,0,4,0,1,0,1
CUST101790,19,Female,North India,Premium,810.68,30,3,Smart TV,Net Banking,Comedy,10.5,71,0,1,1,1,0,0
CUST101791,26,Male,South India,Standard,476.72,3,4,Mobile,Gift Card,Documentary,14.5,79,2,4,1,0,0,0
CUST101792,27,Male,Central India,Basic,213.64,16,5,Tablet,Credit Card,Action,20.3,59,2,1,1,0,0,0
CUST101793,65,Male,West India,Basic,244.9,34,4,Mobile,Debit Card,Thriller,11.4,89,2,1,1,0,0,0
CUST101794,19,Male,West India,Standard,510.68,38,2,Smart TV,Net Banking,Drama,14.1,21,2,4,1,1,1,0
CUST101795,21,Female,Central India,Basic,190.84,28,4,Laptop,Gift Card,Romance,8.3,24,1,4,1,1,0,0
CUST101796,63,Male,South India,Basic,191.5,49,2,Laptop,Debit Card,Action,14.2,87,2,3,0,1,0,0
CUST101797,60,Male,East India,Standard,482.15,44,3,Smart TV,Net Banking,Action,14.3,6,2,1,0,0,1,1
CUST101798,20,Male,East India,Standard,515.18,41,1,Smart TV,Credit Card,Kids,13.0,20,0,2,0,0,1,0
CUST101799,62,Male,South India,Premium,801.45,48,3,Tablet,Net Banking,Documentary,20.4,64,0,4,1,1,0,0
CUST101800,35,Female,East India,Basic,171.86,7,4,Mobile,Gift Card,Drama,8.4,1,0,2,0,0,0,1
CUST101801,41,Male,South India,Basic,177.2,8,2,Laptop,Credit Card,Kids,10.3,16,1,3,1,1,0,1
CUST101802,30,Female,West India,Basic,172.64,7,4,Tablet,Credit Card,Comedy,18.6,47,1,4,0,1,0,0
CUST101803,43,Female,West India,Standard,510.44,53,1,Mobile,Credit Card,Drama,8.3,18,3,4,1,1,0,1
CUST101804,42,Female,Central India,Basic,183.97,37,5,Tablet,UPI,Action,14.9,46,1,1,1,1,0,0
CUST101805,64,Male,South India,Standard,511.51,55,5,Laptop,Gift Card,Documentary,21.1,60,0,4,0,1,0,0
CUST101806,51,Male,East India,Basic,190.63,7,5,Smart TV,Debit Card,Romance,14.9,13,1,3,1,0,0,1
CUST101807,47,Male,South India,Standard,510.89,50,4,Mobile,Credit Card,Thriller,12.7,55,1,3,1,0,0,0
CUST101808,30,Male,North India,Premium,795.14,18,5,Tablet,Gift Card,Action,9.1,28,0,1,0,1,0,1
CUST101809,54,Female,Central India,Basic,213.25,48,2,Mobile,UPI,Drama,17.0,1,1,4,1,1,0,0
CUST101810,51,Female,North India,Standard,487.12,39,1,Smart TV,UPI,Kids,4.0,10,1,2,0,0,1,1
CUST101811,29,Male,Central India,Standard,487.98,21,3,Laptop,Credit Card,Kids,1.4,31,0,1,0,1,0,1
CUST101812,26,Male,Central India,Premium,792.17,34,2,Laptop,Gift Card,Romance,4.7,34,3,4,0,0,0,1
CUST101813,43,Male,Central India,Standard,511.51,49,1,Mobile,UPI,Drama,10.3,42,0,4,1,1,0,1
CUST101814,36,Male,North India,Standard,482.77,57,3,Mobile,Credit Card,Thriller,3.1,72,0,3,0,1,0,1
CUST101815,47,Male,Central India,Premium,790.35,27,5,Laptop,Net Banking,Drama,23.4,33,1,4,1,1,1,1
CUST101816,56,Male,South India,Standard,495.25,8,3,Smart TV,Net Banking,Kids,5.2,72,0,4,1,1,0,0
CUST101817,57,Male,South India,Standard,504.99,34,4,Mobile,Net Banking,Drama,15.5,63,3,3,0,1,0,1
CUST101818,46,Female,North India,Basic,193.06,18,4,Mobile,Debit Card,Kids,5.9,46,0,2,1,1,0,1
CUST101819,15,Female,West India,Standard,507.66,51,5,Smart TV,Gift Card,Romance,10.0,8,1,2,0,0,0,1
CUST101820,49,Female,West India,Premium,787.78,52,5,Smart TV,Net Banking,Documentary,10.6,2,1,2,0,0,0,1
CUST101821,55,Female,North India,Premium,813.84,41,2,Laptop,UPI,Drama,3.6,44,0,4,0,1,1,1
CUST101822,52,Male,Central India,Premium,810.35,12,2,Mobile,Debit Card,Comedy,10.1,20,1,3,0,0,0,1
CUST101823,38,Male,Central India,Premium,790.41,22,4,Laptop,Net Banking,Thriller,18.7,57,1,1,1,1,0,1
CUST101824,67,Male,Central India,Standard,509.81,51,1,Laptop,Credit Card,Action,9.1,39,1,4,1,0,0,1
CUST101825,35,Male,North India,Premium,782.63,40,2,Smart TV,UPI,Romance,11.5,49,2,3,0,1,0,1
CUST101826,56,Male,Central India,Standard,501.43,22,1,Mobile,Debit Card,Thriller,12.1,68,2,3,0,0,1,0
CUST101827,51,Female,South India,Standard,487.15,8,4,Tablet,Debit Card,Kids,12.4,45,2,1,1,1,0,1
CUST101828,27,Male,Central India,Basic,203.7,42,2,Mobile,UPI,Action,0.0,45,1,3,1,1,0,0
CUST101829,68,Female,North India,Basic,196.45,28,1,Smart TV,Net Banking,Documentary,14.7,41,1,2,1,1,0,0
CUST101830,61,Male,Central India,Premium,787.61,50,1,Smart TV,Credit Card,Drama,13.4,52,4,4,0,1,0,1
CUST101831,16,Female,South India,Standard,475.43,47,2,Laptop,Credit Card,Kids,10.4,32,2,2,1,1,0,0
CUST101832,41,Male,North India,Basic,195.76,56,5,Smart TV,Credit Card,Action,18.2,88,0,4,0,1,1,0
CUST101833,34,Female,West India,Basic,216.9,32,3,Smart TV,Debit Card,Action,16.7,21,1,4,0,1,0,1
CUST101834,37,Male,North India,Premium,803.26,11,5,Laptop,Net Banking,Documentary,12.5,57,0,3,1,1,1,0
CUST101835,25,Male,East India,Standard,475.54,21,3,Tablet,UPI,Kids,7.3,7,0,3,0,0,1,1
CUST101836,30,Male,West India,Standard,495.5,26,1,Smart TV,Gift Card,Thriller,8.7,8,0,1,1,0,0,1
CUST101837,45,Male,West India,Standard,516.83,14,2,Smart TV,Credit Card,Kids,9.5,10,3,1,0,1,0,1
CUST101838,28,Female,North India,Standard,494.35,15,4,Laptop,UPI,Thriller,13.7,86,0,2,0,0,0,0
CUST101839,57,Male,East India,Basic,184.41,14,2,Laptop,UPI,Thriller,10.0,36,1,4,0,0,0,1
CUST101840,54,Female,West India,Standard,525.21,12,5,Mobile,Credit Card,Drama,11.6,19,2,1,1,1,0,0
CUST101841,56,Male,Central India,Premium,782.79,36,3,Smart TV,Gift Card,Documentary,2.9,47,0,4,1,0,0,1
CUST101842,14,Female,East India,Standard,495.61,3,2,Mobile,Debit Card,Action,15.1,86,1,2,1,1,1,1
CUST101843,67,Male,East India,Standard,489.77,44,3,Smart TV,Debit Card,Thriller,17.4,8,0,4,0,1,0,0
CUST101844,47,Male,North India,Basic,208.79,57,5,Laptop,Net Banking,Thriller,7.8,45,0,2,1,1,0,0
CUST101845,54,Female,North India,Standard,506.22,58,5,Mobile,Debit Card,Thriller,7.4,81,0,2,0,0,0,1
CUST101846,46,Male,North India,Basic,185.57,7,2,Mobile,UPI,Comedy,6.2,25,0,3,0,0,1,1
CUST101847,42,Male,East India,Standard,488.5,39,4,Smart TV,Debit Card,Drama,21.4,15,0,4,0,1,0,0
CUST101848,67,Female,South India,Standard,501.08,54,4,Laptop,Net Banking,Thriller,14.9,49,1,3,0,1,0,0
CUST101849,25,Male,North India,Premium,802.27,57,3,Laptop,UPI,Kids,9.8,83,2,4,0,1,0,0
CUST101850,25,Female,South India,Standard,495.57,51,2,Mobile,UPI,Comedy,6.4,15,2,2,0,0,0,1
CUST101851,30,Male,West India,Basic,194.39,46,1,Mobile,Gift Card,Romance,3.9,87,1,2,0,0,0,0
CUST101852,44,Female,Central India,Standard,480.57,1,5,Smart TV,Credit Card,Documentary,14.8,15,2,1,1,1,0,0
CUST101853,44,Female,Central India,Standard,526.75,39,3,Smart TV,Credit Card,Action,8.4,58,0,1,1,1,0,0
CUST101854,47,Female,South India,Basic,208.58,25,5,Smart TV,Credit Card,Thriller,12.7,37,1,1,1,1,1,0
CUST101855,51,Female,East India,Standard,499.09,31,3,Smart TV,Net Banking,Drama,18.4,61,2,4,0,1,0,0
CUST101856,58,Male,Central India,Premium,813.64,22,2,Smart TV,Debit Card,Thriller,3.9,80,0,4,0,0,1,0
CUST101857,64,Male,South India,Basic,195.94,10,3,Smart TV,Credit Card,Drama,6.2,56,2,2,0,1,1,0
CUST101858,41,Female,North India,Standard,486.78,18,3,Laptop,Debit Card,Comedy,13.2,52,2,2,1,1,0,0
CUST101859,61,Male,South India,Premium,804.19,13,1,Laptop,Credit Card,Drama,8.8,35,1,3,1,0,0,0
CUST101860,41,Male,West India,Standard,501.09,8,3,Mobile,Gift Card,Kids,9.0,41,2,3,1,0,0,0
CUST101861,65,Male,South India,Standard,524.23,9,4,Smart TV,Debit Card,Documentary,15.0,53,2,3,1,1,0,1
CUST101862,56,Female,North India,Basic,187.94,58,3,Smart TV,Net Banking,Drama,14.5,87,0,1,1,1,1,0
CUST101863,69,Male,South India,Basic,184.56,15,3,Mobile,Net Banking,Kids,8.0,88,2,2,1,1,0,1
CUST101864,28,Male,North India,Standard,530.52,8,2,Smart TV,Debit Card,Action,6.8,78,0,3,0,1,0,0
CUST101865,68,Female,North India,Standard,516.77,57,3,Smart TV,Net Banking,Comedy,9.6,51,1,1,1,1,1,0
CUST101866,56,Male,West India,Premium,808.55,33,1,Laptop,UPI,Drama,16.8,20,1,1,0,1,1,0
CUST101867,59,Female,West India,Basic,188.75,35,2,Mobile,Net Banking,Thriller,0.3,39,3,2,1,1,1,1
CUST101868,69,Female,Central India,Standard,505.27,19,5,Mobile,Gift Card,Romance,9.4,15,0,4,1,1,0,0
CUST101869,22,Female,North India,Basic,179.64,30,4,Mobile,Gift Card,Documentary,13.8,82,2,3,1,1,0,1
CUST101870,42,Male,North India,Basic,191.3,9,4,Laptop,Debit Card,Romance,6.3,19,2,2,0,1,1,0
CUST101871,37,Male,North India,Standard,481.55,19,5,Tablet,Net Banking,Action,1.8,4,1,2,0,1,1,1
CUST101872,51,Female,Central India,Standard,487.7,47,3,Smart TV,Debit Card,Drama,3.6,14,2,2,1,1,0,0
CUST101873,32,Female,East India,Basic,181.13,46,1,Smart TV,Credit Card,Drama,12.1,39,1,4,1,1,0,1
CUST101874,17,Female,West India,Basic,209.44,26,1,Mobile,UPI,Action,9.5,73,0,1,0,0,0,1
CUST101875,13,Female,West India,Standard,525.81,1,1,Smart TV,Debit Card,Action,0.0,74,0,1,1,0,0,0
CUST101876,42,Female,North India,Premium,813.64,3,1,Smart TV,Debit Card,Drama,7.0,43,3,1,0,1,1,1
CUST101877,61,Female,Central India,Premium,810.24,34,3,Mobile,Debit Card,Thriller,17.7,56,2,2,0,1,0,0
CUST101878,15,Male,North India,Basic,193.96,25,5,Laptop,Debit Card,Thriller,9.6,71,0,1,0,1,0,0
CUST101879,57,Female,West India,Premium,801.88,30,5,Mobile,Gift Card,Thriller,13.5,39,1,1,1,1,0,1
CUST101880,26,Female,Central India,Standard,482.92,1,4,Laptop,UPI,Drama,9.4,62,0,4,0,0,0,0
CUST101881,68,Female,South India,Premium,779.51,59,5,Smart TV,Credit Card,Comedy,14.9,23,1,3,0,1,1,0
CUST101882,42,Male,West India,Basic,177.21,18,1,Tablet,UPI,Drama,13.5,39,1,3,1,0,0,0
CUST101883,62,Male,South India,Standard,480.7,33,3,Mobile,Debit Card,Comedy,10.1,20,4,4,0,1,0,0
CUST101884,16,Male,East India,Premium,809.31,9,2,Mobile,Gift Card,Thriller,4.7,65,1,3,1,1,0,1
CUST101885,30,Male,South India,Basic,210.95,7,2,Tablet,Credit Card,Drama,12.6,18,3,1,0,0,0,0
CUST101886,49,Female,Central India,Premium,785.48,30,1,Mobile,Debit Card,Kids,1.7,13,1,3,0,0,0,0
CUST101887,37,Male,South India,Premium,803.4,13,4,Smart TV,Debit Card,Thriller,13.0,75,3,2,0,1,0,1
CUST101888,60,Female,East India,Premium,816.13,17,2,Mobile,Net Banking,Drama,15.3,19,1,1,0,1,1,1
CUST101889,13,Female,West India,Basic,196.72,13,1,Smart TV,UPI,Thriller,7.0,56,2,2,0,1,0,1
CUST101890,65,Female,East India,Basic,187.85,13,3,Smart TV,UPI,Action,3.1,19,1,2,1,0,0,0
CUST101891,58,Female,Central India,Basic,192.75,42,2,Laptop,UPI,Kids,15.9,30,3,2,1,1,0,1
CUST101892,27,Female,South India,Premium,820.46,60,1,Mobile,Net Banking,Drama,10.1,28,2,2,0,0,0,0
CUST101893,21,Female,South India,Basic,197.96,38,2,Laptop,Gift Card,Comedy,9.0,74,1,3,0,1,1,0
CUST101894,27,Male,Central India,Standard,531.04,37,3,Smart TV,Gift Card,Thriller,11.1,55,3,1,1,0,0,1
CUST101895,61,Male,North India,Standard,488.99,10,5,Smart TV,Gift Card,Kids,7.2,51,0,1,0,0,1,0
CUST101896,69,Male,Central India,Standard,491.41,14,5,Smart TV,Credit Card,Kids,0.7,74,1,3,1,1,0,1
CUST101897,36,Male,Central India,Basic,177.92,43,3,Tablet,Net Banking,Kids,6.6,81,3,2,1,0,1,1
CUST101898,16,Male,East India,Standard,515.09,5,3,Laptop,Net Banking,Documentary,10.1,73,3,4,1,0,0,1
CUST101899,24,Female,East India,Premium,800.41,36,5,Mobile,Gift Card,Comedy,10.2,17,1,4,1,0,0,1
CUST101900,49,Male,Central India,Basic,185.5,35,3,Laptop,Gift Card,Documentary,0.0,8,2,1,1,1,0,0
CUST101901,49,Male,West India,Premium,793.62,46,3,Smart TV,Gift Card,Thriller,8.4,60,1,2,1,1,0,1
CUST101902,55,Male,South India,Standard,506.28,45,3,Laptop,Net Banking,Kids,19.9,57,3,2,0,0,0,0
CUST101903,18,Female,Central India,Standard,486.6,56,5,Mobile,Gift Card,Romance,10.3,69,0,1,1,1,0,0
CUST101904,51,Female,North India,Standard,504.13,23,5,Mobile,UPI,Drama,15.2,75,2,2,0,1,0,1
CUST101905,68,Female,South India,Basic,212.49,5,2,Smart TV,Gift Card,Drama,13.5,0,2,3,1,0,0,0
CUST101906,58,Male,West India,Standard,492.5,44,5,Laptop,UPI,Drama,6.1,73,2,3,1,1,0,1
CUST101907,36,Male,Central India,Premium,771.08,57,2,Mobile,Debit Card,Documentary,6.3,65,2,1,1,1,0,0
CUST101908,23,Male,West India,Basic,194.94,28,5,Mobile,Debit Card,Kids,12.4,44,2,3,0,1,1,0
CUST101909,25,Male,South India,Standard,491.44,23,4,Laptop,Net Banking,Romance,6.7,40,1,3,0,0,0,1
CUST101910,46,Male,North India,Basic,180.32,42,2,Mobile,Credit Card,Romance,16.9,71,0,1,1,0,0,1
CUST101911,37,Female,South India,Standard,507.8,34,3,Mobile,Debit Card,Thriller,8.2,24,0,4,0,0,0,0
CUST101912,19,Male,South India,Standard,508.38,31,4,Laptop,Net Banking,Action,15.0,29,1,1,0,1,0,0
CUST101913,64,Female,Central India,Standard,502.27,7,5,Laptop,Net Banking,Romance,12.3,43,1,3,0,1,0,1
CUST101914,16,Male,South India,Basic,192.5,7,5,Laptop,UPI,Drama,12.9,76,1,3,0,1,1,0
CUST101915,20,Female,Central India,Premium,801.03,4,4,Smart TV,UPI,Thriller,6.3,31,1,3,0,0,0,1
CUST101916,32,Female,Central India,Basic,189.25,44,1,Mobile,Gift Card,Action,16.5,5,2,4,0,1,0,1
CUST101917,41,Female,West India,Standard,509.27,32,3,Laptop,Debit Card,Action,24.0,58,0,4,1,1,0,0
CUST101918,66,Female,North India,Standard,492.44,28,2,Mobile,UPI,Romance,4.4,83,0,1,0,1,1,1
CUST101919,65,Male,Central India,Premium,795.22,56,4,Mobile,Credit Card,Thriller,15.6,13,4,4,1,1,0,1
CUST101920,63,Male,East India,Basic,196.47,4,2,Mobile,Net Banking,Drama,10.0,22,1,3,0,1,0,0
CUST101921,57,Male,West India,Premium,848.01,39,5,Laptop,Gift Card,Drama,5.2,76,3,1,0,0,0,1
CUST101922,58,Female,Central India,Standard,483.71,52,1,Smart TV,UPI,Comedy,3.6,87,0,4,0,0,0,0
CUST101923,22,Male,Central India,Standard,491.94,45,1,Tablet,UPI,Thriller,4.8,47,0,3,0,1,1,0
CUST101924,55,Male,West India,Standard,474.97,8,2,Mobile,UPI,Kids,5.6,59,3,1,1,1,1,1
CUST101925,46,Male,South India,Premium,802.81,14,5,Laptop,Debit Card,Action,3.0,46,1,3,1,0,0,0
CUST101926,69,Male,Central India,Standard,524.97,30,1,Smart TV,UPI,Documentary,16.6,9,2,4,1,1,0,0
CUST101927,38,Female,North India,Premium,795.56,3,3,Mobile,Net Banking,Documentary,9.9,45,2,4,1,1,0,0
CUST101928,53,Female,Central India,Basic,189.37,2,5,Smart TV,UPI,Kids,12.5,73,1,2,0,1,0,1
CUST101929,61,Male,West India,Premium,798.09,10,4,Laptop,Credit Card,Romance,3.1,7,1,2,0,1,0,0
CUST101930,15,Male,East India,Basic,214.52,6,4,Smart TV,UPI,Drama,17.2,81,1,4,0,0,0,1
CUST101931,68,Male,West India,Standard,519.72,55,4,Mobile,Gift Card,Comedy,6.8,49,0,4,1,0,1,1
CUST101932,18,Female,West India,Standard,483.29,7,3,Tablet,Gift Card,Kids,17.8,75,0,1,0,0,0,1
CUST101933,17,Female,North India,Standard,508.87,16,5,Mobile,Credit Card,Romance,12.7,20,1,2,1,1,0,0
CUST101934,17,Female,South India,Basic,197.48,6,2,Tablet,Gift Card,Romance,4.3,25,0,3,0,0,1,1
CUST101935,66,Male,North India,Standard,520.64,16,2,Laptop,Debit Card,Documentary,12.2,10,1,2,0,1,0,0
CUST101936,59,Female,North India,Basic,233.43,27,5,Smart TV,Net Banking,Drama,9.8,10,1,4,1,1,0,0
CUST101937,35,Female,Central India,Standard,526.31,56,3,Mobile,Net Banking,Comedy,4.2,51,1,4,0,0,0,1
CUST101938,61,Female,East India,Basic,184.21,12,5,Smart TV,Debit Card,Documentary,3.6,29,1,3,0,0,1,0
CUST101939,21,Female,West India,Standard,486.38,22,2,Smart TV,Gift Card,Action,14.9,45,1,3,0,1,1,0
CUST101940,47,Female,North India,Basic,224.42,15,5,Mobile,Credit Card,Documentary,17.2,0,1,4,0,1,0,0
CUST101941,32,Male,North India,Basic,197.44,22,4,Mobile,Credit Card,Documentary,3.7,51,1,1,1,1,0,0
CUST101942,61,Male,South India,Basic,187.46,35,5,Mobile,Net Banking,Documentary,10.7,14,3,1,0,1,1,0
CUST101943,54,Male,South India,Standard,478.56,60,1,Mobile,Credit Card,Romance,1.1,27,1,3,0,0,1,0
CUST101944,47,Male,East India,Premium,801.1,48,5,Mobile,Debit Card,Documentary,15.0,62,1,3,0,1,0,0
CUST101945,62,Female,West India,Premium,792.82,50,2,Mobile,Net Banking,Drama,10.5,57,2,1,0,1,0,1
CUST101946,30,Male,North India,Basic,204.85,15,2,Laptop,UPI,Thriller,2.0,68,0,4,1,1,0,0
CUST101947,29,Male,Central India,Standard,501.85,23,2,Smart TV,Debit Card,Action,7.3,44,1,4,0,1,0,0
CUST101948,36,Male,South India,Standard,480.77,38,4,Tablet,Debit Card,Romance,6.7,40,2,3,0,1,0,1
CUST101949,15,Female,North India,Standard,486.74,49,2,Mobile,Credit Card,Thriller,4.8,71,2,3,1,1,1,1
CUST101950,44,Male,Central India,Standard,513.17,2,1,Laptop,Credit Card,Drama,15.7,37,0,4,0,0,0,0
CUST101951,47,Female,North India,Basic,214.49,2,5,Smart TV,Credit Card,Documentary,5.0,85,2,1,1,1,0,0
CUST101952,50,Female,East India,Standard,493.43,49,3,Smart TV,UPI,Romance,20.1,37,2,3,0,1,0,0
CUST101953,25,Female,East India,Standard,501.64,19,2,Smart TV,Debit Card,Comedy,15.2,51,2,3,1,1,0,0
CUST101954,68,Male,Central India,Basic,183.39,5,5,Laptop,Gift Card,Comedy,8.0,45,1,2,0,1,0,0
CUST101955,59,Female,South India,Standard,498.19,4,4,Mobile,Net Banking,Thriller,23.7,52,1,2,0,1,1,1
CUST101956,37,Male,East India,Standard,515.58,28,5,Mobile,Credit Card,Romance,7.8,29,0,4,0,0,0,1
CUST101957,21,Male,South India,Basic,224.02,18,2,Mobile,Credit Card,Kids,1.7,3,0,4,0,0,0,1
CUST101958,16,Male,Central India,Standard,497.12,40,2,Mobile,Debit Card,Comedy,16.0,1,0,2,1,0,1,0
CUST101959,26,Female,Central India,Premium,794.29,41,2,Smart TV,UPI,Thriller,4.8,62,1,1,0,0,1,1
CUST101960,49,Female,North India,Premium,777.45,56,1,Smart TV,Credit Card,Action,17.5,84,2,2,0,0,0,1
CUST101961,46,Male,Central India,Standard,490.02,55,5,Laptop,UPI,Comedy,1.7,60,1,4,0,0,1,0
CUST101962,23,Female,North India,Standard,497.97,58,3,Mobile,UPI,Romance,4.9,32,1,3,0,1,0,1
CUST101963,53,Female,South India,Standard,496.38,50,1,Smart TV,Gift Card,Kids,6.8,77,0,4,0,1,1,0
CUST101964,68,Female,North India,Standard,490.49,31,3,Mobile,UPI,Documentary,13.4,79,1,3,0,1,0,1
CUST101965,15,Male,South India,Basic,216.81,22,2,Mobile,Gift Card,Drama,7.1,57,0,3,0,0,0,1
CUST101966,40,Female,East India,Standard,505.21,11,3,Smart TV,Net Banking,Action,6.7,40,0,2,0,1,1,1
CUST101967,41,Female,South India,Standard,496.52,48,3,Laptop,UPI,Romance,14.0,8,2,3,0,1,0,0
CUST101968,21,Male,West India,Standard,509.26,16,1,Smart TV,Net Banking,Comedy,17.0,74,1,4,0,1,0,0
CUST101969,15,Female,North India,Premium,798.61,4,1,Mobile,UPI,Romance,8.2,18,1,1,1,0,0,0
CUST101970,37,Male,East India,Premium,822.29,21,5,Tablet,Gift Card,Comedy,4.0,43,0,3,0,0,0,0
CUST101971,46,Female,South India,Basic,187.08,41,3,Laptop,Gift Card,Romance,18.7,72,2,3,0,1,0,0
CUST101972,24,Female,Central India,Basic,203.92,45,1,Smart TV,Net Banking,Romance,9.1,6,1,3,1,1,0,0
CUST101973,54,Female,North India,Basic,167.12,25,5,Tablet,Debit Card,Thriller,12.5,30,1,1,0,0,0,0
CUST101974,21,Female,South India,Standard,493.12,20,3,Mobile,Debit Card,Action,7.2,66,1,4,0,0,0,0
CUST101975,27,Female,East India,Standard,501.28,8,3,Smart TV,Debit Card,Drama,7.7,7,1,3,1,1,1,0
CUST101976,52,Female,Central India,Premium,794.18,43,2,Tablet,UPI,Drama,7.2,72,0,3,1,0,0,1
CUST101977,37,Male,North India,Standard,482.42,53,1,Smart TV,Debit Card,Thriller,15.0,52,1,3,1,1,0,0
CUST101978,17,Female,East India,Premium,788.59,9,4,Smart TV,Net Banking,Thriller,17.1,14,0,4,0,0,0,1
CUST101979,23,Female,Central India,Standard,483.9,18,1,Mobile,Debit Card,Thriller,6.9,7,2,3,0,1,0,0
CUST101980,46,Female,West India,Premium,797.21,31,2,Mobile,Net Banking,Comedy,7.7,80,1,1,1,1,0,1
CUST101981,36,Male,Central India,Standard,510.78,52,5,Mobile,Net Banking,Romance,17.4,86,1,2,1,0,0,0
CUST101982,27,Male,North India,Standard,493.8,35,1,Smart TV,UPI,Action,21.4,64,1,1,1,1,1,0
CUST101983,50,Male,West India,Standard,526.13,55,3,Mobile,Gift Card,Drama,13.4,45,3,2,1,1,0,1
CUST101984,20,Female,South India,Standard,502.43,30,4,Mobile,UPI,Documentary,12.1,6,1,1,1,1,0,1
CUST101985,17,Female,West India,Standard,468.27,18,5,Smart TV,UPI,Drama,21.6,77,0,2,0,1,0,0
CUST101986,60,Male,West India,Basic,204.0,19,1,Smart TV,Credit Card,Kids,11.5,9,0,1,0,1,1,1
CUST101987,38,Male,West India,Basic,198.24,41,5,Laptop,Debit Card,Action,11.5,84,4,3,1,1,0,0
CUST101988,30,Male,Central India,Standard,519.66,24,3,Laptop,Debit Card,Thriller,7.2,34,0,4,0,0,0,1
CUST101989,18,Female,West India,Standard,498.75,50,4,Smart TV,Net Banking,Comedy,14.2,47,3,1,0,1,1,0
CUST101990,49,Male,West India,Basic,195.2,22,3,Mobile,Gift Card,Drama,6.3,62,1,1,0,1,0,0
CUST101991,60,Female,South India,Basic,230.09,48,4,Smart TV,Debit Card,Documentary,7.5,60,1,2,0,0,1,1
CUST101992,25,Female,West India,Basic,167.41,14,5,Mobile,Debit Card,Comedy,8.4,75,1,3,1,0,1,1
CUST101993,40,Female,Central India,Standard,493.84,19,1,Smart TV,Gift Card,Drama,13.5,12,2,4,1,0,1,0
CUST101994,17,Male,East India,Basic,202.99,60,4,Smart TV,Debit Card,Romance,8.3,52,2,3,1,0,1,0
CUST101995,25,Female,East India,Basic,193.01,29,3,Smart TV,Credit Card,Action,15.4,78,1,3,1,0,1,1
CUST101996,29,Male,Central India,Basic,167.49,22,4,Mobile,Debit Card,Romance,4.2,8,0,4,0,1,0,1
CUST101997,62,Male,Central India,Basic,205.06,30,5,Mobile,Credit Card,Drama,8.0,69,0,1,0,1,1,1
CUST101998,52,Male,West India,Premium,792.13,15,5,Smart TV,UPI,Documentary,10.7,66,1,2,0,1,0,0
CUST101999,57,Male,Central India,Basic,196.96,21,5,Mobile,UPI,Comedy,11.1,13,2,3,0,1,1,0
CUST102000,44,Female,West India,Standard,517.88,26,1,Tablet,Credit Card,Drama,14.5,13,3,1,0,0,0,1
CUST102001,41,Female,North India,Standard,503.57,36,5,Tablet,Net Banking,Documentary,4.6,86,0,3,0,0,1,0
CUST102002,63,Female,South India,Premium,789.7,12,1,Smart TV,Credit Card,Romance,10.3,48,3,2,0,0,0,1
CUST102003,15,Female,South India,Basic,204.9,7,2,Tablet,Net Banking,Drama,4.2,64,2,2,1,1,0,1
CUST102004,68,Male,South India,Basic,192.63,11,4,Laptop,Gift Card,Drama,13.9,87,1,4,0,0,1,0
CUST102005,52,Male,North India,Basic,194.45,58,3,Mobile,Gift Card,Romance,7.3,89,0,3,0,1,1,0
CUST102006,46,Male,South India,Basic,210.36,39,1,Smart TV,Credit Card,Kids,15.0,9,2,2,0,1,0,1
CUST102007,52,Male,West India,Standard,489.37,20,1,Mobile,Net Banking,Thriller,10.1,38,0,4,0,0,1,1
CUST102008,39,Female,East India,Basic,207.42,35,3,Smart TV,UPI,Romance,10.7,56,0,2,0,1,0,0
CUST102009,25,Male,South India,Basic,195.55,4,4,Mobile,Credit Card,Documentary,25.9,17,1,2,0,0,1,0
CUST102010,57,Female,South India,Premium,791.38,2,5,Laptop,Credit Card,Drama,16.1,73,1,2,0,0,0,0
CUST102011,45,Male,West India,Standard,491.43,20,4,Smart TV,Net Banking,Kids,14.1,69,0,4,0,1,0,1
CUST102012,18,Male,West India,Basic,189.79,47,1,Mobile,Gift Card,Comedy,10.1,68,0,2,1,1,0,0
CUST102013,36,Male,South India,Basic,200.34,20,5,Laptop,UPI,Action,7.9,72,1,3,0,1,1,0
CUST102014,31,Male,Central India,Basic,194.88,12,2,Laptop,Net Banking,Romance,7.2,66,2,2,0,1,0,1
CUST102015,28,Female,North India,Premium,819.54,53,3,Laptop,Net Banking,Thriller,18.4,56,3,1,1,1,0,0
CUST102016,52,Female,East India,Premium,785.69,17,4,Laptop,UPI,Kids,6.4,46,1,4,1,1,1,1
CUST102017,40,Female,East India,Premium,807.15,18,5,Smart TV,Credit Card,Thriller,13.5,47,2,1,1,1,1,1
CUST102018,45,Female,North India,Premium,816.15,40,3,Mobile,Credit Card,Thriller,6.7,60,1,1,1,0,0,1
CUST102019,60,Male,South India,Standard,524.95,24,4,Mobile,Debit Card,Action,4.9,7,2,4,0,1,1,1
CUST102020,53,Male,South India,Basic,186.82,8,1,Mobile,UPI,Romance,7.7,73,1,2,1,1,0,1
CUST102021,25,Female,South India,Standard,514.37,37,1,Mobile,Net Banking,Documentary,14.4,24,4,3,0,1,1,1
CUST102022,55,Female,South India,Standard,502.09,56,1,Mobile,Debit Card,Comedy,16.5,66,4,4,0,1,0,0
CUST102023,57,Male,South India,Premium,814.78,41,2,Smart TV,Debit Card,Action,11.5,86,2,2,0,1,0,0
CUST102024,37,Male,East India,Standard,489.33,30,1,Mobile,Debit Card,Comedy,9.4,67,1,2,0,1,0,1
CUST102025,65,Female,South India,Standard,497.26,20,1,Mobile,Credit Card,Comedy,13.6,75,1,4,0,0,0,0
CUST102026,54,Female,West India,Premium,793.54,52,1,Laptop,Gift Card,Thriller,9.1,46,1,1,0,1,0,1
CUST102027,48,Female,Central India,Basic,192.24,23,5,Mobile,Debit Card,Drama,7.9,47,0,4,0,0,0,0
CUST102028,39,Male,South India,Premium,799.62,37,3,Mobile,Net Banking,Comedy,4.8,52,2,4,0,1,1,0
CUST102029,50,Female,West India,Basic,236.42,59,2,Smart TV,Credit Card,Comedy,16.7,18,3,2,1,1,1,1
CUST102030,19,Female,East India,Standard,509.03,10,4,Mobile,Gift Card,Comedy,7.0,60,0,3,0,1,1,1
CUST102031,17,Female,West India,Basic,193.73,33,2,Tablet,Gift Card,Comedy,4.5,80,0,1,0,0,0,0
CUST102032,55,Female,North India,Standard,494.62,24,3,Smart TV,Debit Card,Thriller,8.9,25,1,4,0,1,0,1
CUST102033,57,Female,North India,Standard,507.44,36,1,Smart TV,Debit Card,Comedy,15.5,86,0,4,0,0,0,0
CUST102034,69,Male,West India,Standard,496.21,56,1,Mobile,Credit Card,Drama,14.6,88,0,1,1,0,0,1
CUST102035,63,Female,South India,Premium,796.26,16,4,Mobile,Debit Card,Kids,9.1,41,1,3,1,1,1,0
CUST102036,43,Male,South India,Standard,482.36,50,2,Smart TV,Credit Card,Documentary,7.5,5,2,2,1,1,0,0
CUST102037,35,Female,South India,Standard,498.29,28,2,Tablet,Gift Card,Documentary,23.5,83,4,1,0,1,1,1
CUST102038,54,Female,West India,Basic,161.12,12,4,Smart TV,Net Banking,Comedy,5.6,59,0,4,1,1,0,1
CUST102039,22,Female,North India,Premium,772.47,20,2,Smart TV,Net Banking,Thriller,10.3,68,1,4,0,1,0,0
CUST102040,44,Male,North India,Basic,193.75,47,2,Mobile,UPI,Drama,6.3,34,1,4,0,1,0,1
CUST102041,55,Male,East India,Basic,208.9,18,2,Smart TV,UPI,Romance,15.4,34,0,3,0,1,0,0
CUST102042,65,Male,North India,Basic,223.17,37,4,Mobile,UPI,Drama,15.6,11,0,1,0,1,0,0
CUST102043,42,Female,North India,Standard,505.02,58,4,Mobile,Net Banking,Comedy,4.0,89,0,2,0,1,1,1
CUST102044,51,Female,Central India,Premium,807.01,26,3,Smart TV,Debit Card,Thriller,11.5,86,1,4,0,1,0,0
CUST102045,43,Male,North India,Basic,200.69,46,2,Mobile,Credit Card,Romance,0.0,44,1,1,0,0,0,1
CUST102046,30,Male,West India,Standard,511.58,56,3,Laptop,Net Banking,Documentary,11.0,67,3,4,0,0,0,1
CUST102047,48,Female,South India,Premium,802.2,59,5,Tablet,UPI,Kids,0.0,7,1,2,0,0,0,1
CUST102048,14,Male,West India,Standard,504.59,7,5,Mobile,UPI,Action,12.2,26,1,3,0,1,1,0
CUST102049,26,Female,South India,Premium,775.55,43,2,Mobile,Debit Card,Comedy,8.4,27,1,4,1,1,0,0
CUST102050,25,Male,South India,Basic,202.94,47,1,Mobile,UPI,Comedy,1.8,7,2,3,0,1,0,0
CUST102051,41,Male,East India,Standard,499.35,21,5,Mobile,UPI,Comedy,13.4,43,1,3,1,1,1,1
CUST102052,24,Male,North India,Basic,192.76,43,1,Smart TV,Credit Card,Thriller,10.5,53,2,1,1,1,1,0
CUST102053,51,Female,East India,Premium,793.86,32,3,Mobile,Debit Card,Romance,4.7,13,2,2,1,1,1,1
CUST102054,14,Female,South India,Standard,478.99,7,2,Smart TV,Gift Card,Romance,14.5,40,1,2,1,0,0,0
CUST102055,44,Male,Central India,Standard,507.09,53,3,Smart TV,Gift Card,Action,9.7,69,1,2,0,0,0,0
CUST102056,25,Female,Central India,Basic,202.52,23,3,Mobile,UPI,Thriller,12.6,21,1,3,1,0,0,1
CUST102057,58,Female,East India,Basic,200.04,20,4,Smart TV,UPI,Comedy,8.2,24,1,2,0,0,1,0
CUST102058,39,Female,East India,Basic,202.45,20,2,Tablet,Credit Card,Action,9.2,71,0,4,0,0,0,0
CUST102059,61,Female,North India,Standard,480.31,32,4,Mobile,Gift Card,Drama,19.5,3,1,2,0,0,1,0
CUST102060,53,Male,East India,Basic,225.45,26,3,Smart TV,Debit Card,Drama,6.7,81,0,1,1,1,1,1
CUST102061,29,Female,East India,Standard,513.15,36,1,Smart TV,Debit Card,Kids,11.8,34,0,3,0,1,0,1
CUST102062,52,Female,West India,Basic,208.31,59,2,Laptop,Net Banking,Action,11.9,80,1,2,1,1,1,1
CUST102063,43,Male,East India,Premium,821.27,24,2,Mobile,Net Banking,Comedy,3.1,19,1,4,1,1,0,1
CUST102064,46,Female,East India,Basic,202.17,1,5,Laptop,Debit Card,Thriller,11.9,47,0,2,1,1,0,1
CUST102065,36,Female,West India,Basic,194.76,58,1,Smart TV,Net Banking,Comedy,0.5,73,2,3,1,1,0,1
CUST102066,57,Female,South India,Premium,803.11,53,1,Smart TV,Credit Card,Action,22.2,51,1,3,0,1,1,0
CUST102067,47,Male,South India,Standard,521.9,28,3,Laptop,UPI,Kids,18.5,37,0,1,0,1,1,0
CUST102068,60,Male,West India,Standard,485.58,26,3,Tablet,Debit Card,Romance,0.0,47,1,4,1,1,0,1
CUST102069,18,Female,North India,Basic,221.72,34,3,Laptop,Gift Card,Comedy,16.8,44,1,2,0,1,0,0
CUST102070,31,Female,East India,Standard,478.72,26,5,Tablet,Gift Card,Romance,10.6,81,1,4,1,0,0,0
CUST102071,42,Male,North India,Standard,507.0,36,1,Mobile,Debit Card,Comedy,1.2,32,2,3,0,1,0,0
CUST102072,19,Male,Central India,Basic,214.15,5,4,Mobile,Net Banking,Drama,0.0,58,0,1,1,1,1,0
CUST102073,22,Male,North India,Standard,508.67,56,1,Smart TV,Net Banking,Documentary,9.8,14,2,2,0,0,0,1
CUST102074,53,Female,East India,Standard,514.71,2,4,Mobile,Debit Card,Thriller,20.0,43,2,3,1,1,0,1
CUST102075,44,Female,South India,Basic,197.09,32,2,Smart TV,Debit Card,Kids,24.2,34,1,3,0,0,1,0
CUST102076,46,Male,East India,Premium,779.9,34,4,Mobile,Debit Card,Comedy,11.7,57,0,2,0,1,1,1
CUST102077,40,Female,East India,Premium,814.75,50,2,Smart TV,Credit Card,Drama,4.0,23,2,4,1,1,0,1
CUST102078,27,Female,East India,Basic,226.73,30,3,Smart TV,Gift Card,Documentary,21.1,30,1,1,0,1,1,1
CUST102079,42,Female,North India,Standard,496.53,24,1,Smart TV,Credit Card,Drama,4.4,31,0,1,1,0,0,1
CUST102080,49,Female,South India,Basic,209.23,28,3,Mobile,Credit Card,Comedy,8.0,32,4,3,0,1,0,1
CUST102081,41,Female,South India,Premium,786.6,46,1,Laptop,UPI,Thriller,14.1,10,2,3,1,1,0,0
CUST102082,34,Female,North India,Standard,485.47,3,4,Laptop,Credit Card,Documentary,17.9,46,2,1,0,1,0,0
CUST102083,16,Female,North India,Basic,200.61,53,1,Smart TV,Gift Card,Comedy,3.2,66,1,3,0,1,0,1
CUST102084,32,Male,North India,Basic,188.09,50,4,Smart TV,Net Banking,Action,9.9,7,0,3,0,0,0,1
CUST102085,44,Male,Central India,Basic,200.44,54,1,Smart TV,Gift Card,Kids,13.9,32,0,2,1,1,0,0
CUST102086,48,Male,Central India,Standard,544.45,10,2,Mobile,Debit Card,Kids,0.0,82,1,1,0,1,0,0
CUST102087,62,Male,East India,Standard,488.41,6,4,Mobile,Debit Card,Comedy,0.0,40,4,3,1,0,0,1
CUST102088,16,Male,Central India,Basic,204.12,34,3,Laptop,Debit Card,Drama,0.2,7,2,1,0,1,1,0
CUST102089,39,Male,North India,Basic,172.62,31,3,Mobile,Credit Card,Comedy,11.6,25,1,4,1,1,0,1
CUST102090,29,Male,North India,Basic,206.85,52,3,Smart TV,UPI,Action,13.6,18,0,2,0,1,0,0
CUST102091,24,Male,North India,Basic,188.42,43,3,Mobile,Net Banking,Kids,17.2,58,2,1,0,1,0,1
CUST102092,34,Male,South India,Standard,503.39,50,2,Laptop,Credit Card,Action,12.0,8,0,1,0,1,0,0
CUST102093,29,Female,South India,Standard,502.99,46,2,Mobile,Debit Card,Comedy,24.2,6,1,3,0,1,0,0
CUST102094,22,Female,Central India,Standard,501.09,58,5,Smart TV,Gift Card,Romance,13.8,67,3,1,0,0,0,0
CUST102095,66,Male,West India,Premium,784.79,52,5,Laptop,Debit Card,Action,18.1,5,0,2,0,1,0,1
CUST102096,13,Female,West India,Premium,794.74,13,5,Smart TV,Gift Card,Drama,15.7,60,0,2,1,0,0,1
CUST102097,34,Female,North India,Standard,502.54,59,5,Smart TV,Net Banking,Action,11.6,15,4,1,1,0,0,1
CUST102098,38,Male,South India,Standard,495.36,39,1,Smart TV,Debit Card,Kids,19.7,73,1,4,1,1,0,0
CUST102099,68,Male,East India,Premium,820.05,53,4,Smart TV,Net Banking,Action,14.0,35,2,2,0,0,1,0
CUST102100,30,Male,Central India,Basic,199.62,58,3,Mobile,Debit Card,Romance,6.5,13,0,1,0,1,0,1
CUST102101,62,Female,South India,Basic,184.11,20,1,Mobile,Debit Card,Romance,11.2,6,0,2,1,1,0,0
CUST102102,26,Female,North India,Basic,205.47,32,2,Laptop,Gift Card,Thriller,8.1,65,0,3,0,1,0,1
CUST102103,59,Male,North India,Standard,462.3,10,3,Tablet,UPI,Drama,5.4,30,2,2,0,1,0,1
CUST102104,41,Female,West India,Premium,828.42,26,4,Smart TV,Gift Card,Kids,5.9,28,0,1,0,1,1,1
CUST102105,24,Female,North India,Standard,473.19,19,4,Laptop,Credit Card,Action,13.8,58,0,3,0,1,1,1
CUST102106,48,Female,North India,Standard,512.45,29,2,Smart TV,Net Banking,Kids,1.7,80,0,3,1,1,0,1
CUST102107,47,Male,East India,Standard,510.11,13,3,Tablet,Net Banking,Comedy,11.6,79,0,4,0,1,0,0
CUST102108,64,Female,Central India,Basic,182.04,54,5,Laptop,UPI,Action,6.9,70,0,3,0,0,0,0
CUST102109,24,Female,East India,Basic,207.39,34,3,Smart TV,Debit Card,Documentary,4.0,78,0,4,0,1,1,0
CUST102110,19,Female,West India,Basic,188.66,20,3,Mobile,Net Banking,Documentary,9.5,27,3,2,1,0,1,1
CUST102111,41,Female,South India,Basic,196.52,44,4,Mobile,UPI,Kids,10.9,59,0,3,0,1,0,0
CUST102112,23,Female,West India,Premium,806.06,40,2,Mobile,Credit Card,Drama,22.2,5,0,4,1,1,0,0
CUST102113,45,Female,North India,Premium,798.28,18,3,Laptop,Net Banking,Documentary,3.8,5,1,1,0,0,0,1
CUST102114,18,Female,Central India,Premium,784.0,57,1,Smart TV,Credit Card,Romance,11.8,26,1,2,0,0,0,0
CUST102115,59,Male,North India,Standard,505.16,34,1,Smart TV,Gift Card,Documentary,12.8,52,1,3,0,0,0,0
CUST102116,27,Male,Central India,Premium,795.88,48,2,Tablet,Net Banking,Action,9.4,77,1,3,1,1,0,0
CUST102117,44,Female,Central India,Standard,497.34,8,5,Laptop,Net Banking,Drama,18.6,16,0,2,0,0,0,0
CUST102118,63,Male,Central India,Standard,498.23,16,3,Laptop,Debit Card,Thriller,11.5,73,0,3,0,0,0,0
CUST102119,23,Female,South India,Standard,478.82,40,3,Mobile,Credit Card,Action,15.3,61,0,1,1,1,0,0
CUST102120,35,Female,West India,Standard,482.14,23,4,Mobile,Gift Card,Thriller,6.2,65,0,2,1,0,0,0
CUST102121,38,Female,South India,Standard,490.16,32,3,Mobile,UPI,Comedy,2.5,77,1,1,1,1,0,0
CUST102122,46,Male,South India,Standard,505.15,13,5,Laptop,Gift Card,Kids,8.9,55,0,4,0,1,1,1
CUST102123,58,Female,South India,Basic,185.06,26,3,Smart TV,Net Banking,Romance,8.8,20,0,3,0,1,0,1
CUST102124,46,Female,East India,Standard,516.84,38,3,Mobile,Credit Card,Documentary,7.9,62,1,3,0,0,0,1
CUST102125,41,Male,East India,Standard,502.02,1,4,Laptop,Net Banking,Action,11.7,35,2,2,0,0,1,1
CUST102126,16,Male,East India,Basic,204.47,2,1,Mobile,UPI,Drama,7.2,40,2,3,0,0,0,0
CUST102127,29,Female,South India,Premium,794.02,39,1,Smart TV,UPI,Documentary,7.4,44,1,3,0,1,0,1
CUST102128,47,Male,North India,Basic,175.06,13,5,Laptop,Net Banking,Comedy,18.7,52,0,1,0,1,0,0
CUST102129,25,Male,East India,Basic,206.98,27,2,Smart TV,Net Banking,Kids,4.2,63,1,4,1,0,0,0
CUST102130,53,Female,East India,Basic,188.17,4,2,Tablet,Net Banking,Documentary,18.0,83,4,3,1,1,0,1
CUST102131,51,Female,South India,Premium,776.62,41,4,Smart TV,Credit Card,Romance,15.1,6,2,2,0,0,0,0
CUST102132,27,Female,West India,Standard,486.48,51,3,Mobile,Debit Card,Romance,16.8,21,1,2,0,1,0,0
CUST102133,67,Male,North India,Standard,497.8,20,4,Mobile,UPI,Documentary,16.8,19,2,2,0,0,1,1
CUST102134,41,Male,Central India,Premium,763.33,3,1,Smart TV,Credit Card,Thriller,9.3,31,0,3,0,1,0,1
CUST102135,41,Male,Central India,Basic,193.96,23,5,Laptop,UPI,Romance,5.9,18,1,4,1,1,1,1
CUST102136,23,Female,North India,Basic,214.12,2,2,Tablet,Net Banking,Comedy,8.1,27,1,1,1,1,1,1
CUST102137,64,Male,South India,Basic,199.48,16,3,Tablet,UPI,Drama,10.0,88,1,4,0,1,0,0
CUST102138,44,Male,West India,Standard,516.99,10,2,Smart TV,Gift Card,Romance,3.0,85,2,1,1,1,0,1
CUST102139,14,Female,West India,Standard,492.95,28,1,Smart TV,UPI,Documentary,12.5,65,1,2,1,0,0,0
CUST102140,59,Female,Central India,Basic,216.3,44,3,Smart TV,Gift Card,Documentary,7.5,84,1,2,0,0,1,0
CUST102141,26,Female,West India,Basic,178.88,18,1,Smart TV,Credit Card,Kids,11.1,69,0,4,0,1,0,1
CUST102142,32,Male,Central India,Basic,208.0,2,2,Mobile,Credit Card,Romance,8.8,41,3,4,1,1,0,1
CUST102143,34,Female,East India,Standard,497.38,14,2,Mobile,Gift Card,Drama,15.6,53,1,4,1,0,0,1
CUST102144,23,Male,South India,Basic,219.32,44,1,Smart TV,UPI,Drama,13.2,66,0,2,0,1,0,0
CUST102145,39,Male,West India,Basic,192.81,20,3,Mobile,Credit Card,Romance,6.3,63,2,3,0,1,1,1
CUST102146,15,Female,South India,Standard,483.21,56,1,Laptop,UPI,Action,10.5,23,1,3,1,1,1,0
CUST102147,29,Female,East India,Standard,506.6,56,3,Laptop,Debit Card,Action,0.0,11,2,1,1,1,0,1
CUST102148,56,Female,North India,Standard,523.71,56,4,Smart TV,Debit Card,Romance,7.3,68,2,1,0,1,0,0
CUST102149,68,Female,North India,Standard,502.54,40,4,Mobile,Gift Card,Documentary,11.6,85,2,4,0,1,0,0
CUST102150,40,Female,North India,Standard,498.37,23,3,Smart TV,Gift Card,Action,4.2,83,1,2,0,1,0,0
CUST102151,41,Male,Central India,Standard,480.78,54,1,Smart TV,UPI,Documentary,14.6,67,1,3,0,0,1,1
CUST102152,33,Male,Central India,Premium,813.2,60,3,Smart TV,Debit Card,Drama,2.2,25,1,2,0,0,0,1
CUST102153,59,Male,North India,Basic,198.23,7,2,Smart TV,Debit Card,Action,11.8,15,3,3,1,1,0,1
CUST102154,28,Female,East India,Standard,509.51,45,1,Laptop,Gift Card,Kids,9.1,83,0,4,1,1,1,1
CUST102155,49,Male,Central India,Standard,501.96,47,3,Laptop,Net Banking,Comedy,16.5,18,2,2,0,0,0,0
CUST102156,32,Female,North India,Basic,229.6,14,2,Smart TV,UPI,Comedy,6.7,30,1,1,1,0,0,1
CUST102157,18,Female,South India,Standard,490.64,37,5,Mobile,UPI,Drama,8.9,2,0,1,0,0,1,1
CUST102158,31,Male,North India,Basic,191.19,8,2,Smart TV,Credit Card,Documentary,18.0,78,0,1,0,0,0,1
CUST102159,69,Male,North India,Standard,514.2,50,3,Tablet,Gift Card,Comedy,18.1,54,0,4,0,1,0,1
CUST102160,17,Female,South India,Standard,514.57,5,1,Laptop,Credit Card,Action,0.0,10,1,3,0,1,0,1
CUST102161,15,Male,Central India,Basic,215.04,23,1,Mobile,Net Banking,Thriller,1.1,15,0,3,1,1,0,1
CUST102162,13,Female,South India,Standard,498.81,41,4,Laptop,Credit Card,Documentary,18.4,46,1,4,0,1,0,0
CUST102163,50,Male,Central India,Standard,502.11,10,3,Mobile,Net Banking,Action,17.0,38,2,3,1,0,0,1
CUST102164,27,Male,East India,Standard,478.79,49,2,Smart TV,Credit Card,Documentary,14.9,51,0,4,1,0,0,0
CUST102165,46,Male,Central India,Premium,796.59,27,2,Laptop,Gift Card,Kids,9.4,0,2,1,0,1,0,0
CUST102166,47,Male,West India,Basic,203.15,57,3,Smart TV,Net Banking,Kids,9.9,31,0,1,1,1,0,1
CUST102167,61,Male,Central India,Standard,503.16,35,2,Smart TV,UPI,Action,1.2,71,1,1,0,1,1,0
CUST102168,37,Female,West India,Premium,787.63,1,5,Mobile,Gift Card,Romance,7.4,18,1,2,1,1,0,0
CUST102169,36,Male,Central India,Basic,182.51,7,4,Mobile,Gift Card,Drama,15.4,58,5,4,1,0,1,0
CUST102170,24,Male,South India,Standard,514.66,47,1,Laptop,Debit Card,Drama,9.3,89,2,3,0,1,0,1
CUST102171,30,Male,Central India,Premium,812.31,51,2,Laptop,UPI,Drama,15.5,40,2,2,0,0,0,1
CUST102172,27,Female,North India,Standard,495.52,8,5,Laptop,Credit Card,Drama,16.3,84,0,1,0,1,0,0
CUST102173,56,Female,Central India,Basic,214.49,11,3,Mobile,Gift Card,Action,15.8,85,0,2,0,1,1,0
CUST102174,28,Female,South India,Standard,513.09,34,2,Laptop,Credit Card,Comedy,12.7,10,0,3,0,0,0,1
CUST102175,39,Female,South India,Standard,473.82,52,3,Mobile,Gift Card,Action,8.4,70,0,4,1,1,0,1
CUST102176,20,Female,Central India,Premium,797.44,28,5,Mobile,UPI,Action,11.4,69,1,1,0,0,1,1
CUST102177,58,Male,Central India,Basic,219.08,34,5,Smart TV,Gift Card,Thriller,4.1,24,0,1,1,0,0,0
CUST102178,37,Male,Central India,Premium,775.15,43,1,Smart TV,Credit Card,Thriller,0.2,32,1,4,0,1,0,0
CUST102179,29,Male,East India,Standard,477.24,20,3,Mobile,Credit Card,Kids,11.2,15,1,4,1,1,1,1
CUST102180,41,Female,West India,Basic,208.4,28,4,Mobile,UPI,Romance,6.4,35,3,3,1,0,0,0
CUST102181,65,Female,Central India,Standard,518.39,49,1,Smart TV,Credit Card,Action,5.9,16,0,4,0,0,1,0
CUST102182,20,Male,Central India,Standard,494.8,42,3,Mobile,Net Banking,Drama,9.0,44,0,3,0,0,0,1
CUST102183,27,Female,West India,Basic,191.96,37,3,Mobile,Gift Card,Romance,15.3,25,0,2,0,1,1,0
CUST102184,39,Female,North India,Basic,173.51,3,5,Smart TV,Net Banking,Thriller,17.0,22,5,2,0,0,1,0
CUST102185,58,Female,East India,Premium,794.53,9,5,Mobile,Debit Card,Thriller,4.4,44,0,1,0,0,0,1
CUST102186,62,Male,East India,Premium,776.92,52,3,Smart TV,Debit Card,Romance,21.8,46,2,4,1,1,0,0
CUST102187,64,Male,North India,Basic,193.68,22,5,Tablet,Gift Card,Romance,12.4,55,0,4,0,0,0,0
CUST102188,19,Female,West India,Basic,218.66,25,3,Mobile,Credit Card,Romance,13.3,10,2,3,1,0,1,1
CUST102189,15,Female,West India,Premium,779.58,2,3,Tablet,UPI,Action,4.1,29,3,1,0,0,0,1
CUST102190,41,Female,South India,Standard,495.22,23,1,Mobile,Debit Card,Documentary,9.7,24,1,3,1,1,0,1
CUST102191,56,Female,West India,Basic,211.91,51,1,Mobile,Credit Card,Thriller,9.4,20,1,2,0,0,1,1
CUST102192,65,Male,East India,Premium,787.36,17,4,Laptop,UPI,Drama,0.0,1,1,2,0,1,0,1
CUST102193,36,Female,South India,Basic,205.12,57,1,Laptop,Gift Card,Kids,9.8,66,1,1,1,1,0,1
CUST102194,15,Male,Central India,Standard,511.15,25,2,Smart TV,Credit Card,Romance,14.8,4,1,4,1,1,0,0
CUST102195,32,Male,Central India,Standard,500.18,12,2,Mobile,Net Banking,Action,6.8,44,0,1,0,1,0,0
CUST102196,58,Male,Central India,Standard,500.48,27,5,Laptop,Gift Card,Documentary,5.5,65,0,4,1,1,0,1
CUST102197,27,Female,South India,Basic,182.53,20,2,Tablet,Debit Card,Comedy,16.4,63,0,3,0,0,0,0
CUST102198,37,Male,East India,Standard,493.01,9,1,Tablet,Gift Card,Romance,11.2,22,0,4,1,1,0,1
CUST102199,42,Male,West India,Premium,801.43,23,4,Smart TV,Gift Card,Drama,9.6,77,0,1,1,0,0,0
CUST102200,26,Female,South India,Standard,470.48,36,3,Laptop,UPI,Drama,11.0,17,2,3,0,1,0,0
CUST102201,19,Female,East India,Standard,465.3,28,4,Laptop,Debit Card,Action,13.4,74,2,3,0,1,0,0
CUST102202,29,Female,West India,Basic,196.7,50,1,Laptop,UPI,Romance,15.2,57,0,3,0,1,0,0
CUST102203,56,Male,North India,Premium,804.68,48,1,Tablet,Gift Card,Comedy,16.0,59,2,1,0,0,1,1
CUST102204,32,Female,East India,Premium,800.32,29,1,Laptop,Credit Card,Drama,12.6,14,0,1,0,0,0,1
CUST102205,48,Male,North India,Premium,774.68,53,5,Smart TV,Net Banking,Drama,17.8,84,0,1,1,1,1,1
CUST102206,21,Male,Central India,Standard,515.55,56,2,Mobile,Net Banking,Romance,0.0,68,2,4,0,1,1,0
CUST102207,50,Female,Central India,Premium,800.55,42,1,Smart TV,UPI,Action,16.6,66,2,1,1,1,0,1
CUST102208,60,Male,East India,Basic,213.56,58,3,Laptop,Credit Card,Drama,8.8,81,1,3,0,0,0,1
CUST102209,69,Male,North India,Standard,489.42,54,2,Mobile,Net Banking,Kids,3.1,7,3,1,0,0,0,1
CUST102210,34,Male,South India,Standard,502.98,32,2,Mobile,Credit Card,Documentary,16.3,37,0,2,1,1,1,0
CUST102211,66,Male,West India,Standard,506.81,12,5,Mobile,UPI,Comedy,10.3,25,0,3,0,1,1,0
CUST102212,65,Female,Central India,Premium,814.07,30,4,Tablet,Debit Card,Thriller,15.6,63,0,3,0,1,0,0
CUST102213,65,Male,Central India,Standard,512.8,60,2,Laptop,Credit Card,Thriller,8.6,76,0,1,0,1,1,1
CUST102214,14,Female,Central India,Basic,187.0,11,2,Mobile,Credit Card,Comedy,12.2,63,2,2,1,1,1,0
CUST102215,36,Male,Central India,Basic,197.26,37,1,Mobile,Debit Card,Kids,9.1,73,1,2,1,0,0,1
CUST102216,20,Male,East India,Basic,191.15,20,3,Smart TV,Gift Card,Documentary,10.2,0,0,1,1,1,1,0
CUST102217,23,Female,East India,Standard,501.14,11,1,Smart TV,Gift Card,Action,6.6,41,1,4,0,1,1,1
CUST102218,25,Male,North India,Basic,177.44,48,3,Mobile,Gift Card,Action,2.9,10,0,3,1,1,1,0
CUST102219,29,Male,South India,Basic,175.15,47,2,Tablet,UPI,Thriller,3.9,68,0,4,0,1,1,0
CUST102220,20,Male,North India,Standard,534.78,38,3,Smart TV,Gift Card,Drama,11.4,0,3,4,0,0,0,1
CUST102221,33,Male,South India,Premium,828.03,45,1,Smart TV,UPI,Comedy,6.7,64,1,4,1,1,1,0
CUST102222,30,Male,East India,Premium,816.49,16,1,Laptop,Debit Card,Documentary,13.3,82,2,2,0,1,0,0
CUST102223,42,Male,Central India,Premium,806.26,59,4,Mobile,Credit Card,Action,9.2,49,0,4,0,1,1,0
CUST102224,30,Female,North India,Premium,810.63,35,5,Smart TV,Net Banking,Comedy,7.2,68,2,1,1,1,1,1
CUST102225,58,Female,South India,Basic,210.67,50,4,Smart TV,Net Banking,Drama,20.5,75,1,4,1,1,0,0
CUST102226,59,Female,West India,Premium,823.82,1,2,Tablet,UPI,Thriller,6.4,59,1,3,0,1,0,1
CUST102227,43,Male,South India,Standard,491.61,25,3,Mobile,UPI,Drama,11.1,36,0,3,0,1,1,0
CUST102228,50,Male,North India,Standard,487.64,49,1,Laptop,Credit Card,Documentary,20.4,22,0,3,0,0,0,0
CUST102229,44,Male,East India,Standard,498.77,27,1,Smart TV,Debit Card,Kids,15.6,4,1,3,0,0,0,0
CUST102230,23,Female,Central India,Premium,807.93,52,1,Laptop,Credit Card,Kids,11.9,86,0,1,1,1,1,0
CUST102231,57,Male,West India,Standard,495.18,32,1,Laptop,UPI,Thriller,5.9,87,2,2,0,1,0,1
CUST102232,37,Female,North India,Basic,190.71,6,2,Mobile,Credit Card,Drama,0.0,80,1,3,0,1,0,0
CUST102233,45,Male,East India,Standard,520.56,41,5,Mobile,UPI,Romance,0.0,3,2,2,1,1,1,1
CUST102234,50,Male,South India,Basic,186.44,36,4,Mobile,Net Banking,Romance,7.7,16,2,2,0,0,0,1
CUST102235,53,Male,East India,Premium,821.03,39,4,Smart TV,Credit Card,Kids,20.3,29,3,2,1,0,1,1
CUST102236,20,Female,East India,Standard,513.45,23,1,Tablet,Debit Card,Romance,5.4,53,3,1,1,0,0,0
CUST102237,23,Male,Central India,Standard,527.68,29,1,Mobile,Net Banking,Documentary,3.9,88,2,1,1,0,0,1
CUST102238,34,Female,North India,Premium,831.75,30,3,Smart TV,Debit Card,Kids,8.6,80,0,3,0,0,0,0
CUST102239,63,Male,East India,Standard,504.55,22,1,Laptop,Debit Card,Documentary,10.8,77,2,1,0,1,0,0
CUST102240,36,Male,South India,Basic,230.18,57,4,Tablet,UPI,Documentary,11.7,22,2,2,1,1,0,1
CUST102241,53,Female,South India,Basic,206.58,11,3,Smart TV,Debit Card,Comedy,17.0,23,0,1,0,1,1,0
CUST102242,29,Male,Central India,Standard,504.94,26,3,Laptop,Gift Card,Documentary,4.7,16,1,4,1,0,0,0
CUST102243,24,Male,East India,Premium,801.91,23,1,Mobile,Debit Card,Action,17.6,58,0,2,0,1,0,0
CUST102244,69,Male,South India,Premium,792.48,3,3,Mobile,Credit Card,Documentary,13.9,51,1,3,0,1,1,0
CUST102245,58,Male,South India,Premium,810.4,48,5,Mobile,UPI,Drama,6.4,45,0,3,0,0,0,0
CUST102246,44,Female,Central India,Basic,216.26,6,1,Smart TV,UPI,Action,4.5,80,0,3,1,1,0,1
CUST102247,27,Female,East India,Basic,178.02,7,5,Smart TV,Gift Card,Thriller,2.1,77,2,1,1,1,1,0
CUST102248,28,Male,Central India,Basic,237.4,44,1,Mobile,UPI,Kids,17.0,58,1,2,1,0,0,1
CUST102249,66,Male,East India,Premium,823.37,39,5,Mobile,UPI,Kids,8.1,78,1,4,1,1,1,0
CUST102250,34,Female,South India,Basic,190.27,54,1,Mobile,Net Banking,Action,8.1,18,2,4,0,0,0,1
CUST102251,40,Male,North India,Basic,207.44,51,4,Mobile,Net Banking,Drama,11.5,68,1,4,0,1,0,0
CUST102252,32,Female,South India,Standard,498.35,22,1,Tablet,Net Banking,Romance,3.3,16,1,2,0,1,0,0
CUST102253,45,Male,North India,Standard,503.99,48,4,Tablet,Gift Card,Kids,19.1,5,1,1,0,0,1,0
CUST102254,22,Female,East India,Standard,496.96,50,2,Mobile,UPI,Kids,12.0,24,1,1,1,1,0,0
CUST102255,52,Female,East India,Standard,506.85,42,2,Mobile,UPI,Thriller,11.8,46,1,2,1,1,0,1
CUST102256,44,Female,West India,Standard,482.96,33,1,Laptop,UPI,Drama,9.4,16,1,1,1,0,1,0
CUST102257,62,Female,East India,Standard,531.85,40,4,Mobile,Debit Card,Romance,1.8,32,2,1,1,0,1,1
CUST102258,45,Male,East India,Premium,784.1,3,4,Tablet,UPI,Drama,16.4,10,3,1,1,0,1,0
CUST102259,14,Male,West India,Standard,507.29,30,3,Mobile,UPI,Comedy,23.6,32,0,3,0,0,1,0
CUST102260,45,Female,North India,Basic,188.82,48,3,Smart TV,Credit Card,Comedy,4.9,27,1,2,0,1,0,1
CUST102261,45,Female,East India,Basic,196.66,24,5,Laptop,Credit Card,Drama,4.4,40,1,2,1,1,0,1
CUST102262,53,Female,Central India,Basic,205.92,3,3,Mobile,UPI,Documentary,4.9,58,0,3,0,0,0,0
CUST102263,25,Female,East India,Premium,800.47,2,1,Mobile,Debit Card,Comedy,5.6,4,2,4,0,0,0,1
CUST102264,42,Male,East India,Basic,200.94,44,3,Laptop,Debit Card,Romance,18.8,84,0,3,0,1,0,1
CUST102265,45,Female,South India,Premium,793.48,40,3,Tablet,Gift Card,Kids,3.9,29,0,4,1,1,0,1
CUST102266,25,Female,East India,Basic,188.63,19,1,Smart TV,Gift Card,Drama,24.1,45,2,3,1,0,0,0
CUST102267,64,Female,East India,Premium,808.95,24,1,Laptop,UPI,Action,21.2,89,1,4,0,0,0,0
CUST102268,38,Female,Central India,Premium,786.19,50,5,Tablet,Net Banking,Drama,14.8,55,0,4,1,1,1,1
CUST102269,34,Female,West India,Standard,489.26,20,4,Mobile,Debit Card,Drama,13.6,2,1,3,0,1,0,0
CUST102270,51,Female,West India,Standard,489.43,57,3,Mobile,Net Banking,Thriller,15.3,84,2,3,0,0,0,1
CUST102271,14,Female,West India,Basic,194.03,47,2,Mobile,Gift Card,Romance,6.8,11,1,3,0,0,1,1
CUST102272,50,Male,South India,Standard,477.7,49,4,Mobile,Debit Card,Comedy,3.2,6,1,4,0,1,1,0
CUST102273,51,Female,East India,Basic,177.93,50,1,Laptop,Net Banking,Thriller,10.8,25,2,1,0,1,0,1
CUST102274,38,Female,North India,Standard,507.15,31,3,Mobile,UPI,Documentary,1.9,43,1,3,1,0,1,1
CUST102275,58,Female,North India,Premium,807.32,50,5,Mobile,Net Banking,Drama,5.6,55,1,2,1,1,1,0
CUST102276,62,Male,Central India,Basic,203.66,41,2,Mobile,Gift Card,Comedy,14.7,54,1,2,0,1,0,0
CUST102277,27,Male,South India,Premium,819.63,58,4,Mobile,Debit Card,Comedy,12.5,12,1,4,0,1,1,0
CUST102278,46,Male,South India,Standard,485.77,31,3,Mobile,Debit Card,Romance,18.5,77,2,2,0,1,0,1
CUST102279,54,Female,East India,Standard,473.12,37,1,Mobile,Debit Card,Kids,8.3,24,2,2,0,1,1,0
CUST102280,67,Female,North India,Premium,810.78,43,4,Laptop,UPI,Comedy,20.7,80,0,4,1,1,1,0
CUST102281,56,Female,South India,Standard,472.8,29,2,Laptop,Debit Card,Drama,6.1,15,0,1,0,0,0,0
CUST102282,61,Male,Central India,Standard,496.95,4,1,Laptop,Net Banking,Drama,15.5,40,0,2,0,1,0,1
CUST102283,52,Female,North India,Standard,503.17,58,2,Laptop,Credit Card,Kids,11.0,81,1,4,0,1,0,0
CUST102284,23,Male,South India,Premium,829.91,10,3,Tablet,Credit Card,Action,16.7,3,1,4,0,1,1,1
CUST102285,15,Male,East India,Basic,190.8,36,4,Mobile,UPI,Thriller,5.7,39,2,4,0,0,1,1
CUST102286,18,Male,East India,Standard,491.9,55,5,Tablet,Net Banking,Thriller,15.4,50,1,1,0,1,0,0
CUST102287,21,Male,East India,Standard,508.92,35,3,Smart TV,UPI,Romance,12.9,80,0,4,0,1,0,0
CUST102288,18,Male,East India,Basic,208.03,57,3,Mobile,Credit Card,Drama,4.9,54,1,4,0,1,0,0
CUST102289,21,Female,North India,Basic,193.85,48,5,Smart TV,Debit Card,Romance,23.7,32,1,1,1,1,0,0
CUST102290,51,Female,North India,Basic,201.78,21,5,Mobile,Credit Card,Romance,9.4,38,2,1,0,0,1,0
CUST102291,43,Male,South India,Standard,487.94,43,1,Mobile,Credit Card,Documentary,15.2,23,1,2,0,1,1,0
CUST102292,44,Female,Central India,Premium,805.7,41,2,Mobile,Credit Card,Kids,13.8,82,1,1,0,0,0,1
CUST102293,53,Female,West India,Premium,775.09,1,3,Smart TV,UPI,Comedy,2.8,62,1,2,0,1,0,1
CUST102294,62,Male,West India,Standard,542.62,42,1,Laptop,Gift Card,Drama,16.0,59,1,1,0,0,0,0
CUST102295,24,Male,East India,Basic,209.82,12,1,Mobile,UPI,Drama,3.0,51,1,4,1,1,0,1
CUST102296,20,Female,South India,Basic,182.48,24,3,Laptop,Gift Card,Drama,7.6,48,2,2,0,1,0,0
CUST102297,20,Female,West India,Standard,494.98,2,2,Mobile,UPI,Comedy,12.2,65,2,4,1,0,1,1
CUST102298,62,Female,West India,Standard,483.2,47,5,Mobile,Credit Card,Romance,10.5,40,0,1,1,1,0,1
CUST102299,40,Female,West India,Basic,186.72,56,3,Mobile,Debit Card,Comedy,13.9,14,1,4,1,1,1,0
CUST102300,32,Male,West India,Standard,502.17,20,2,Laptop,Net Banking,Kids,0.0,56,1,4,1,1,0,0
CUST102301,59,Female,West India,Premium,819.87,16,5,Tablet,Gift Card,Drama,1.6,48,1,4,1,0,0,1
CUST102302,19,Male,South India,Standard,497.48,34,4,Mobile,UPI,Action,14.2,58,0,1,1,1,0,0
CUST102303,23,Male,West India,Premium,770.64,13,3,Tablet,Debit Card,Thriller,9.1,73,3,2,1,1,1,0
CUST102304,32,Female,West India,Standard,489.79,18,3,Laptop,Net Banking,Kids,12.3,5,0,3,0,0,1,1
CUST102305,28,Female,South India,Basic,190.78,29,2,Mobile,Debit Card,Action,12.8,63,1,1,1,1,0,0
CUST102306,16,Female,North India,Basic,200.33,54,1,Smart TV,Gift Card,Action,4.3,22,0,2,1,1,0,1
CUST102307,18,Male,North India,Premium,796.89,51,1,Laptop,Gift Card,Drama,2.4,41,2,1,0,0,0,1
CUST102308,34,Male,North India,Standard,466.01,43,2,Smart TV,Net Banking,Romance,14.9,68,2,1,1,0,1,1
CUST102309,38,Male,West India,Standard,485.13,14,3,Smart TV,Net Banking,Comedy,6.0,39,2,3,0,0,0,1
CUST102310,15,Male,South India,Basic,182.39,30,3,Smart TV,Gift Card,Thriller,11.6,30,1,1,0,0,1,1
CUST102311,53,Female,North India,Standard,512.46,58,3,Mobile,Gift Card,Action,9.6,13,2,2,1,1,1,0
CUST102312,54,Male,East India,Basic,194.72,35,4,Mobile,Credit Card,Documentary,3.6,69,0,1,0,1,0,1
CUST102313,26,Male,East India,Basic,169.02,9,1,Smart TV,Net Banking,Comedy,7.4,44,3,2,0,0,0,1
CUST102314,23,Female,South India,Basic,185.97,37,4,Laptop,Net Banking,Romance,16.5,11,1,3,0,1,0,0
CUST102315,30,Male,West India,Standard,516.62,46,3,Laptop,Gift Card,Kids,11.5,38,0,2,0,1,0,0
CUST102316,66,Male,North India,Basic,190.01,39,1,Smart TV,UPI,Comedy,8.4,21,0,2,1,0,0,0
CUST102317,24,Female,West India,Basic,188.81,12,3,Mobile,Credit Card,Thriller,12.8,77,0,1,0,0,0,0
CUST102318,35,Male,North India,Standard,496.45,21,3,Mobile,UPI,Thriller,18.7,34,1,2,0,0,0,0
CUST102319,24,Male,Central India,Standard,502.38,18,2,Laptop,Gift Card,Thriller,10.3,87,0,4,1,1,0,1
CUST102320,25,Male,Central India,Standard,496.86,11,1,Smart TV,Credit Card,Drama,23.2,78,0,1,0,1,0,0
CUST102321,37,Male,West India,Standard,514.35,27,3,Smart TV,Credit Card,Comedy,12.4,12,2,2,0,1,1,1
CUST102322,57,Female,East India,Premium,796.86,24,5,Mobile,Gift Card,Drama,8.7,39,2,3,0,1,0,0
CUST102323,63,Male,West India,Basic,209.11,41,5,Mobile,Debit Card,Drama,12.7,20,2,2,0,1,0,0
CUST102324,31,Female,North India,Basic,201.95,43,3,Mobile,Debit Card,Romance,24.1,57,1,2,0,1,0,0
CUST102325,67,Male,West India,Standard,479.6,50,2,Laptop,Net Banking,Drama,18.7,66,0,4,1,1,1,0
CUST102326,58,Female,West India,Basic,225.78,34,3,Smart TV,Gift Card,Romance,2.0,71,1,3,0,0,0,0
CUST102327,48,Female,North India,Standard,516.34,20,5,Smart TV,Gift Card,Comedy,1.4,13,1,1,0,1,0,0
CUST102328,57,Female,East India,Standard,490.5,13,1,Tablet,UPI,Kids,8.8,62,1,3,0,0,0,0
CUST102329,20,Male,Central India,Premium,797.33,47,2,Mobile,Gift Card,Documentary,23.7,9,2,1,0,1,0,0
CUST102330,41,Male,North India,Premium,808.23,8,3,Mobile,Debit Card,Action,11.4,71,0,4,1,0,0,0
CUST102331,67,Male,West India,Premium,801.7,37,5,Mobile,Gift Card,Comedy,6.1,55,1,2,0,1,0,1
CUST102332,65,Female,South India,Basic,200.61,5,1,Smart TV,UPI,Romance,22.6,3,2,2,1,1,0,0
CUST102333,67,Male,West India,Premium,806.58,7,5,Laptop,Net Banking,Comedy,16.4,54,1,1,0,0,1,0
CUST102334,44,Male,West India,Basic,204.3,44,2,Laptop,Credit Card,Thriller,8.5,8,2,1,1,1,0,1
CUST102335,63,Male,South India,Standard,504.37,52,4,Smart TV,Net Banking,Action,6.7,60,0,3,0,0,0,0
CUST102336,56,Male,West India,Standard,500.37,12,3,Smart TV,UPI,Thriller,16.3,64,2,2,1,1,1,1
CUST102337,30,Female,South India,Basic,208.58,41,1,Laptop,Gift Card,Documentary,4.5,60,1,2,1,1,0,1
CUST102338,18,Female,West India,Standard,502.15,4,2,Smart TV,Debit Card,Kids,7.2,55,1,1,0,1,0,0
CUST102339,30,Male,East India,Basic,202.52,40,2,Mobile,Gift Card,Drama,11.1,86,1,3,0,1,0,0
CUST102340,31,Male,Central India,Basic,219.62,19,4,Laptop,Credit Card,Thriller,7.3,76,1,1,1,1,0,1
CUST102341,34,Male,East India,Premium,805.5,54,4,Laptop,Debit Card,Documentary,4.8,52,1,1,0,1,0,1
CUST102342,49,Female,North India,Basic,203.96,1,3,Smart TV,Net Banking,Action,12.4,43,2,4,0,1,1,1
CUST102343,44,Male,North India,Basic,185.67,55,3,Mobile,UPI,Drama,11.2,55,3,4,0,1,0,1
CUST102344,68,Female,West India,Standard,486.42,43,2,Mobile,Net Banking,Documentary,11.6,38,1,2,0,1,0,0
CUST102345,53,Female,North India,Premium,816.13,55,3,Smart TV,Credit Card,Thriller,0.0,22,0,1,0,1,0,1
CUST102346,15,Male,North India,Basic,207.56,13,3,Mobile,Credit Card,Documentary,16.9,20,0,2,1,1,0,0
CUST102347,40,Male,West India,Standard,512.76,50,4,Smart TV,Gift Card,Documentary,0.0,76,0,1,1,0,0,1
CUST102348,22,Male,West India,Premium,801.97,53,2,Mobile,Gift Card,Romance,12.0,12,3,1,0,1,0,1
CUST102349,63,Female,Central India,Basic,204.96,52,5,Smart TV,Gift Card,Romance,23.8,58,1,1,0,0,0,0
CUST102350,47,Female,South India,Basic,196.81,42,5,Mobile,Credit Card,Drama,15.6,25,1,1,1,1,1,0
CUST102351,41,Male,West India,Premium,798.6,45,1,Tablet,Debit Card,Comedy,8.4,87,1,2,0,1,0,0
CUST102352,66,Female,Central India,Standard,492.75,25,4,Mobile,Net Banking,Documentary,7.0,88,3,3,0,1,0,1
CUST102353,27,Male,East India,Premium,819.01,44,1,Smart TV,Net Banking,Drama,9.4,46,2,3,0,1,0,0
CUST102354,45,Male,North India,Basic,188.32,45,2,Mobile,UPI,Kids,17.0,3,0,1,1,1,0,0
CUST102355,19,Female,South India,Premium,803.61,34,5,Mobile,UPI,Kids,13.8,84,1,1,1,1,0,0
CUST102356,24,Female,East India,Premium,796.65,35,5,Smart TV,Debit Card,Drama,10.3,70,0,4,1,1,0,1
CUST102357,61,Female,West India,Basic,213.28,17,5,Mobile,Gift Card,Action,16.3,69,1,2,0,0,0,1
CUST102358,42,Female,East India,Basic,202.41,26,1,Smart TV,Gift Card,Action,2.3,69,1,2,0,1,0,0
CUST102359,33,Male,Central India,Premium,805.92,21,3,Mobile,Debit Card,Comedy,6.5,42,1,2,0,0,0,1
CUST102360,43,Male,West India,Standard,502.11,51,1,Smart TV,Net Banking,Thriller,7.1,38,3,2,1,1,0,1
CUST102361,36,Male,West India,Standard,484.12,12,5,Laptop,Gift Card,Documentary,16.8,30,2,3,0,1,0,1
CUST102362,32,Female,South India,Standard,507.26,16,4,Tablet,Net Banking,Documentary,11.7,72,2,4,1,0,0,1
CUST102363,49,Male,Central India,Premium,797.51,52,4,Smart TV,Credit Card,Drama,24.9,1,0,4,0,0,1,1
CUST102364,16,Female,North India,Premium,787.58,20,1,Laptop,UPI,Drama,15.0,84,0,1,0,0,0,1
CUST102365,40,Female,East India,Basic,177.84,54,1,Laptop,Gift Card,Drama,5.9,6,2,4,1,0,1,0
CUST102366,56,Female,South India,Basic,186.74,10,2,Mobile,UPI,Kids,15.8,0,3,1,1,0,0,1
CUST102367,32,Male,South India,Premium,810.46,23,1,Laptop,Debit Card,Action,5.9,6,1,4,1,1,0,1
CUST102368,36,Female,West India,Premium,825.43,55,1,Smart TV,Credit Card,Kids,7.5,8,1,1,0,0,0,1
CUST102369,62,Female,East India,Standard,500.78,47,5,Mobile,Gift Card,Kids,9.5,88,2,1,1,1,1,1
CUST102370,61,Female,South India,Premium,784.05,30,3,Tablet,Gift Card,Drama,12.0,47,0,3,1,1,0,0
CUST102371,63,Female,West India,Standard,505.25,59,5,Mobile,Net Banking,Comedy,11.3,54,1,4,1,1,0,1
CUST102372,44,Female,West India,Basic,215.16,8,3,Smart TV,UPI,Drama,11.3,76,2,3,0,0,0,0
CUST102373,53,Female,Central India,Premium,827.82,51,5,Smart TV,Credit Card,Thriller,4.2,59,2,1,0,1,1,1
CUST102374,48,Female,West India,Standard,517.96,5,5,Smart TV,Net Banking,Kids,10.0,69,2,1,1,1,0,0
CUST102375,65,Female,North India,Basic,202.36,12,2,Smart TV,Credit Card,Drama,11.9,77,3,4,1,1,1,1
CUST102376,46,Female,Central India,Basic,207.63,42,3,Mobile,Credit Card,Romance,15.2,57,0,4,0,1,0,1
CUST102377,48,Female,Central India,Premium,788.16,54,5,Mobile,Debit Card,Documentary,7.2,48,1,2,1,0,0,0
CUST102378,14,Female,North India,Premium,810.95,14,5,Mobile,Debit Card,Documentary,0.0,29,0,2,0,1,1,0
CUST102379,27,Female,North India,Basic,213.01,60,3,Mobile,Net Banking,Romance,16.7,21,1,1,1,1,0,1
CUST102380,46,Male,South India,Basic,161.54,54,2,Laptop,Net Banking,Drama,13.4,3,1,4,1,1,0,1
CUST102381,48,Male,South India,Standard,501.14,12,3,Laptop,Net Banking,Documentary,2.0,65,1,4,1,0,0,0
CUST102382,18,Female,North India,Premium,821.35,24,2,Smart TV,Credit Card,Romance,1.1,29,1,4,0,1,1,0
CUST102383,51,Female,South India,Standard,488.93,45,2,Mobile,Gift Card,Drama,14.0,23,0,3,1,0,0,0
CUST102384,54,Female,North India,Standard,467.12,53,4,Smart TV,Debit Card,Kids,8.2,79,0,1,1,1,0,1
CUST102385,63,Male,North India,Standard,498.58,53,2,Mobile,Gift Card,Drama,1.5,24,0,4,1,0,0,0
CUST102386,63,Male,West India,Basic,215.14,17,4,Laptop,UPI,Kids,3.6,64,0,4,1,0,0,1
CUST102387,66,Male,South India,Standard,505.01,1,1,Mobile,Debit Card,Action,9.2,75,3,3,1,1,1,0
CUST102388,24,Female,Central India,Basic,199.4,54,2,Smart TV,UPI,Kids,5.5,15,2,2,1,1,0,0
CUST102389,15,Female,Central India,Premium,785.12,42,3,Smart TV,UPI,Action,7.0,54,0,2,1,1,0,1
CUST102390,57,Female,South India,Basic,182.53,58,4,Tablet,Net Banking,Documentary,10.5,26,2,3,0,1,0,0
CUST102391,30,Female,South India,Standard,501.74,37,1,Mobile,Credit Card,Documentary,16.3,67,1,4,1,0,0,1
CUST102392,52,Male,South India,Basic,198.12,11,1,Mobile,Gift Card,Romance,13.5,59,1,4,0,1,0,0
CUST102393,33,Female,South India,Standard,511.79,42,2,Tablet,UPI,Comedy,11.4,57,2,4,1,1,0,1
CUST102394,27,Male,West India,Basic,205.61,6,3,Smart TV,Net Banking,Kids,18.5,56,1,3,1,1,0,0
CUST102395,45,Male,North India,Basic,187.85,15,2,Laptop,Credit Card,Kids,4.4,47,1,3,1,1,0,0
CUST102396,47,Female,South India,Basic,202.84,41,5,Laptop,Debit Card,Comedy,9.6,40,2,1,0,1,0,0
CUST102397,38,Male,South India,Premium,800.36,40,1,Mobile,UPI,Drama,6.4,67,2,4,0,1,0,1
CUST102398,20,Male,North India,Standard,474.04,23,5,Mobile,Net Banking,Comedy,9.2,33,2,2,0,0,1,1
CUST102399,48,Male,North India,Standard,492.71,23,5,Mobile,Net Banking,Thriller,9.7,33,2,3,1,0,0,0
CUST102400,60,Male,North India,Standard,499.9,38,4,Laptop,Net Banking,Action,6.2,1,2,1,0,1,1,0
CUST102401,42,Female,East India,Standard,497.3,38,5,Laptop,Debit Card,Kids,7.8,0,2,3,1,1,1,1
CUST102402,35,Female,Central India,Standard,503.74,49,1,Smart TV,Credit Card,Romance,14.0,86,3,4,0,1,1,0
CUST102403,54,Male,South India,Premium,800.18,12,1,Smart TV,Gift Card,Romance,9.3,36,0,2,1,1,0,1
CUST102404,56,Female,West India,Standard,504.11,7,3,Mobile,Gift Card,Documentary,0.0,82,0,1,1,0,1,1
CUST102405,26,Male,West India,Basic,201.5,37,2,Smart TV,UPI,Romance,14.2,58,0,4,0,1,0,0
CUST102406,26,Female,North India,Premium,798.65,16,3,Tablet,Credit Card,Comedy,13.3,42,2,4,0,0,0,0
CUST102407,14,Female,West India,Basic,201.39,55,3,Laptop,UPI,Thriller,2.3,58,1,3,0,1,1,0
CUST102408,67,Female,Central India,Premium,793.58,38,2,Mobile,Gift Card,Comedy,19.1,75,2,3,0,1,0,0
CUST102409,49,Female,South India,Basic,192.76,40,1,Mobile,Debit Card,Documentary,8.5,64,2,3,0,1,0,0
CUST102410,17,Female,West India,Standard,500.48,35,4,Laptop,Credit Card,Comedy,16.1,12,2,1,1,1,0,0
CUST102411,50,Male,Central India,Basic,168.86,40,5,Smart TV,Credit Card,Action,10.3,0,2,1,0,1,0,0
CUST102412,57,Female,Central India,Premium,793.44,29,4,Smart TV,UPI,Kids,7.1,44,1,3,1,1,0,0
CUST102413,53,Male,East India,Standard,488.41,39,5,Smart TV,UPI,Romance,12.3,73,1,1,0,1,0,1
CUST102414,66,Male,East India,Basic,186.55,17,2,Mobile,Debit Card,Comedy,6.9,13,3,4,0,1,0,1
CUST102415,59,Female,West India,Basic,194.27,51,2,Mobile,Credit Card,Thriller,9.1,39,0,2,0,1,0,0
CUST102416,26,Male,Central India,Standard,478.9,26,3,Mobile,Gift Card,Kids,0.6,21,1,2,1,1,1,0
CUST102417,68,Female,North India,Standard,494.34,20,2,Mobile,Gift Card,Comedy,8.2,45,3,2,0,1,1,0
CUST102418,51,Male,East India,Standard,502.47,46,5,Mobile,Net Banking,Romance,2.6,83,1,4,1,0,0,1
CUST102419,37,Male,Central India,Basic,214.76,25,4,Mobile,Gift Card,Romance,10.0,46,0,1,0,1,1,1
CUST102420,32,Female,East India,Standard,531.99,60,4,Mobile,Net Banking,Documentary,13.0,58,1,3,0,0,0,0
CUST102421,14,Female,South India,Standard,471.57,38,4,Mobile,Net Banking,Romance,10.3,11,1,1,1,1,0,0
CUST102422,51,Female,Central India,Basic,184.99,39,4,Mobile,UPI,Romance,15.6,56,2,2,1,1,0,0
CUST102423,18,Female,Central India,Basic,194.34,37,3,Smart TV,Gift Card,Comedy,21.9,79,2,1,0,1,0,1
CUST102424,29,Male,South India,Standard,501.07,19,4,Tablet,Net Banking,Thriller,9.3,64,1,2,0,0,0,1
CUST102425,37,Female,East India,Premium,804.47,21,5,Mobile,Gift Card,Comedy,10.5,17,0,2,1,0,0,1
CUST102426,69,Male,South India,Basic,189.85,32,3,Mobile,Gift Card,Drama,6.1,67,0,1,0,1,0,0
CUST102427,40,Male,West India,Premium,761.08,28,3,Mobile,Gift Card,Documentary,0.0,69,0,1,1,0,1,1
CUST102428,14,Male,North India,Basic,214.52,39,3,Laptop,Debit Card,Drama,10.8,57,1,2,1,1,0,0
CUST102429,47,Male,East India,Standard,506.54,41,2,Mobile,Net Banking,Kids,14.1,50,1,4,1,1,0,0
CUST102430,49,Male,Central India,Standard,509.7,12,3,Mobile,Gift Card,Drama,10.1,61,0,4,0,1,0,0
CUST102431,17,Male,West India,Basic,195.78,57,5,Tablet,UPI,Kids,5.1,61,2,2,0,0,0,1
CUST102432,13,Female,East India,Standard,504.27,47,4,Mobile,Debit Card,Kids,4.2,34,1,3,1,0,0,1
CUST102433,52,Male,North India,Premium,769.01,15,2,Tablet,Net Banking,Documentary,2.4,75,3,1,0,1,0,1
CUST102434,24,Male,Central India,Premium,782.94,28,4,Laptop,Credit Card,Romance,9.4,26,0,3,0,0,0,1
CUST102435,68,Male,South India,Basic,216.91,56,1,Smart TV,Net Banking,Documentary,4.0,55,2,4,0,0,0,1
CUST102436,48,Female,North India,Basic,199.46,21,2,Smart TV,Debit Card,Thriller,16.9,28,0,2,0,0,0,0
CUST102437,57,Female,East India,Premium,827.04,16,5,Mobile,UPI,Thriller,14.5,42,1,4,0,1,0,0
CUST102438,35,Male,Central India,Basic,184.38,23,2,Laptop,Debit Card,Thriller,16.3,16,2,1,0,0,0,0
CUST102439,59,Female,East India,Standard,537.28,52,3,Mobile,Gift Card,Drama,17.7,36,4,2,0,1,0,0
CUST102440,43,Male,North India,Basic,239.43,26,2,Smart TV,Debit Card,Kids,7.7,39,2,1,0,0,0,1
CUST102441,23,Female,Central India,Standard,489.33,15,3,Mobile,Credit Card,Comedy,15.0,56,1,2,1,1,0,0
CUST102442,22,Male,North India,Basic,192.18,37,4,Mobile,Credit Card,Action,8.5,5,1,2,0,1,0,0
CUST102443,15,Female,East India,Premium,817.78,12,2,Smart TV,Gift Card,Comedy,8.5,58,1,4,1,0,0,1
CUST102444,66,Female,Central India,Premium,790.56,4,2,Smart TV,Gift Card,Action,8.8,58,0,3,0,0,0,1
CUST102445,26,Female,Central India,Basic,195.02,35,5,Mobile,Credit Card,Action,5.1,70,1,3,1,1,1,0
CUST102446,28,Male,Central India,Premium,788.0,31,1,Smart TV,UPI,Action,9.2,42,1,2,1,1,0,0
CUST102447,22,Male,East India,Standard,488.41,27,2,Laptop,Debit Card,Action,9.2,83,1,3,1,1,1,0
CUST102448,41,Male,West India,Basic,200.77,32,4,Smart TV,Credit Card,Documentary,14.0,73,1,1,0,1,0,0
CUST102449,22,Female,East India,Premium,794.9,33,3,Smart TV,Gift Card,Thriller,8.7,14,1,1,0,1,0,1
CUST102450,24,Female,South India,Standard,467.66,13,4,Laptop,Gift Card,Documentary,6.7,14,1,3,0,1,0,0
CUST102451,42,Male,West India,Basic,220.62,37,5,Laptop,UPI,Drama,14.1,86,2,2,1,1,0,0
CUST102452,53,Female,East India,Basic,222.99,44,2,Smart TV,Net Banking,Documentary,4.6,9,2,2,1,1,0,1
CUST102453,13,Male,South India,Premium,806.69,2,1,Tablet,Gift Card,Thriller,9.2,67,3,4,0,1,1,0
CUST102454,17,Male,North India,Premium,800.89,38,1,Mobile,UPI,Comedy,14.0,32,1,4,1,0,0,0
CUST102455,32,Male,South India,Premium,784.96,37,2,Mobile,Credit Card,Romance,14.9,75,1,2,1,0,1,1
CUST102456,20,Male,Central India,Basic,192.07,59,1,Smart TV,Net Banking,Thriller,17.9,8,1,4,0,1,1,1
CUST102457,55,Female,West India,Premium,815.34,50,4,Mobile,Credit Card,Comedy,12.4,26,3,1,0,0,0,1
CUST102458,24,Female,East India,Basic,207.97,56,3,Laptop,UPI,Drama,10.7,61,1,2,0,1,0,0
CUST102459,13,Female,East India,Premium,805.83,5,2,Mobile,Credit Card,Romance,19.6,10,2,2,0,1,0,0
CUST102460,69,Male,Central India,Basic,206.47,18,3,Smart TV,Debit Card,Action,5.0,14,1,2,1,0,1,1
CUST102461,66,Female,West India,Standard,514.94,48,1,Smart TV,UPI,Kids,14.7,70,1,2,0,0,0,1
CUST102462,32,Male,West India,Standard,512.69,17,5,Mobile,Net Banking,Documentary,10.8,89,0,3,1,1,0,1
CUST102463,40,Male,Central India,Premium,809.34,2,3,Laptop,Gift Card,Kids,0.0,7,0,4,1,1,1,0
CUST102464,69,Male,West India,Premium,793.78,49,5,Laptop,Credit Card,Action,19.6,68,0,3,1,0,1,0
CUST102465,55,Male,Central India,Standard,524.27,42,4,Tablet,UPI,Drama,5.1,65,0,1,0,0,0,0
CUST102466,49,Male,South India,Standard,491.73,58,5,Smart TV,Credit Card,Drama,27.1,1,1,4,1,1,0,0
CUST102467,59,Male,Central India,Premium,785.97,35,3,Smart TV,UPI,Comedy,10.9,73,0,1,1,1,0,0
CUST102468,49,Female,East India,Basic,190.54,14,3,Laptop,UPI,Comedy,4.3,16,0,4,0,1,0,1
CUST102469,24,Female,North India,Premium,781.13,51,2,Mobile,Net Banking,Kids,14.8,76,3,1,1,1,1,1
CUST102470,49,Female,South India,Premium,807.75,12,5,Mobile,Credit Card,Drama,7.7,8,0,1,1,1,0,0
CUST102471,61,Female,East India,Basic,198.8,58,4,Mobile,Credit Card,Thriller,10.4,79,0,1,0,1,0,1
CUST102472,61,Male,South India,Basic,215.93,33,2,Tablet,UPI,Action,13.3,70,2,4,1,1,1,1
CUST102473,68,Male,East India,Basic,162.3,7,2,Mobile,Debit Card,Documentary,10.6,75,1,1,0,1,1,1
CUST102474,56,Female,West India,Basic,202.16,58,4,Laptop,Gift Card,Drama,10.1,3,0,2,0,0,0,1
CUST102475,68,Female,Central India,Standard,495.15,39,2,Smart TV,Gift Card,Documentary,7.0,30,3,3,0,1,0,0
CUST102476,40,Female,East India,Standard,493.82,45,4,Mobile,Debit Card,Drama,0.0,2,2,2,1,1,0,0
CUST102477,59,Female,East India,Standard,483.39,9,1,Tablet,Net Banking,Comedy,12.3,40,1,1,1,1,1,1
CUST102478,27,Female,West India,Basic,199.65,5,2,Smart TV,Debit Card,Comedy,13.4,6,2,1,1,1,0,0
CUST102479,18,Female,North India,Standard,487.53,4,3,Smart TV,Debit Card,Romance,22.3,65,2,1,1,1,1,0
CUST102480,56,Female,North India,Standard,521.8,32,1,Mobile,Net Banking,Drama,15.0,74,1,3,0,1,0,1
CUST102481,32,Female,Central India,Premium,808.41,5,2,Mobile,UPI,Documentary,3.9,49,4,2,0,1,1,1
CUST102482,62,Male,West India,Basic,213.72,56,4,Laptop,Credit Card,Action,0.0,59,0,3,0,1,0,0
CUST102483,26,Male,South India,Standard,472.89,56,1,Mobile,Gift Card,Drama,0.0,70,2,3,1,1,0,0
CUST102484,14,Male,East India,Premium,812.28,60,1,Smart TV,Gift Card,Drama,10.3,46,0,1,1,1,0,1
CUST102485,21,Male,Central India,Standard,510.87,52,3,Mobile,Gift Card,Romance,13.7,56,4,4,0,1,0,0
CUST102486,49,Female,North India,Standard,492.91,44,2,Laptop,Debit Card,Romance,12.6,83,0,4,0,1,1,1
CUST102487,32,Male,South India,Basic,196.2,8,2,Laptop,UPI,Thriller,12.0,21,0,1,1,1,0,0
CUST102488,38,Female,West India,Premium,784.26,13,4,Laptop,UPI,Romance,18.3,21,0,4,0,1,1,0
CUST102489,41,Male,East India,Standard,494.39,4,1,Mobile,Debit Card,Romance,12.3,88,1,1,0,0,1,1
CUST102490,13,Female,East India,Premium,807.47,52,3,Smart TV,Net Banking,Drama,4.4,17,2,3,1,0,0,0
CUST102491,67,Female,North India,Premium,788.96,11,4,Mobile,Net Banking,Romance,6.6,73,0,2,0,1,1,1
CUST102492,47,Male,North India,Standard,499.54,15,4,Mobile,UPI,Romance,12.8,61,7,1,0,1,1,1
CUST102493,18,Male,Central India,Standard,537.18,56,3,Mobile,Debit Card,Kids,11.3,11,5,3,1,1,0,1
CUST102494,49,Female,East India,Basic,184.32,46,2,Tablet,Gift Card,Comedy,9.8,28,0,4,1,0,1,1
CUST102495,65,Female,East India,Basic,203.98,18,3,Tablet,Credit Card,Romance,7.2,2,0,1,1,1,0,1
CUST102496,17,Female,East India,Standard,483.49,20,2,Smart TV,UPI,Thriller,4.6,52,1,2,1,1,0,0
CUST102497,45,Male,East India,Standard,476.72,1,5,Smart TV,Gift Card,Romance,20.1,25,1,2,0,1,0,0
CUST102498,61,Male,South India,Standard,510.99,1,1,Smart TV,UPI,Thriller,4.5,80,1,2,1,0,0,0
CUST102499,63,Female,West India,Premium,792.9,11,3,Mobile,Credit Card,Comedy,6.5,83,0,3,1,1,0,0
CUST102500,26,Male,South India,Basic,222.99,29,4,Laptop,Net Banking,Romance,10.3,51,1,4,0,1,0,0
CUST102501,24,Female,West India,Standard,507.52,29,2,Smart TV,UPI,Comedy,12.2,83,0,2,0,1,0,0
CUST102502,54,Male,South India,Standard,487.21,24,1,Smart TV,Debit Card,Kids,11.4,77,2,1,1,0,0,1
CUST102503,32,Male,Central India,Basic,185.85,20,1,Laptop,Net Banking,Comedy,0.4,40,1,1,0,1,1,1
CUST102504,65,Male,West India,Premium,809.81,30,3,Tablet,Net Banking,Documentary,12.3,12,1,3,1,0,0,0
CUST102505,62,Male,East India,Standard,483.21,38,4,Mobile,Gift Card,Kids,16.7,39,0,4,0,1,0,1
CUST102506,36,Male,West India,Standard,482.79,5,3,Smart TV,Debit Card,Thriller,11.6,50,1,4,0,1,1,1
CUST102507,55,Female,East India,Standard,473.21,45,4,Tablet,UPI,Action,22.4,1,1,2,1,0,0,0
CUST102508,46,Female,Central India,Basic,208.35,10,5,Smart TV,UPI,Action,18.6,35,2,2,0,0,1,1
CUST102509,37,Male,West India,Standard,486.86,6,3,Laptop,Debit Card,Kids,8.0,13,5,1,0,0,1,1
CUST102510,62,Female,North India,Standard,504.4,4,2,Mobile,Net Banking,Documentary,6.9,25,0,4,0,0,0,1
CUST102511,41,Female,East India,Premium,779.47,4,3,Mobile,UPI,Action,4.0,65,1,1,1,0,0,0
CUST102512,69,Male,West India,Premium,774.43,7,3,Mobile,UPI,Thriller,10.3,10,0,4,0,1,0,0
CUST102513,51,Female,South India,Basic,209.8,48,5,Mobile,UPI,Comedy,12.1,72,0,2,1,1,0,1
CUST102514,43,Male,West India,Standard,496.62,33,5,Laptop,Credit Card,Romance,17.1,49,0,3,0,0,0,1
CUST102515,68,Female,East India,Basic,188.83,9,3,Smart TV,Debit Card,Thriller,10.0,70,0,3,1,1,1,0
CUST102516,59,Female,North India,Basic,191.7,26,4,Tablet,Credit Card,Kids,5.5,34,0,3,1,1,1,0
CUST102517,55,Female,North India,Standard,491.76,51,5,Mobile,Credit Card,Romance,16.8,80,2,4,1,0,1,0
CUST102518,62,Female,South India,Standard,529.51,52,5,Mobile,Gift Card,Documentary,3.1,89,0,2,0,1,1,0
CUST102519,35,Female,Central India,Basic,202.98,47,4,Mobile,UPI,Documentary,12.8,28,2,4,1,1,0,0
CUST102520,56,Female,North India,Standard,501.08,41,1,Mobile,Credit Card,Drama,11.4,37,1,2,0,1,0,1
CUST102521,50,Female,Central India,Standard,487.7,21,5,Smart TV,Debit Card,Documentary,10.7,32,2,2,0,1,0,0
CUST102522,32,Male,East India,Basic,210.8,60,5,Mobile,Gift Card,Romance,8.4,74,0,3,0,1,0,0
CUST102523,35,Male,West India,Premium,781.72,52,4,Mobile,Gift Card,Romance,17.3,5,1,2,0,0,0,1
CUST102524,57,Male,Central India,Basic,206.78,60,4,Laptop,Net Banking,Documentary,12.1,17,1,2,0,1,1,0
CUST102525,64,Male,East India,Standard,506.86,22,3,Mobile,Net Banking,Romance,12.7,30,3,2,0,0,0,1
CUST102526,28,Female,East India,Premium,814.26,33,3,Mobile,Gift Card,Kids,14.3,78,1,2,1,1,1,0
CUST102527,62,Female,East India,Standard,469.47,58,1,Smart TV,Debit Card,Thriller,1.6,76,2,1,1,0,1,0
CUST102528,54,Female,South India,Premium,815.91,33,1,Smart TV,Credit Card,Thriller,3.8,4,2,3,0,1,0,0
CUST102529,67,Male,South India,Basic,204.31,48,1,Tablet,Net Banking,Documentary,5.4,83,1,1,0,0,0,1
CUST102530,20,Male,Central India,Standard,487.69,5,2,Smart TV,Credit Card,Romance,10.5,39,1,4,0,1,0,1
CUST102531,62,Male,East India,Standard,466.61,21,4,Tablet,Debit Card,Thriller,5.0,46,1,3,0,1,1,0
CUST102532,33,Female,Central India,Standard,492.91,27,5,Mobile,Credit Card,Thriller,5.3,62,2,3,1,1,0,1
CUST102533,13,Male,North India,Premium,801.8,41,4,Mobile,Gift Card,Kids,8.8,81,0,2,0,1,0,0
CUST102534,67,Female,Central India,Standard,476.2,1,4,Laptop,Net Banking,Kids,15.9,42,1,1,0,0,1,0
CUST102535,20,Male,West India,Premium,786.23,51,1,Laptop,Debit Card,Romance,15.8,1,2,4,0,1,0,0
CUST102536,41,Female,East India,Basic,180.05,16,4,Smart TV,Gift Card,Documentary,13.9,75,2,2,1,0,0,1
CUST102537,44,Male,Central India,Standard,492.48,35,2,Smart TV,Debit Card,Comedy,13.5,19,1,4,0,1,1,0
CUST102538,50,Female,South India,Standard,482.68,36,5,Mobile,Net Banking,Documentary,10.0,23,1,4,0,1,1,0
CUST102539,17,Male,West India,Standard,531.55,44,1,Mobile,Credit Card,Romance,11.7,72,0,1,1,1,1,0
CUST102540,59,Male,Central India,Premium,811.96,32,3,Mobile,Debit Card,Action,10.2,34,0,3,0,1,1,0
CUST102541,34,Female,Central India,Basic,182.42,29,5,Mobile,Net Banking,Thriller,10.8,54,2,4,0,1,1,1
CUST102542,59,Female,Central India,Standard,484.6,39,3,Laptop,Gift Card,Romance,11.5,51,1,3,0,0,0,1
CUST102543,46,Male,South India,Standard,476.79,47,3,Mobile,Net Banking,Drama,8.3,44,3,4,0,0,1,0
CUST102544,13,Female,Central India,Premium,796.75,23,4,Mobile,Credit Card,Documentary,0.0,46,0,1,0,1,0,1
CUST102545,67,Male,North India,Premium,825.63,15,5,Tablet,Net Banking,Comedy,14.3,50,1,3,1,1,1,1
CUST102546,67,Female,North India,Basic,216.96,26,2,Smart TV,Gift Card,Comedy,10.7,28,1,1,1,1,0,0
CUST102547,38,Male,North India,Basic,201.97,37,4,Mobile,Gift Card,Thriller,0.4,67,4,3,0,1,1,0
CUST102548,55,Female,Central India,Standard,494.59,25,3,Smart TV,Debit Card,Documentary,14.4,49,3,4,0,1,1,0
CUST102549,22,Male,West India,Standard,507.27,55,5,Laptop,Gift Card,Romance,12.2,13,3,4,1,0,1,1
CUST102550,42,Male,South India,Premium,803.2,2,4,Mobile,UPI,Documentary,0.9,27,1,3,0,1,0,0
CUST102551,62,Male,North India,Standard,505.49,12,5,Laptop,Gift Card,Kids,20.6,57,0,2,1,1,0,1
CUST102552,30,Female,North India,Basic,201.96,19,1,Mobile,Credit Card,Action,9.7,32,6,1,1,0,0,1
CUST102553,29,Male,West India,Standard,505.67,59,2,Smart TV,Gift Card,Kids,23.8,71,0,4,0,1,0,0
CUST102554,38,Female,North India,Standard,477.69,32,2,Mobile,Debit Card,Romance,16.9,50,2,1,0,0,1,0
CUST102555,20,Female,South India,Premium,797.2,23,2,Smart TV,Gift Card,Documentary,19.7,0,1,1,0,0,0,0
CUST102556,59,Female,West India,Basic,202.5,5,3,Smart TV,Net Banking,Kids,10.3,67,0,3,1,1,0,1
CUST102557,52,Male,East India,Basic,192.47,55,3,Laptop,Net Banking,Action,11.3,28,1,3,0,1,0,0
CUST102558,61,Female,South India,Premium,780.28,25,2,Smart TV,Net Banking,Comedy,14.0,34,0,2,0,0,0,1
CUST102559,24,Female,South India,Basic,199.08,57,5,Laptop,UPI,Documentary,11.9,17,0,3,0,0,0,1
CUST102560,39,Female,Central India,Standard,561.22,35,1,Mobile,Debit Card,Kids,14.1,43,2,2,1,1,0,1
CUST102561,20,Male,East India,Standard,486.65,56,3,Smart TV,Net Banking,Kids,9.6,54,2,3,1,0,0,1
CUST102562,37,Female,East India,Standard,496.87,29,4,Mobile,Net Banking,Thriller,0.0,35,1,3,0,1,1,1
CUST102563,58,Female,West India,Basic,217.92,38,4,Smart TV,Net Banking,Action,7.4,18,3,3,0,1,0,0
CUST102564,16,Female,North India,Basic,225.6,45,3,Smart TV,Debit Card,Action,12.8,48,1,2,0,1,0,0
CUST102565,45,Female,East India,Standard,490.25,20,2,Mobile,Net Banking,Thriller,12.3,20,1,4,0,1,0,0
CUST102566,13,Male,West India,Basic,213.47,47,5,Mobile,UPI,Drama,22.0,52,3,3,0,1,1,1
CUST102567,31,Male,East India,Standard,510.87,36,1,Laptop,Net Banking,Thriller,7.9,79,3,2,1,1,1,1
CUST102568,43,Female,South India,Basic,191.41,52,4,Mobile,Credit Card,Action,12.4,69,2,1,0,1,0,1
CUST102569,28,Female,East India,Standard,508.37,7,3,Mobile,UPI,Thriller,14.2,89,0,2,0,1,0,1
CUST102570,26,Female,North India,Premium,796.4,22,5,Smart TV,Credit Card,Action,12.9,0,1,4,0,1,0,1
CUST102571,65,Female,West India,Basic,189.6,18,2,Mobile,Net Banking,Kids,5.3,81,0,1,0,1,0,0
CUST102572,60,Male,North India,Basic,224.79,53,1,Mobile,Net Banking,Drama,12.7,0,2,3,0,1,1,0
CUST102573,17,Male,Central India,Premium,808.74,21,1,Smart TV,Debit Card,Documentary,4.1,26,1,4,0,0,0,0
CUST102574,53,Male,North India,Standard,473.77,22,4,Mobile,Credit Card,Romance,7.4,18,0,1,1,1,1,1
CUST102575,38,Male,North India,Basic,197.08,39,4,Tablet,Credit Card,Comedy,9.0,89,2,2,1,1,0,1
CUST102576,40,Female,West India,Standard,491.21,12,3,Tablet,Gift Card,Drama,8.9,51,1,1,0,0,1,1
CUST102577,14,Female,South India,Basic,195.84,11,1,Smart TV,Gift Card,Documentary,0.8,78,2,4,0,0,0,0
CUST102578,62,Male,East India,Basic,206.74,56,2,Mobile,Gift Card,Kids,9.8,69,1,4,1,0,0,0
CUST102579,18,Male,East India,Premium,803.4,12,2,Smart TV,Gift Card,Thriller,10.8,62,3,3,0,1,0,0
CUST102580,21,Female,West India,Premium,820.51,26,3,Mobile,Credit Card,Romance,11.4,80,1,1,1,1,1,0
CUST102581,45,Female,West India,Standard,517.33,30,1,Mobile,Debit Card,Action,8.5,66,0,2,0,1,0,1
CUST102582,53,Female,South India,Basic,180.79,15,4,Mobile,Gift Card,Romance,21.8,83,2,1,0,1,1,0
CUST102583,37,Female,South India,Basic,197.53,8,2,Laptop,Credit Card,Kids,11.1,1,1,3,0,0,0,1
CUST102584,60,Female,Central India,Premium,769.8,43,5,Mobile,Debit Card,Kids,7.4,36,0,2,0,0,0,0
CUST102585,25,Male,East India,Basic,184.05,53,3,Smart TV,Debit Card,Drama,11.9,52,3,2,0,0,1,1
CUST102586,21,Male,East India,Standard,467.57,18,2,Mobile,Gift Card,Thriller,6.2,72,0,2,1,1,0,1
CUST102587,65,Female,Central India,Basic,175.48,10,5,Smart TV,Credit Card,Kids,15.8,86,0,3,0,1,0,0
CUST102588,25,Female,West India,Standard,520.0,8,5,Mobile,UPI,Romance,13.1,38,2,4,1,0,0,1
CUST102589,43,Male,East India,Basic,210.29,38,2,Tablet,Credit Card,Documentary,19.7,30,3,3,0,0,1,1
CUST102590,53,Female,North India,Basic,208.26,35,3,Smart TV,Debit Card,Kids,16.0,18,0,1,1,0,0,1
CUST102591,23,Male,West India,Premium,816.63,20,5,Mobile,Net Banking,Comedy,19.0,41,1,2,0,1,0,1
CUST102592,16,Male,West India,Standard,508.19,12,5,Mobile,Gift Card,Drama,0.0,50,5,2,0,1,0,1
CUST102593,46,Male,South India,Basic,197.73,49,1,Mobile,Debit Card,Romance,3.9,67,2,2,0,1,0,1
CUST102594,50,Male,Central India,Standard,490.16,3,1,Smart TV,UPI,Romance,14.2,33,1,3,1,1,0,1
CUST102595,58,Female,West India,Basic,224.43,20,1,Mobile,UPI,Comedy,6.5,53,0,4,0,1,0,1
CUST102596,16,Female,South India,Standard,518.6,50,5,Smart TV,UPI,Thriller,19.2,57,0,2,0,1,0,0
CUST102597,50,Male,North India,Standard,495.71,12,5,Mobile,UPI,Documentary,8.6,14,1,1,1,0,0,0
CUST102598,31,Female,North India,Basic,210.46,54,3,Laptop,Credit Card,Kids,16.8,28,0,3,1,1,1,0
CUST102599,18,Female,East India,Standard,457.14,24,4,Smart TV,Debit Card,Drama,12.9,56,3,2,0,0,1,0
CUST102600,46,Female,Central India,Standard,511.21,16,1,Laptop,UPI,Kids,9.5,5,2,1,0,1,1,1
CUST102601,30,Female,Central India,Premium,791.49,60,4,Tablet,Debit Card,Romance,5.8,45,0,4,0,1,0,1
CUST102602,25,Male,South India,Standard,539.69,54,1,Tablet,Debit Card,Documentary,12.0,70,0,1,1,1,0,1
CUST102603,53,Female,East India,Basic,216.26,10,1,Mobile,Net Banking,Action,9.0,26,0,2,0,1,0,1
CUST102604,35,Male,Central India,Basic,169.41,19,3,Laptop,Credit Card,Romance,5.2,88,1,4,0,0,0,0
CUST102605,31,Male,East India,Standard,488.33,41,3,Smart TV,Net Banking,Documentary,1.5,0,0,3,0,0,1,0
CUST102606,57,Female,South India,Basic,199.91,14,2,Smart TV,Gift Card,Documentary,10.6,72,0,3,0,1,0,0
CUST102607,23,Male,East India,Standard,498.36,52,1,Laptop,Gift Card,Kids,15.9,21,2,3,0,1,1,0
CUST102608,13,Female,West India,Standard,497.69,14,1,Mobile,Gift Card,Documentary,11.8,21,1,3,1,1,0,1
CUST102609,36,Female,West India,Basic,213.77,22,1,Smart TV,Net Banking,Kids,14.3,52,3,2,0,1,0,1
CUST102610,66,Male,West India,Basic,190.89,4,3,Smart TV,Debit Card,Drama,9.3,65,3,4,0,1,0,1
CUST102611,19,Female,West India,Standard,497.92,47,1,Mobile,Gift Card,Romance,5.2,69,0,3,0,1,0,0
CUST102612,37,Male,North India,Basic,221.89,52,2,Laptop,Gift Card,Drama,14.5,64,0,4,0,1,1,0
CUST102613,33,Male,North India,Premium,822.13,59,5,Mobile,Net Banking,Drama,8.6,54,1,2,1,0,1,0
CUST102614,27,Female,Central India,Standard,513.67,34,2,Smart TV,Debit Card,Comedy,10.3,80,3,3,0,1,0,1
CUST102615,13,Female,North India,Premium,793.75,58,5,Tablet,Gift Card,Kids,14.4,43,5,3,1,1,0,1
CUST102616,24,Female,East India,Premium,788.39,18,3,Laptop,Credit Card,Thriller,14.5,36,2,4,1,1,0,1
CUST102617,19,Male,East India,Premium,798.38,34,4,Laptop,Gift Card,Romance,10.6,37,3,3,0,0,1,0
CUST102618,27,Female,North India,Basic,199.43,18,3,Mobile,Net Banking,Thriller,15.3,67,1,4,1,1,0,1
CUST102619,33,Male,East India,Premium,798.47,40,4,Smart TV,Net Banking,Documentary,13.2,4,2,3,0,0,0,0
CUST102620,31,Male,Central India,Basic,207.34,31,5,Smart TV,Credit Card,Comedy,13.4,22,1,3,0,0,0,1
CUST102621,41,Female,South India,Basic,204.41,42,4,Smart TV,Debit Card,Thriller,18.1,59,1,2,1,0,0,1
CUST102622,37,Female,North India,Standard,503.78,20,5,Mobile,Credit Card,Drama,13.5,41,0,3,0,1,0,1
CUST102623,45,Female,West India,Basic,192.0,36,4,Smart TV,Gift Card,Action,21.0,80,2,1,0,1,0,0
CUST102624,61,Male,East India,Basic,181.02,42,5,Mobile,Net Banking,Kids,1.9,23,1,3,0,0,0,1
CUST102625,44,Female,East India,Basic,209.42,10,4,Mobile,Debit Card,Action,4.6,41,1,1,0,1,0,1
CUST102626,61,Male,South India,Basic,199.91,59,5,Smart TV,Gift Card,Thriller,7.1,47,1,1,0,1,0,0
CUST102627,47,Female,Central India,Standard,505.13,3,2,Smart TV,Credit Card,Comedy,3.6,5,1,4,0,1,0,0
CUST102628,56,Female,East India,Basic,205.55,21,1,Tablet,Gift Card,Thriller,20.9,66,0,1,0,0,1,0
CUST102629,50,Male,West India,Standard,468.6,36,2,Smart TV,Credit Card,Drama,19.6,15,0,4,0,1,0,1
CUST102630,38,Male,South India,Premium,824.82,55,3,Smart TV,UPI,Comedy,14.5,28,0,4,1,0,0,1
CUST102631,23,Female,East India,Standard,490.52,10,4,Mobile,UPI,Action,12.2,73,1,4,1,0,1,0
CUST102632,47,Female,West India,Standard,519.61,7,5,Mobile,Net Banking,Kids,3.8,57,0,1,1,1,1,0
CUST102633,20,Female,East India,Premium,805.37,22,2,Smart TV,Debit Card,Documentary,12.9,2,1,2,0,0,0,1
CUST102634,58,Female,West India,Basic,182.82,23,2,Mobile,Net Banking,Drama,10.9,21,2,4,1,1,0,1
CUST102635,26,Female,South India,Standard,488.39,12,5,Laptop,Gift Card,Romance,15.2,64,1,1,0,0,0,1
CUST102636,22,Male,Central India,Premium,788.66,39,4,Mobile,UPI,Romance,7.4,30,1,4,0,1,0,1
CUST102637,14,Male,North India,Premium,789.53,13,3,Mobile,Net Banking,Comedy,13.5,4,1,4,1,1,0,0
CUST102638,58,Male,North India,Standard,472.46,40,3,Laptop,Credit Card,Documentary,16.1,37,0,2,1,1,0,0
CUST102639,21,Male,Central India,Basic,187.02,59,3,Laptop,Debit Card,Drama,15.5,19,1,4,1,1,0,0
CUST102640,15,Female,East India,Premium,813.51,13,5,Mobile,UPI,Kids,10.9,64,1,1,0,1,0,0
CUST102641,33,Male,South India,Basic,215.05,33,2,Mobile,Debit Card,Kids,18.2,86,2,1,0,1,0,0
CUST102642,38,Male,West India,Standard,488.86,31,3,Tablet,Debit Card,Action,4.8,63,0,2,0,1,0,1
CUST102643,20,Male,South India,Standard,470.91,48,2,Laptop,UPI,Romance,11.7,67,1,1,0,1,0,0
CUST102644,60,Female,Central India,Standard,508.46,51,3,Laptop,Credit Card,Comedy,13.5,29,0,3,0,1,0,0
CUST102645,14,Male,East India,Premium,782.82,28,3,Mobile,Credit Card,Thriller,10.0,67,1,4,0,1,0,1
CUST102646,18,Female,East India,Premium,783.99,19,4,Smart TV,Credit Card,Comedy,14.6,6,1,4,0,1,1,1
CUST102647,40,Male,Central India,Standard,494.76,21,5,Mobile,Debit Card,Comedy,16.2,60,0,2,0,1,0,1
CUST102648,65,Female,South India,Basic,193.35,32,4,Mobile,Credit Card,Drama,0.0,51,0,4,0,1,0,0
CUST102649,41,Male,North India,Standard,487.15,26,2,Mobile,Gift Card,Thriller,19.3,30,2,3,0,0,0,1
CUST102650,38,Female,South India,Standard,488.51,13,2,Mobile,Gift Card,Action,6.9,16,1,4,0,1,0,0
CUST102651,37,Male,East India,Standard,491.47,29,5,Tablet,Credit Card,Romance,17.1,77,2,4,0,1,0,0
CUST102652,24,Female,East India,Premium,788.29,7,3,Smart TV,Credit Card,Documentary,6.0,18,1,1,0,0,0,1
CUST102653,17,Female,Central India,Premium,789.23,47,5,Smart TV,UPI,Action,13.0,6,4,3,0,1,0,0
CUST102654,46,Male,South India,Standard,494.41,26,3,Tablet,UPI,Thriller,13.2,22,0,4,0,0,0,0
CUST102655,60,Female,North India,Basic,204.3,6,1,Mobile,Net Banking,Kids,9.1,65,2,3,0,1,0,0
CUST102656,49,Female,South India,Standard,502.74,32,1,Mobile,Debit Card,Documentary,7.3,53,3,3,0,0,1,0
CUST102657,27,Male,East India,Premium,790.87,36,5,Mobile,Debit Card,Comedy,27.4,75,2,3,0,1,0,1
CUST102658,56,Male,South India,Standard,494.25,54,1,Laptop,UPI,Romance,7.0,42,4,3,0,1,1,0
CUST102659,48,Female,East India,Premium,819.17,23,1,Smart TV,Gift Card,Documentary,19.1,10,0,2,1,0,0,1
CUST102660,27,Male,East India,Basic,213.8,52,2,Smart TV,Net Banking,Romance,27.3,28,2,2,0,1,0,0
CUST102661,55,Male,West India,Standard,507.22,11,3,Laptop,UPI,Comedy,8.0,34,1,3,0,0,0,1
CUST102662,60,Male,North India,Standard,472.43,56,1,Mobile,Net Banking,Kids,0.6,60,1,3,0,0,0,1
CUST102663,35,Female,Central India,Standard,500.61,21,4,Mobile,Debit Card,Thriller,10.1,27,2,3,0,0,1,1
CUST102664,18,Female,North India,Premium,788.87,19,2,Smart TV,Debit Card,Action,7.3,57,0,2,0,0,0,1
CUST102665,58,Female,South India,Basic,184.65,34,3,Laptop,Debit Card,Drama,14.2,6,2,4,0,0,0,0
CUST102666,62,Female,West India,Basic,193.6,49,2,Mobile,Gift Card,Documentary,7.4,16,2,3,0,0,1,0
CUST102667,56,Female,East India,Standard,514.71,47,4,Mobile,UPI,Drama,8.9,65,1,3,1,1,0,0
CUST102668,55,Female,North India,Basic,212.32,52,3,Smart TV,Net Banking,Kids,9.8,21,1,4,0,0,0,0
CUST102669,57,Female,East India,Standard,489.71,50,5,Mobile,UPI,Romance,2.9,27,3,4,1,1,1,1
CUST102670,33,Male,East India,Basic,200.27,44,5,Laptop,Debit Card,Drama,8.9,56,0,2,0,1,0,1
CUST102671,35,Female,West India,Basic,192.68,35,2,Smart TV,Debit Card,Documentary,9.6,1,1,3,1,1,1,0
CUST102672,55,Female,North India,Standard,495.4,49,5,Smart TV,UPI,Drama,5.9,83,1,1,0,1,0,0
CUST102673,67,Male,West India,Standard,513.96,31,3,Laptop,Credit Card,Drama,12.1,60,1,3,0,1,1,0
CUST102674,28,Male,East India,Basic,198.05,46,4,Laptop,Credit Card,Drama,16.9,74,3,4,0,1,1,0
CUST102675,59,Male,North India,Basic,172.64,29,4,Mobile,UPI,Action,8.6,44,1,3,0,1,0,1
CUST102676,65,Female,East India,Basic,201.08,6,5,Smart TV,Debit Card,Comedy,9.9,20,3,3,0,1,1,1
CUST102677,27,Male,East India,Standard,526.25,36,1,Mobile,Net Banking,Action,8.5,81,1,4,0,1,0,1
CUST102678,37,Female,North India,Basic,188.5,53,1,Laptop,Credit Card,Kids,20.8,55,2,2,0,1,1,0
CUST102679,48,Female,Central India,Standard,522.23,31,1,Laptop,UPI,Kids,6.3,59,1,3,0,1,0,0
CUST102680,23,Female,West India,Standard,508.26,32,5,Smart TV,Gift Card,Action,6.1,66,0,3,0,1,1,0
CUST102681,63,Male,South India,Standard,516.64,40,5,Laptop,UPI,Kids,6.8,35,2,4,0,0,0,0
CUST102682,27,Male,East India,Basic,212.13,59,5,Smart TV,Debit Card,Comedy,17.7,40,2,3,1,1,0,1
CUST102683,16,Female,West India,Standard,501.67,20,3,Laptop,UPI,Comedy,18.2,18,1,1,0,1,0,0
CUST102684,33,Female,West India,Premium,789.8,22,1,Mobile,Credit Card,Kids,5.1,47,3,2,1,0,0,0
CUST102685,25,Female,North India,Basic,201.64,3,2,Mobile,Credit Card,Drama,14.9,6,3,4,1,0,0,0
CUST102686,34,Male,North India,Basic,202.5,8,3,Laptop,UPI,Romance,7.7,74,1,3,0,0,0,1
CUST102687,31,Female,North India,Standard,513.57,45,3,Mobile,Net Banking,Action,1.9,10,2,1,1,0,0,1
CUST102688,46,Male,West India,Basic,165.23,19,5,Smart TV,UPI,Documentary,1.9,80,0,2,1,1,1,0
CUST102689,26,Female,North India,Standard,477.55,31,5,Laptop,Net Banking,Documentary,9.2,60,2,4,0,1,0,1
CUST102690,16,Male,South India,Premium,802.54,32,3,Smart TV,Credit Card,Drama,15.2,3,1,2,1,0,1,1
CUST102691,60,Female,West India,Standard,503.99,15,5,Laptop,Gift Card,Action,10.3,55,0,2,1,1,0,0
CUST102692,65,Male,North India,Standard,485.99,55,1,Smart TV,Net Banking,Drama,10.9,5,1,4,0,0,0,1
CUST102693,64,Male,East India,Standard,504.36,39,3,Laptop,UPI,Action,0.0,61,1,2,0,1,0,0
CUST102694,58,Male,West India,Basic,209.18,31,3,Smart TV,Debit Card,Drama,8.0,29,3,1,0,1,0,0
CUST102695,39,Male,Central India,Basic,196.08,3,3,Smart TV,Debit Card,Romance,8.6,58,0,2,0,0,0,1
CUST102696,41,Male,Central India,Premium,820.44,51,5,Smart TV,UPI,Comedy,7.8,42,2,1,0,0,0,0
CUST102697,59,Male,West India,Premium,823.25,58,3,Tablet,Credit Card,Documentary,4.1,60,3,4,1,1,0,1
CUST102698,40,Female,West India,Premium,800.83,32,2,Mobile,Credit Card,Kids,21.7,55,0,2,0,1,0,0
CUST102699,47,Female,Central India,Premium,811.61,10,2,Smart TV,Credit Card,Drama,13.7,57,0,3,0,1,0,0
CUST102700,20,Female,East India,Basic,173.55,28,1,Mobile,UPI,Action,15.3,58,2,4,1,0,0,0
CUST102701,28,Female,East India,Basic,215.1,27,3,Mobile,Debit Card,Kids,10.8,76,0,4,0,0,0,0
CUST102702,54,Male,East India,Standard,520.99,48,3,Tablet,Gift Card,Kids,18.2,64,3,4,1,1,0,0
CUST102703,48,Female,South India,Basic,183.77,46,5,Mobile,Debit Card,Kids,4.6,59,2,4,0,1,0,0
CUST102704,42,Male,South India,Premium,808.25,40,4,Smart TV,Credit Card,Documentary,15.4,52,2,3,0,1,0,0
CUST102705,30,Male,East India,Premium,770.9,43,4,Smart TV,UPI,Drama,3.1,10,2,1,0,0,1,1
CUST102706,14,Male,Central India,Premium,787.2,31,3,Laptop,UPI,Thriller,10.6,79,0,1,0,0,0,1
CUST102707,61,Female,South India,Standard,491.2,51,1,Laptop,Gift Card,Documentary,10.3,48,1,3,0,1,0,0
CUST102708,25,Male,North India,Basic,176.88,34,2,Mobile,Debit Card,Kids,10.9,41,1,3,0,1,0,1
CUST102709,16,Female,South India,Basic,195.43,5,3,Smart TV,Credit Card,Thriller,10.3,88,3,2,0,0,0,0
CUST102710,38,Female,Central India,Standard,494.44,11,3,Mobile,Gift Card,Action,0.0,61,0,1,0,0,1,0
CUST102711,37,Female,Central India,Standard,508.25,7,1,Smart TV,Credit Card,Comedy,7.8,65,2,4,1,1,0,1
CUST102712,42,Female,West India,Standard,476.29,8,1,Laptop,Debit Card,Comedy,9.8,19,2,4,0,0,0,1
CUST102713,23,Female,Central India,Premium,808.35,17,4,Mobile,Gift Card,Romance,7.2,16,0,1,0,1,0,1
CUST102714,19,Male,East India,Premium,787.16,44,3,Laptop,Credit Card,Action,0.9,88,0,3,0,1,1,1
CUST102715,43,Male,Central India,Basic,179.82,50,3,Mobile,Net Banking,Thriller,8.1,43,0,1,0,1,1,0
CUST102716,56,Female,South India,Basic,196.05,39,5,Mobile,UPI,Kids,14.0,15,1,4,0,1,1,0
CUST102717,22,Male,South India,Standard,510.29,41,2,Mobile,Debit Card,Comedy,19.2,57,4,3,1,1,0,0
CUST102718,51,Female,South India,Basic,191.74,51,5,Mobile,UPI,Romance,9.4,20,3,3,0,0,0,1
CUST102719,25,Male,Central India,Premium,806.71,14,5,Smart TV,Credit Card,Kids,8.8,52,0,3,0,1,0,1
CUST102720,43,Male,East India,Standard,503.18,24,2,Mobile,Gift Card,Comedy,5.5,81,4,2,1,0,0,1
CUST102721,19,Male,East India,Basic,246.02,30,3,Tablet,Credit Card,Thriller,19.5,9,3,3,0,0,0,0
CUST102722,68,Male,West India,Standard,494.31,58,4,Tablet,Net Banking,Romance,5.8,5,2,1,1,1,0,0
CUST102723,61,Male,North India,Standard,496.5,51,2,Smart TV,Net Banking,Drama,8.2,16,1,3,0,0,1,1
CUST102724,54,Male,East India,Premium,815.62,52,1,Smart TV,Debit Card,Comedy,12.9,11,1,2,1,1,0,0
CUST102725,54,Male,South India,Basic,198.22,50,3,Tablet,UPI,Comedy,15.9,41,3,4,0,1,1,1
CUST102726,68,Male,West India,Premium,802.76,57,2,Laptop,Credit Card,Drama,7.0,59,0,2,0,0,1,0
CUST102727,48,Male,East India,Standard,472.65,15,2,Mobile,Net Banking,Thriller,8.9,32,1,1,0,1,0,0
CUST102728,32,Male,East India,Standard,497.17,53,2,Laptop,Gift Card,Romance,8.7,35,1,2,0,0,0,0
CUST102729,16,Male,North India,Basic,188.42,53,4,Mobile,Credit Card,Thriller,2.0,22,1,2,1,1,1,1
CUST102730,66,Male,North India,Standard,491.81,4,5,Smart TV,Debit Card,Drama,12.7,2,1,2,0,1,1,1
CUST102731,19,Male,North India,Standard,502.85,13,5,Smart TV,Gift Card,Comedy,6.4,72,4,1,1,0,0,1
CUST102732,66,Female,East India,Standard,498.18,5,2,Laptop,UPI,Drama,7.4,66,3,1,0,0,1,0
CUST102733,13,Male,East India,Premium,810.58,31,2,Mobile,Debit Card,Action,12.0,61,1,1,1,0,1,1
CUST102734,56,Male,South India,Standard,513.31,12,5,Mobile,UPI,Kids,10.6,45,0,4,0,1,0,1
CUST102735,68,Male,Central India,Premium,796.34,30,4,Laptop,UPI,Drama,20.6,8,1,2,0,1,0,0
CUST102736,57,Male,North India,Basic,203.49,49,3,Laptop,Net Banking,Kids,20.6,82,3,3,0,1,0,0
CUST102737,54,Male,South India,Premium,768.49,10,5,Smart TV,UPI,Romance,18.7,21,1,4,0,1,0,0
CUST102738,59,Male,South India,Basic,203.72,30,2,Smart TV,Gift Card,Documentary,22.1,77,2,1,1,0,0,0
CUST102739,25,Female,West India,Premium,814.8,26,4,Laptop,Gift Card,Romance,19.7,49,3,4,0,0,0,0
CUST102740,67,Female,South India,Premium,785.35,44,4,Smart TV,Gift Card,Thriller,0.2,53,1,2,1,1,0,0
CUST102741,34,Female,North India,Basic,210.33,6,2,Mobile,Credit Card,Comedy,13.3,52,2,3,0,1,1,0
CUST102742,66,Male,Central India,Standard,492.22,27,1,Smart TV,Net Banking,Comedy,11.9,86,1,3,1,0,1,1
CUST102743,33,Male,South India,Standard,490.35,20,4,Tablet,Net Banking,Action,11.7,32,1,1,0,0,0,1
CUST102744,34,Male,East India,Basic,220.36,28,5,Laptop,Gift Card,Comedy,7.1,40,1,4,1,0,0,1
CUST102745,40,Female,East India,Standard,498.51,20,1,Smart TV,Credit Card,Action,0.0,20,1,3,1,1,0,1
CUST102746,21,Male,South India,Standard,512.0,12,3,Mobile,UPI,Action,6.7,25,2,3,1,0,0,1
CUST102747,38,Male,North India,Premium,769.71,45,5,Laptop,UPI,Thriller,6.0,9,1,4,0,1,0,0
CUST102748,21,Female,Central India,Premium,789.85,21,2,Smart TV,UPI,Action,14.2,63,2,2,0,1,1,0
CUST102749,27,Female,Central India,Standard,509.67,30,1,Smart TV,Net Banking,Thriller,8.3,22,2,4,1,1,0,1
CUST102750,22,Male,North India,Standard,500.87,49,5,Mobile,UPI,Kids,17.5,66,0,4,0,0,0,1
CUST102751,36,Male,East India,Standard,496.24,52,4,Laptop,Credit Card,Romance,20.7,9,1,2,0,1,0,1
CUST102752,69,Male,East India,Standard,508.06,10,2,Mobile,Credit Card,Kids,5.1,0,2,2,0,0,0,1
CUST102753,54,Male,West India,Standard,486.53,51,1,Smart TV,UPI,Action,3.7,27,3,2,1,1,0,0
CUST102754,20,Female,South India,Standard,517.26,5,4,Smart TV,Net Banking,Kids,12.9,76,2,4,0,1,0,1
CUST102755,36,Male,South India,Premium,795.81,58,2,Smart TV,Debit Card,Drama,13.6,38,1,3,1,0,0,1
CUST102756,28,Male,East India,Standard,486.76,37,2,Smart TV,Gift Card,Romance,10.7,77,0,3,0,1,0,1
CUST102757,61,Female,South India,Standard,487.75,8,1,Smart TV,UPI,Thriller,3.0,57,4,3,0,1,0,1
CUST102758,38,Male,North India,Premium,797.78,30,1,Mobile,UPI,Documentary,12.0,37,0,3,0,1,1,0
CUST102759,39,Male,Central India,Standard,492.6,17,1,Smart TV,Gift Card,Drama,8.7,64,1,4,1,1,1,0
CUST102760,49,Female,West India,Standard,506.89,3,5,Mobile,Debit Card,Action,14.2,1,0,3,1,0,0,0
CUST102761,16,Female,North India,Standard,498.3,21,2,Mobile,UPI,Documentary,8.6,69,0,1,0,0,0,0
CUST102762,62,Male,North India,Basic,193.66,16,3,Smart TV,UPI,Thriller,15.0,17,1,4,1,1,1,1
CUST102763,36,Female,North India,Standard,504.3,32,4,Smart TV,Debit Card,Documentary,15.0,51,3,4,0,0,0,0
CUST102764,31,Female,South India,Standard,491.06,27,1,Laptop,Gift Card,Romance,6.5,53,0,3,1,0,1,1
CUST102765,48,Male,Central India,Standard,506.37,51,2,Laptop,Credit Card,Documentary,14.4,17,1,3,1,1,0,0
CUST102766,51,Female,West India,Standard,503.9,6,4,Mobile,UPI,Action,13.2,21,0,4,0,1,0,0
CUST102767,22,Male,East India,Standard,503.28,42,3,Mobile,UPI,Romance,9.0,46,2,3,0,1,0,1
CUST102768,37,Male,North India,Premium,793.63,16,4,Mobile,Net Banking,Drama,17.2,75,3,2,0,1,0,0
CUST102769,30,Male,North India,Premium,789.56,45,3,Mobile,Debit Card,Romance,2.3,74,3,1,0,1,0,1
CUST102770,31,Male,North India,Standard,511.13,3,1,Smart TV,UPI,Documentary,7.4,72,0,4,0,0,1,0
CUST102771,48,Female,East India,Premium,808.21,54,5,Mobile,Net Banking,Romance,17.0,27,2,3,0,0,0,1
CUST102772,22,Male,South India,Standard,483.88,40,3,Smart TV,Credit Card,Romance,11.1,41,2,4,1,0,0,1
CUST102773,45,Male,South India,Premium,792.51,20,1,Laptop,Debit Card,Romance,9.2,38,1,2,1,1,0,1
CUST102774,67,Male,Central India,Standard,519.1,40,4,Laptop,Credit Card,Drama,8.4,18,4,4,1,1,1,1
CUST102775,62,Male,South India,Basic,213.76,7,4,Laptop,Net Banking,Kids,5.2,19,1,3,1,1,0,0
CUST102776,17,Female,South India,Basic,181.45,59,4,Laptop,Gift Card,Documentary,18.3,67,0,3,0,1,0,1
CUST102777,59,Female,West India,Standard,499.18,11,5,Mobile,Debit Card,Thriller,11.1,26,2,3,1,1,0,1
CUST102778,61,Female,West India,Standard,505.29,29,2,Laptop,Gift Card,Action,10.2,64,0,1,0,0,1,0
CUST102779,47,Male,South India,Standard,513.9,52,3,Mobile,Net Banking,Documentary,16.6,45,0,1,0,1,1,0
CUST102780,56,Female,West India,Standard,500.91,3,2,Mobile,Debit Card,Action,16.7,63,2,4,0,0,0,1
CUST102781,46,Female,Central India,Basic,206.26,21,4,Mobile,UPI,Kids,11.4,63,0,2,1,0,0,0
CUST102782,45,Male,South India,Basic,212.97,53,5,Mobile,Net Banking,Kids,24.8,56,1,4,0,0,0,0
CUST102783,67,Female,West India,Standard,514.99,32,1,Smart TV,Net Banking,Drama,1.7,49,2,2,1,0,0,0
CUST102784,33,Male,East India,Basic,196.29,30,5,Mobile,Credit Card,Documentary,19.9,0,2,3,0,1,0,0
CUST102785,29,Female,West India,Standard,499.68,39,2,Tablet,Gift Card,Thriller,12.9,2,2,2,1,1,0,0
CUST102786,34,Female,West India,Standard,487.63,11,4,Laptop,Debit Card,Comedy,14.6,3,2,3,1,1,0,0
CUST102787,60,Female,East India,Premium,794.9,17,3,Tablet,Debit Card,Drama,2.6,26,1,4,1,1,0,1
CUST102788,49,Female,Central India,Basic,192.89,25,5,Laptop,UPI,Romance,4.0,36,2,2,0,1,0,0
CUST102789,27,Male,East India,Basic,196.17,50,2,Tablet,Debit Card,Action,9.4,22,1,1,1,1,0,0
CUST102790,47,Male,Central India,Standard,497.59,25,2,Mobile,UPI,Drama,12.0,26,0,3,1,0,0,0
CUST102791,40,Female,East India,Standard,511.2,9,1,Smart TV,Debit Card,Thriller,12.0,88,1,2,1,0,0,1
CUST102792,19,Male,Central India,Basic,204.24,45,3,Mobile,Credit Card,Kids,9.1,81,0,1,0,1,0,0
CUST102793,44,Female,Central India,Premium,779.8,29,2,Smart TV,Net Banking,Action,6.2,1,2,4,0,1,0,1
CUST102794,23,Female,North India,Basic,207.26,15,3,Laptop,Debit Card,Action,10.8,9,2,4,0,0,0,1
CUST102795,22,Female,North India,Standard,490.77,19,4,Smart TV,Net Banking,Romance,0.0,43,1,3,0,1,1,0
CUST102796,21,Female,West India,Basic,182.66,15,5,Mobile,Gift Card,Action,22.9,89,0,1,0,0,0,1
CUST102797,26,Female,East India,Standard,481.87,39,2,Smart TV,Net Banking,Comedy,9.1,26,0,3,1,0,1,1
CUST102798,25,Female,Central India,Standard,501.55,35,4,Mobile,Gift Card,Romance,5.3,36,0,4,0,1,0,0
CUST102799,69,Male,North India,Basic,214.91,56,1,Laptop,Debit Card,Kids,5.7,74,3,2,1,0,0,0
CUST102800,37,Male,West India,Premium,795.84,40,3,Smart TV,Credit Card,Kids,3.3,48,2,2,1,0,0,0
CUST102801,14,Female,West India,Standard,513.06,13,4,Laptop,Credit Card,Comedy,16.2,28,3,2,1,1,0,1
CUST102802,47,Male,West India,Standard,500.29,16,3,Tablet,Net Banking,Action,13.1,76,2,4,0,1,0,0
CUST102803,19,Female,North India,Basic,166.67,3,3,Mobile,Credit Card,Romance,9.3,7,2,1,0,1,1,0
CUST102804,33,Male,South India,Standard,508.18,53,2,Tablet,Gift Card,Comedy,9.1,87,2,1,0,0,0,0
CUST102805,30,Male,West India,Basic,190.87,31,3,Tablet,Credit Card,Action,7.6,59,1,2,1,1,0,0
CUST102806,15,Male,South India,Premium,786.84,55,4,Smart TV,Credit Card,Thriller,0.0,64,0,1,0,0,1,1
CUST102807,54,Female,South India,Standard,508.27,1,1,Laptop,Credit Card,Action,14.7,76,1,3,0,0,0,1
CUST102808,66,Male,South India,Premium,801.01,35,2,Mobile,UPI,Romance,10.0,53,0,2,1,1,0,0
CUST102809,51,Female,West India,Standard,497.99,16,5,Tablet,UPI,Comedy,13.6,24,1,3,0,0,0,0
CUST102810,53,Female,Central India,Premium,800.46,1,1,Smart TV,Net Banking,Thriller,15.4,6,0,3,0,1,1,0
CUST102811,61,Female,South India,Standard,486.29,50,4,Tablet,Debit Card,Thriller,16.3,21,1,4,0,1,0,0
CUST102812,23,Male,North India,Basic,225.55,14,2,Mobile,Debit Card,Comedy,10.9,14,2,2,0,1,0,1
CUST102813,51,Male,North India,Basic,201.59,7,3,Laptop,Gift Card,Romance,10.8,2,2,2,0,1,1,0
CUST102814,36,Male,South India,Standard,501.38,23,1,Smart TV,Gift Card,Action,16.7,54,3,3,0,0,0,0
CUST102815,58,Female,South India,Standard,497.69,35,2,Mobile,Net Banking,Comedy,9.4,7,2,1,0,1,0,1
CUST102816,31,Female,South India,Basic,174.75,29,5,Tablet,UPI,Drama,17.9,47,1,4,0,1,1,1
CUST102817,16,Male,North India,Standard,488.88,22,5,Smart TV,Credit Card,Comedy,16.5,64,2,4,0,1,0,0
CUST102818,38,Female,East India,Standard,480.64,16,5,Laptop,UPI,Thriller,6.8,75,2,4,0,1,0,1
CUST102819,50,Male,Central India,Standard,479.21,29,2,Smart TV,UPI,Action,5.9,82,1,4,1,1,0,1
CUST102820,54,Male,East India,Basic,175.88,6,1,Tablet,Net Banking,Documentary,3.3,81,3,3,1,0,0,1
CUST102821,44,Male,North India,Standard,489.47,18,3,Laptop,UPI,Action,15.4,51,1,1,1,1,1,1
CUST102822,51,Male,North India,Basic,199.31,29,1,Mobile,Debit Card,Thriller,0.0,76,3,3,1,1,0,1
CUST102823,57,Female,West India,Basic,177.67,25,3,Laptop,UPI,Kids,0.0,37,1,1,0,1,0,1
CUST102824,58,Male,East India,Standard,509.5,45,1,Mobile,Debit Card,Action,12.3,21,0,1,0,1,1,1
CUST102825,48,Male,South India,Basic,203.46,56,1,Laptop,Gift Card,Thriller,1.0,56,0,4,1,0,0,0
CUST102826,52,Male,South India,Basic,195.52,2,2,Mobile,Gift Card,Documentary,3.7,12,2,3,1,1,1,1
CUST102827,49,Male,North India,Basic,231.43,44,5,Smart TV,Net Banking,Romance,11.1,35,0,1,1,1,1,0
CUST102828,45,Male,West India,Standard,495.39,32,5,Laptop,Credit Card,Kids,0.9,53,1,3,1,1,0,1
CUST102829,48,Male,East India,Basic,210.97,36,5,Smart TV,UPI,Kids,1.9,46,1,3,1,1,0,1
CUST102830,15,Male,West India,Basic,202.14,32,5,Smart TV,Credit Card,Comedy,19.5,46,1,4,1,1,0,0
CUST102831,21,Female,Central India,Standard,520.58,41,1,Laptop,Debit Card,Kids,12.4,69,3,4,0,0,0,0
CUST102832,20,Female,West India,Standard,515.27,20,5,Mobile,Credit Card,Drama,15.6,71,1,3,0,0,0,1
CUST102833,45,Female,Central India,Premium,794.5,55,1,Smart TV,UPI,Romance,6.4,87,0,4,0,1,0,0
CUST102834,18,Female,East India,Standard,495.04,37,3,Mobile,Credit Card,Action,20.3,79,1,3,0,1,0,0
CUST102835,53,Male,South India,Standard,478.88,42,4,Smart TV,Credit Card,Documentary,0.0,82,1,2,1,0,0,1
CUST102836,51,Female,Central India,Standard,500.74,38,4,Mobile,Credit Card,Action,0.3,37,2,3,1,0,0,1
CUST102837,16,Female,South India,Basic,208.82,33,3,Smart TV,Net Banking,Drama,0.0,47,0,1,1,1,0,1
CUST102838,25,Female,West India,Premium,798.07,52,1,Mobile,Credit Card,Drama,4.5,66,2,3,0,0,0,1
CUST102839,61,Male,West India,Standard,520.01,5,5,Laptop,UPI,Drama,17.1,21,1,4,0,1,0,0
CUST102840,14,Female,East India,Basic,201.18,6,2,Mobile,UPI,Documentary,21.8,21,0,4,1,1,0,1
CUST102841,17,Female,South India,Premium,817.71,22,1,Mobile,Credit Card,Kids,10.9,61,3,1,0,1,0,0
CUST102842,56,Male,East India,Basic,196.55,21,1,Smart TV,Net Banking,Drama,13.4,86,3,4,1,0,1,0
CUST102843,39,Female,Central India,Premium,781.61,19,3,Mobile,Debit Card,Drama,0.0,0,0,1,1,0,0,1
CUST102844,44,Male,West India,Premium,789.63,43,3,Mobile,Credit Card,Kids,13.1,85,2,4,0,1,1,0
CUST102845,33,Female,West India,Standard,498.52,15,2,Laptop,Net Banking,Drama,6.0,62,0,1,0,1,0,1
CUST102846,20,Male,West India,Basic,187.76,34,5,Smart TV,Gift Card,Drama,3.5,79,1,2,0,1,0,1
CUST102847,50,Female,West India,Basic,174.17,47,4,Mobile,UPI,Kids,7.4,41,0,2,1,1,0,1
CUST102848,20,Female,West India,Basic,168.96,7,5,Mobile,Gift Card,Documentary,9.0,66,3,4,1,1,1,0
CUST102849,62,Female,Central India,Basic,214.21,17,5,Smart TV,UPI,Action,17.7,1,0,4,1,1,0,1
CUST102850,15,Male,Central India,Standard,504.78,44,1,Laptop,Debit Card,Documentary,0.5,60,2,3,1,0,0,0
CUST102851,66,Female,East India,Premium,803.13,44,2,Mobile,Net Banking,Kids,3.8,60,1,1,0,0,0,0
CUST102852,56,Male,North India,Standard,501.53,5,1,Mobile,Debit Card,Documentary,17.2,9,2,2,1,0,1,0
CUST102853,15,Male,West India,Standard,490.79,52,3,Mobile,Gift Card,Drama,2.5,35,0,3,1,1,0,0
CUST102854,34,Male,West India,Standard,510.92,39,4,Tablet,Net Banking,Comedy,0.0,56,1,4,0,1,0,1
CUST102855,18,Male,North India,Premium,772.91,2,2,Smart TV,Gift Card,Kids,24.1,15,1,2,1,1,1,0
CUST102856,14,Female,East India,Basic,167.74,27,2,Mobile,Credit Card,Action,3.3,12,0,1,0,1,1,1
CUST102857,35,Female,Central India,Standard,495.98,45,5,Smart TV,Gift Card,Romance,9.0,33,3,3,0,1,0,1
CUST102858,56,Female,West India,Premium,800.95,24,1,Laptop,Debit Card,Action,8.7,21,3,3,0,1,0,1
CUST102859,14,Male,East India,Premium,785.74,41,5,Mobile,Debit Card,Romance,18.3,18,2,2,0,0,1,0
CUST102860,50,Female,North India,Premium,775.1,47,5,Smart TV,Credit Card,Comedy,10.5,17,1,1,1,1,0,1
CUST102861,29,Male,Central India,Standard,507.86,28,2,Laptop,Net Banking,Romance,11.9,47,1,4,0,0,0,0
CUST102862,47,Male,Central India,Basic,192.83,58,4,Mobile,Gift Card,Action,14.4,9,1,1,1,1,0,0
CUST102863,46,Male,East India,Standard,509.41,47,3,Tablet,Gift Card,Kids,15.1,82,3,1,1,1,0,0
CUST102864,35,Female,South India,Basic,218.59,1,5,Smart TV,Gift Card,Drama,15.6,26,3,4,1,0,0,1
CUST102865,42,Female,South India,Standard,474.95,53,4,Smart TV,Net Banking,Drama,18.2,13,2,2,0,0,0,0
CUST102866,64,Male,South India,Standard,502.2,52,5,Tablet,Debit Card,Drama,5.9,11,1,3,0,1,1,1
CUST102867,20,Female,North India,Standard,502.74,21,4,Mobile,Credit Card,Drama,4.3,75,2,2,1,1,1,1
CUST102868,34,Female,South India,Premium,810.17,57,1,Laptop,Net Banking,Thriller,7.2,85,0,4,1,1,0,0
CUST102869,56,Male,East India,Standard,491.0,28,3,Laptop,Credit Card,Drama,5.4,8,3,2,1,1,0,1
CUST102870,48,Male,Central India,Basic,199.84,3,2,Smart TV,UPI,Thriller,14.8,34,1,2,0,0,1,1
CUST102871,17,Female,East India,Basic,210.01,30,1,Mobile,Credit Card,Kids,0.0,13,1,2,0,1,0,1
CUST102872,25,Male,East India,Premium,805.57,1,5,Smart TV,UPI,Action,17.8,23,0,2,0,0,0,0
CUST102873,41,Male,West India,Basic,222.38,59,5,Mobile,Credit Card,Action,12.8,66,2,3,0,1,0,1
CUST102874,43,Female,North India,Basic,185.97,51,3,Smart TV,UPI,Thriller,0.0,89,0,4,1,1,0,0
CUST102875,59,Female,Central India,Basic,202.11,52,3,Laptop,Gift Card,Action,10.2,45,3,4,0,1,1,1
CUST102876,69,Male,West India,Standard,497.71,45,3,Smart TV,Net Banking,Documentary,12.0,25,0,3,0,0,1,0
CUST102877,67,Female,North India,Basic,195.9,47,5,Smart TV,Gift Card,Comedy,15.3,45,3,4,1,1,0,1
CUST102878,28,Male,Central India,Premium,807.82,45,5,Mobile,Debit Card,Documentary,9.7,70,0,3,0,1,0,1
CUST102879,54,Male,West India,Premium,800.73,18,2,Mobile,Net Banking,Thriller,10.0,28,2,1,0,1,0,1
CUST102880,42,Female,South India,Premium,783.01,49,3,Laptop,Gift Card,Comedy,9.3,4,0,4,0,0,0,1
CUST102881,69,Male,East India,Basic,213.29,33,4,Mobile,Credit Card,Kids,16.8,29,1,2,0,0,1,0
CUST102882,67,Male,South India,Premium,807.85,15,2,Mobile,Net Banking,Thriller,21.3,11,2,1,0,0,0,0
CUST102883,28,Male,Central India,Premium,821.12,24,4,Tablet,Credit Card,Drama,11.8,88,1,2,1,1,0,1
CUST102884,24,Female,West India,Premium,809.91,36,1,Smart TV,Gift Card,Comedy,6.5,60,0,3,0,0,1,1
CUST102885,29,Female,West India,Standard,495.8,60,3,Smart TV,Net Banking,Thriller,12.3,13,0,1,0,1,0,1
CUST102886,28,Female,West India,Standard,495.91,34,2,Mobile,Gift Card,Drama,21.3,30,2,2,0,1,0,1
CUST102887,24,Male,East India,Basic,214.54,26,2,Mobile,Debit Card,Action,10.1,42,0,4,1,1,1,1
CUST102888,20,Male,West India,Premium,787.49,51,1,Smart TV,Gift Card,Thriller,5.8,75,0,1,0,1,1,1
CUST102889,32,Female,North India,Basic,185.43,40,1,Smart TV,Debit Card,Kids,19.6,61,3,4,0,1,1,0
CUST102890,15,Female,North India,Basic,202.31,22,1,Tablet,Gift Card,Comedy,11.4,51,1,4,0,0,1,1
CUST102891,28,Female,North India,Premium,776.59,16,2,Smart TV,Net Banking,Action,10.6,66,2,3,0,1,0,1
CUST102892,42,Male,South India,Standard,504.23,40,5,Mobile,Credit Card,Thriller,1.1,88,2,1,0,1,0,1
CUST102893,57,Female,Central India,Basic,206.05,42,4,Mobile,Net Banking,Thriller,10.7,44,3,3,0,1,1,0
CUST102894,35,Male,South India,Premium,795.3,16,4,Mobile,Gift Card,Action,15.2,22,3,3,1,1,0,0
CUST102895,40,Female,South India,Premium,820.12,5,1,Mobile,Gift Card,Kids,7.0,4,3,4,0,0,1,0
CUST102896,63,Male,East India,Basic,215.92,51,5,Smart TV,Gift Card,Romance,8.6,57,0,3,1,1,0,0
CUST102897,52,Male,South India,Premium,787.33,6,5,Mobile,UPI,Romance,10.2,39,1,3,0,1,1,1
CUST102898,66,Female,East India,Standard,508.84,42,1,Mobile,Debit Card,Kids,10.4,11,1,4,0,1,0,1
CUST102899,17,Male,North India,Standard,513.77,24,3,Tablet,Credit Card,Drama,11.2,16,0,4,1,1,0,0
CUST102900,32,Female,North India,Basic,200.24,30,2,Smart TV,Debit Card,Comedy,20.5,14,2,2,0,1,1,1
CUST102901,52,Male,South India,Basic,192.52,37,3,Mobile,Gift Card,Kids,7.2,42,1,3,1,1,0,1
CUST102902,68,Male,South India,Basic,182.37,32,5,Mobile,Gift Card,Drama,6.0,66,0,2,1,0,1,1
CUST102903,56,Female,North India,Basic,190.63,53,1,Laptop,Debit Card,Romance,5.1,74,0,3,1,0,1,1
CUST102904,13,Male,West India,Premium,782.7,19,2,Laptop,Debit Card,Comedy,8.1,13,0,3,0,1,1,0
CUST102905,69,Female,North India,Standard,512.69,51,4,Smart TV,Debit Card,Romance,3.5,58,1,4,0,0,0,1
CUST102906,42,Female,West India,Premium,795.17,45,5,Smart TV,UPI,Action,8.7,80,0,2,0,0,0,1
CUST102907,33,Female,North India,Standard,506.82,28,2,Laptop,Debit Card,Drama,14.8,34,2,1,0,0,0,1
CUST102908,32,Male,Central India,Basic,217.9,47,2,Tablet,Gift Card,Kids,16.1,29,0,1,0,1,1,0
CUST102909,18,Male,East India,Premium,802.18,8,3,Mobile,Credit Card,Documentary,3.7,68,1,2,0,1,0,1
CUST102910,34,Male,East India,Premium,816.66,43,4,Laptop,Net Banking,Documentary,7.8,12,0,2,0,0,1,1
CUST102911,30,Female,Central India,Basic,193.74,1,3,Laptop,Debit Card,Thriller,13.2,20,3,4,0,1,1,0
CUST102912,20,Female,West India,Basic,204.8,4,3,Mobile,Debit Card,Drama,6.4,89,2,2,0,1,0,1
CUST102913,51,Male,South India,Standard,502.08,57,3,Mobile,Debit Card,Kids,15.7,37,1,2,0,1,0,1
CUST102914,44,Male,South India,Standard,488.48,22,3,Smart TV,Credit Card,Thriller,8.9,55,1,4,0,1,0,1
CUST102915,45,Female,East India,Premium,794.36,22,5,Mobile,Debit Card,Kids,0.2,69,2,4,0,1,1,0
CUST102916,65,Male,South India,Basic,220.23,30,4,Mobile,Debit Card,Drama,12.2,67,7,1,0,0,1,0
CUST102917,28,Female,West India,Basic,193.83,58,3,Tablet,Debit Card,Comedy,14.7,81,0,2,1,1,0,0
CUST102918,24,Male,South India,Standard,474.06,27,5,Smart TV,Credit Card,Comedy,4.8,23,3,1,0,1,1,1
CUST102919,50,Female,North India,Standard,493.81,27,5,Smart TV,Net Banking,Action,6.9,72,2,2,0,0,1,1
CUST102920,64,Male,Central India,Basic,187.71,13,2,Mobile,Gift Card,Romance,6.3,26,2,1,0,0,0,0
CUST102921,46,Male,East India,Standard,505.84,39,2,Smart TV,Credit Card,Documentary,11.9,7,2,2,0,1,0,1
CUST102922,26,Female,South India,Standard,508.22,27,1,Laptop,Debit Card,Documentary,5.1,89,1,3,1,1,1,1
CUST102923,48,Female,West India,Standard,504.37,39,5,Mobile,UPI,Action,8.9,76,0,2,0,0,0,1
CUST102924,45,Female,South India,Basic,192.86,38,1,Mobile,Credit Card,Action,3.6,63,1,3,1,1,0,1
CUST102925,35,Male,Central India,Standard,499.89,57,5,Mobile,Debit Card,Action,8.7,56,1,4,1,0,1,0
CUST102926,62,Female,North India,Premium,794.27,8,3,Mobile,Debit Card,Kids,9.7,4,2,1,0,1,1,1
CUST102927,57,Female,East India,Premium,777.3,12,3,Laptop,Gift Card,Action,7.1,18,1,4,0,1,0,0
CUST102928,14,Male,East India,Basic,197.32,24,1,Mobile,Credit Card,Drama,0.0,51,1,4,1,1,0,0
CUST102929,53,Female,West India,Basic,238.55,18,3,Mobile,Credit Card,Action,21.7,77,1,1,1,1,1,1
CUST102930,33,Female,North India,Premium,783.56,55,3,Smart TV,Gift Card,Thriller,12.3,44,1,2,1,1,0,1
CUST102931,14,Female,South India,Standard,471.18,15,2,Smart TV,UPI,Romance,6.2,36,2,2,1,1,0,1
CUST102932,39,Male,South India,Standard,520.36,60,3,Mobile,UPI,Action,12.1,14,0,2,0,1,0,1
CUST102933,69,Male,West India,Standard,505.73,16,2,Smart TV,Net Banking,Drama,14.8,57,2,4,0,0,0,0
CUST102934,21,Male,North India,Basic,203.47,33,4,Mobile,Net Banking,Documentary,12.8,26,1,2,0,0,0,1
CUST102935,13,Female,West India,Standard,493.62,10,5,Mobile,Gift Card,Documentary,14.3,80,0,3,0,1,0,0
CUST102936,23,Male,Central India,Standard,502.39,47,2,Mobile,Credit Card,Documentary,16.2,7,2,2,0,0,1,1
CUST102937,15,Female,Central India,Standard,499.78,24,2,Mobile,Debit Card,Romance,5.1,47,1,3,0,1,0,0
CUST102938,64,Female,South India,Basic,218.66,45,2,Mobile,UPI,Drama,8.1,25,1,4,0,1,0,1
CUST102939,35,Female,Central India,Premium,812.75,19,5,Smart TV,Credit Card,Romance,10.5,77,1,4,1,1,0,0
CUST102940,38,Male,West India,Standard,508.03,27,5,Mobile,Net Banking,Action,12.4,8,2,4,1,1,0,0
CUST102941,16,Male,East India,Standard,488.76,45,5,Mobile,UPI,Comedy,11.9,75,1,4,0,1,1,0
CUST102942,30,Female,Central India,Premium,802.43,41,3,Smart TV,Debit Card,Documentary,0.0,14,2,3,1,0,0,1
CUST102943,67,Female,West India,Standard,489.77,31,2,Smart TV,Net Banking,Documentary,27.1,85,0,4,1,0,0,1
CUST102944,18,Male,East India,Premium,817.43,21,5,Mobile,Debit Card,Comedy,20.0,11,0,3,1,1,1,1
CUST102945,47,Male,East India,Premium,788.28,16,4,Mobile,Net Banking,Action,6.7,88,1,4,0,0,1,0
CUST102946,34,Male,Central India,Standard,496.98,23,5,Laptop,Debit Card,Documentary,14.0,32,0,3,1,1,0,0
CUST102947,55,Female,North India,Standard,482.7,14,1,Mobile,UPI,Action,5.8,3,0,4,1,0,1,1
CUST102948,27,Male,Central India,Premium,791.53,23,1,Smart TV,Gift Card,Thriller,3.9,4,1,1,0,0,1,1
CUST102949,34,Male,Central India,Basic,191.36,41,2,Mobile,Debit Card,Comedy,4.7,15,2,3,1,0,0,1
CUST102950,49,Male,North India,Basic,196.71,18,2,Laptop,UPI,Drama,7.1,52,1,4,0,1,0,1
CUST102951,64,Female,Central India,Premium,785.51,36,2,Laptop,Credit Card,Romance,12.7,44,2,2,0,0,1,0
CUST102952,54,Male,West India,Premium,817.23,12,3,Smart TV,Credit Card,Action,13.0,67,1,3,0,0,1,1
CUST102953,24,Female,North India,Premium,796.19,56,1,Mobile,Net Banking,Comedy,8.7,18,2,1,1,1,1,1
CUST102954,59,Female,West India,Basic,191.0,37,1,Smart TV,Gift Card,Romance,0.4,12,1,2,0,1,0,0
CUST102955,61,Female,East India,Basic,210.55,11,2,Smart TV,Net Banking,Comedy,12.7,2,0,3,0,0,0,1
CUST102956,54,Male,North India,Basic,231.44,5,1,Mobile,Debit Card,Comedy,18.4,4,1,2,1,0,0,1
CUST102957,50,Male,East India,Standard,492.94,51,1,Laptop,Gift Card,Kids,8.7,14,2,2,0,0,1,0
CUST102958,30,Male,South India,Standard,495.32,21,3,Tablet,Debit Card,Drama,9.6,32,2,1,0,1,0,1
CUST102959,57,Female,South India,Standard,487.93,32,4,Mobile,UPI,Kids,22.6,83,3,3,0,1,0,0
CUST102960,47,Male,West India,Basic,208.93,29,2,Laptop,Gift Card,Documentary,15.2,40,2,2,1,1,1,0
CUST102961,42,Female,East India,Standard,513.33,7,4,Smart TV,Credit Card,Romance,4.4,33,2,4,0,0,0,0
CUST102962,36,Male,East India,Standard,498.3,36,4,Smart TV,UPI,Thriller,3.3,16,1,3,0,0,1,0
CUST102963,54,Male,North India,Basic,192.42,40,3,Mobile,UPI,Documentary,2.6,40,0,3,0,0,0,1
CUST102964,42,Male,South India,Premium,807.01,27,1,Mobile,Debit Card,Action,12.3,57,0,3,0,0,1,1
CUST102965,26,Male,West India,Basic,210.1,6,2,Tablet,Net Banking,Comedy,19.6,6,0,1,1,1,1,1
CUST102966,18,Female,West India,Standard,522.31,38,5,Laptop,Debit Card,Documentary,13.4,43,1,2,0,1,0,0
CUST102967,15,Female,North India,Premium,790.26,54,4,Smart TV,UPI,Drama,4.2,36,1,2,0,0,1,1
CUST102968,28,Female,North India,Standard,511.79,4,4,Laptop,Gift Card,Drama,15.1,43,1,3,1,0,0,1
CUST102969,19,Female,West India,Basic,200.59,46,3,Laptop,Credit Card,Kids,5.2,36,1,4,1,1,0,1
CUST102970,64,Male,North India,Basic,172.99,35,4,Mobile,UPI,Kids,25.0,14,1,1,1,1,1,0
CUST102971,26,Female,East India,Premium,821.83,10,4,Mobile,Net Banking,Thriller,6.6,2,1,2,0,0,0,0
CUST102972,21,Female,West India,Basic,203.46,54,4,Laptop,Net Banking,Documentary,3.6,65,1,4,0,0,0,1
CUST102973,27,Female,Central India,Standard,508.1,38,3,Laptop,Gift Card,Kids,11.8,59,1,2,1,1,0,0
CUST102974,33,Male,South India,Premium,813.19,50,1,Tablet,Net Banking,Kids,15.3,62,1,4,1,1,0,1
CUST102975,47,Female,South India,Premium,807.94,30,4,Mobile,Gift Card,Drama,12.2,83,0,1,1,1,1,1
CUST102976,14,Female,Central India,Standard,484.5,42,2,Smart TV,Net Banking,Kids,12.0,16,0,2,1,0,0,0
CUST102977,39,Male,Central India,Premium,809.12,9,4,Laptop,Debit Card,Romance,14.1,80,2,3,1,1,1,0
CUST102978,14,Male,East India,Premium,806.45,16,4,Smart TV,Credit Card,Drama,10.5,73,1,4,0,1,1,1
CUST102979,47,Female,West India,Standard,473.95,52,2,Laptop,Credit Card,Kids,12.4,86,1,3,0,1,0,0
CUST102980,30,Female,North India,Basic,223.99,4,3,Mobile,UPI,Thriller,14.8,29,2,3,1,1,0,1
CUST102981,26,Male,South India,Basic,193.34,26,5,Mobile,UPI,Action,2.7,36,0,2,0,0,0,1
CUST102982,32,Female,Central India,Basic,213.93,29,2,Mobile,Debit Card,Documentary,8.5,43,0,4,0,0,1,1
CUST102983,30,Male,West India,Premium,793.96,28,5,Mobile,Debit Card,Action,14.3,65,0,3,1,0,0,0
CUST102984,22,Female,North India,Standard,491.0,11,1,Mobile,Credit Card,Comedy,0.9,40,2,4,0,1,1,1
CUST102985,37,Female,South India,Premium,797.82,28,1,Laptop,UPI,Romance,12.1,59,4,3,1,1,0,0
CUST102986,14,Female,West India,Premium,830.83,44,4,Mobile,UPI,Action,7.1,69,2,4,1,1,1,1
CUST102987,37,Female,South India,Standard,529.19,32,4,Smart TV,Credit Card,Drama,8.5,12,1,4,1,1,0,0
CUST102988,66,Female,East India,Standard,490.98,24,3,Tablet,Gift Card,Drama,10.2,55,0,2,0,0,1,0
CUST102989,45,Male,South India,Basic,217.71,51,5,Smart TV,Debit Card,Romance,0.6,23,0,1,0,0,1,1
CUST102990,48,Male,East India,Premium,799.35,42,1,Mobile,UPI,Action,6.6,2,0,2,1,1,1,0
CUST102991,43,Female,East India,Standard,529.27,39,1,Mobile,Credit Card,Action,17.9,63,1,3,1,0,0,0
CUST102992,26,Female,East India,Standard,516.29,7,4,Smart TV,Debit Card,Comedy,0.0,28,4,1,0,1,1,1
CUST102993,13,Female,North India,Basic,203.19,18,4,Mobile,Credit Card,Kids,19.7,15,0,4,1,1,0,0
CUST102994,58,Male,North India,Premium,800.22,3,3,Tablet,Gift Card,Comedy,6.6,87,2,2,1,1,1,1
CUST102995,28,Male,East India,Premium,808.13,44,4,Smart TV,Net Banking,Documentary,6.5,3,3,2,0,0,0,0
CUST102996,66,Male,West India,Standard,506.25,46,4,Laptop,UPI,Drama,10.6,70,1,1,1,0,0,0
CUST102997,58,Male,East India,Standard,482.46,20,3,Smart TV,Debit Card,Documentary,18.6,53,1,2,0,1,1,0
CUST102998,64,Male,West India,Standard,502.12,34,4,Tablet,Credit Card,Documentary,1.9,19,1,1,1,0,0,1
CUST102999,15,Male,South India,Basic,189.22,30,4,Smart TV,Credit Card,Action,6.8,78,1,2,0,1,1,1
CUST103000,47,Male,North India,Basic,191.05,9,4,Smart TV,Debit Card,Drama,14.4,72,3,3,0,1,0,1
CUST103001,53,Male,West India,Standard,515.72,10,5,Laptop,UPI,Documentary,14.6,56,0,4,0,1,0,1
CUST103002,18,Female,West India,Basic,202.06,59,1,Laptop,UPI,Action,20.8,66,1,2,1,1,0,0
CUST103003,37,Male,West India,Standard,492.18,6,2,Mobile,Credit Card,Thriller,3.5,55,1,2,0,1,0,1
CUST103004,25,Male,Central India,Standard,480.82,17,1,Mobile,UPI,Romance,2.9,88,1,2,1,1,0,1
CUST103005,65,Male,North India,Standard,487.36,15,5,Mobile,Net Banking,Comedy,15.0,63,0,1,1,0,0,1
CUST103006,46,Male,Central India,Basic,198.11,33,2,Mobile,Gift Card,Action,6.0,66,1,1,1,1,0,1
CUST103007,20,Female,South India,Standard,524.29,56,1,Laptop,Gift Card,Action,12.7,14,2,3,0,1,1,1
CUST103008,33,Male,West India,Basic,183.26,59,3,Mobile,Net Banking,Documentary,14.3,74,0,1,0,1,0,0
CUST103009,46,Female,North India,Standard,503.42,54,5,Mobile,UPI,Action,0.2,87,2,2,1,1,1,0
CUST103010,16,Female,North India,Standard,505.11,13,3,Mobile,Credit Card,Kids,21.0,69,3,2,1,1,0,1
CUST103011,37,Female,North India,Premium,817.34,42,3,Tablet,UPI,Action,12.1,20,1,2,0,1,1,1
CUST103012,27,Male,West India,Basic,200.87,44,1,Laptop,Debit Card,Kids,6.5,77,2,2,0,1,0,1
CUST103013,16,Male,East India,Premium,805.12,55,2,Smart TV,Debit Card,Documentary,10.6,26,3,2,1,1,0,0
CUST103014,57,Male,East India,Basic,216.73,22,4,Laptop,UPI,Action,11.2,76,1,4,0,1,0,0
CUST103015,24,Female,East India,Standard,487.34,16,4,Laptop,Net Banking,Kids,11.5,86,1,1,1,1,1,0
CUST103016,44,Female,Central India,Standard,510.87,34,5,Smart TV,Debit Card,Comedy,15.3,65,0,4,1,1,0,0
CUST103017,44,Female,West India,Standard,478.09,3,3,Mobile,Gift Card,Drama,6.6,76,0,3,0,0,1,1
CUST103018,40,Female,South India,Standard,499.96,8,5,Laptop,Credit Card,Romance,11.0,15,1,3,0,1,0,1
CUST103019,25,Male,Central India,Standard,495.44,20,1,Smart TV,Net Banking,Documentary,8.2,0,0,2,0,1,0,0
CUST103020,43,Male,North India,Basic,188.17,47,3,Laptop,Debit Card,Thriller,12.1,65,1,3,1,1,0,0
CUST103021,26,Male,East India,Premium,813.59,24,4,Smart TV,Credit Card,Thriller,11.0,65,3,1,0,0,0,0
CUST103022,32,Female,North India,Basic,214.43,51,1,Tablet,Gift Card,Kids,0.0,3,3,4,0,1,0,1
CUST103023,30,Female,Central India,Basic,215.04,18,1,Smart TV,Debit Card,Drama,6.0,65,1,1,1,1,1,1
CUST103024,41,Male,East India,Basic,204.7,23,5,Smart TV,Debit Card,Comedy,0.0,3,2,1,0,0,0,1
CUST103025,18,Male,West India,Basic,180.51,1,5,Laptop,Credit Card,Action,20.7,76,0,2,1,1,1,0
CUST103026,44,Female,East India,Standard,494.07,59,2,Mobile,Credit Card,Kids,15.5,44,0,3,0,1,0,1
CUST103027,41,Male,East India,Standard,514.09,51,4,Mobile,UPI,Thriller,2.5,0,2,4,1,0,0,1
CUST103028,55,Male,East India,Basic,213.89,2,4,Smart TV,Debit Card,Action,15.0,56,1,2,0,1,0,0
CUST103029,14,Female,Central India,Basic,216.95,5,5,Smart TV,Gift Card,Comedy,7.3,66,0,4,1,1,0,1
CUST103030,35,Female,East India,Standard,503.71,18,4,Mobile,Credit Card,Documentary,11.1,14,0,3,1,0,0,0
CUST103031,31,Female,Central India,Premium,796.27,16,4,Smart TV,Net Banking,Drama,0.0,66,3,4,1,1,0,1
CUST103032,43,Male,North India,Premium,769.52,10,1,Laptop,Debit Card,Kids,12.5,13,1,2,1,1,0,0
CUST103033,63,Female,West India,Premium,811.94,53,3,Smart TV,Net Banking,Comedy,12.5,9,3,1,1,0,0,1
CUST103034,17,Male,East India,Premium,797.51,29,3,Smart TV,Debit Card,Thriller,0.0,86,2,3,1,0,1,1
CUST103035,31,Male,Central India,Premium,780.19,35,2,Mobile,Credit Card,Thriller,17.7,42,1,3,0,1,0,0
CUST103036,46,Female,East India,Standard,510.44,25,3,Tablet,UPI,Drama,16.9,7,0,2,1,0,0,0
CUST103037,22,Male,East India,Basic,220.29,42,4,Laptop,Debit Card,Documentary,11.2,0,1,4,0,1,0,0
CUST103038,37,Female,East India,Standard,512.01,57,1,Smart TV,Credit Card,Comedy,7.6,44,2,2,0,1,1,1
CUST103039,14,Female,South India,Basic,209.12,24,3,Smart TV,Credit Card,Thriller,8.2,74,0,3,1,1,0,1
CUST103040,23,Male,West India,Premium,813.0,13,4,Mobile,Credit Card,Kids,19.9,72,0,1,1,0,0,1
CUST103041,62,Male,West India,Standard,458.04,21,4,Mobile,Net Banking,Thriller,20.9,42,2,2,1,1,1,1
CUST103042,43,Female,Central India,Standard,524.82,42,5,Mobile,Credit Card,Documentary,6.7,10,0,3,0,0,0,0
CUST103043,68,Female,North India,Basic,187.12,43,5,Mobile,Net Banking,Romance,0.0,40,0,3,0,1,1,1
CUST103044,27,Female,North India,Standard,488.44,39,3,Smart TV,Gift Card,Thriller,9.2,64,2,3,0,0,0,0
CUST103045,21,Female,North India,Basic,191.93,34,5,Smart TV,UPI,Romance,17.7,39,2,1,1,1,1,1
CUST103046,35,Female,East India,Basic,193.65,19,4,Mobile,Credit Card,Thriller,6.1,51,1,1,1,0,1,0
CUST103047,31,Female,Central India,Standard,521.51,28,4,Smart TV,Gift Card,Action,3.8,66,2,3,1,1,0,1
CUST103048,21,Male,East India,Basic,207.16,27,5,Mobile,Credit Card,Romance,21.4,86,1,3,0,1,1,0
CUST103049,47,Male,South India,Standard,488.82,50,1,Laptop,Gift Card,Drama,1.3,82,1,2,1,1,1,1
CUST103050,33,Male,Central India,Standard,491.09,26,5,Mobile,Credit Card,Kids,18.4,44,2,4,0,1,1,1
CUST103051,21,Male,Central India,Premium,836.42,11,1,Smart TV,UPI,Action,10.2,8,0,1,1,0,0,1
CUST103052,40,Female,Central India,Standard,504.3,49,5,Smart TV,Credit Card,Thriller,9.6,69,0,4,1,1,0,0
CUST103053,58,Male,South India,Standard,492.52,35,4,Mobile,Net Banking,Documentary,12.6,79,0,2,0,0,1,1
CUST103054,63,Male,Central India,Premium,774.67,20,4,Smart TV,Credit Card,Romance,9.4,44,1,1,1,1,0,0
CUST103055,19,Female,South India,Standard,473.86,12,5,Laptop,Debit Card,Kids,9.6,82,0,3,0,1,0,0
CUST103056,28,Male,North India,Standard,482.25,57,2,Smart TV,Net Banking,Drama,4.8,18,0,2,0,1,0,1
CUST103057,28,Female,Central India,Standard,500.44,28,1,Mobile,Gift Card,Comedy,7.8,2,4,3,1,0,0,0
CUST103058,45,Female,East India,Premium,815.64,2,2,Mobile,Credit Card,Comedy,14.1,43,2,2,1,0,0,1
CUST103059,16,Female,West India,Basic,208.24,57,4,Smart TV,Credit Card,Documentary,2.8,12,0,1,1,1,0,1
CUST103060,16,Female,South India,Standard,516.61,1,1,Laptop,Credit Card,Comedy,15.2,25,0,3,0,1,0,0
CUST103061,51,Female,North India,Premium,807.49,9,5,Smart TV,Debit Card,Kids,8.9,19,1,4,0,1,0,0
CUST103062,52,Male,North India,Basic,180.61,22,1,Mobile,UPI,Action,2.8,63,0,1,1,1,0,0
CUST103063,29,Male,West India,Premium,805.37,56,1,Smart TV,UPI,Thriller,9.2,22,0,2,0,0,0,0
CUST103064,49,Male,Central India,Standard,506.01,51,3,Mobile,Net Banking,Comedy,12.5,82,0,1,0,0,1,0
CUST103065,51,Female,East India,Standard,497.2,40,1,Laptop,Net Banking,Kids,5.3,30,1,1,0,0,0,0
CUST103066,64,Male,West India,Premium,794.41,27,4,Tablet,Debit Card,Kids,18.5,69,0,1,0,1,0,1
CUST103067,41,Male,Central India,Basic,196.78,9,2,Smart TV,Debit Card,Romance,15.5,50,1,2,0,1,0,0
CUST103068,64,Male,Central India,Premium,775.8,7,2,Laptop,Debit Card,Kids,13.8,5,5,3,1,1,0,1
CUST103069,48,Male,South India,Premium,779.02,36,5,Mobile,Gift Card,Kids,8.5,16,1,4,0,1,0,1
CUST103070,50,Female,East India,Standard,537.13,54,3,Mobile,Debit Card,Romance,15.1,64,2,2,0,1,0,0
CUST103071,51,Male,East India,Premium,780.23,48,2,Mobile,Debit Card,Action,16.9,43,1,2,1,1,0,0
CUST103072,62,Female,South India,Basic,172.5,38,2,Laptop,Debit Card,Drama,6.4,60,2,3,0,1,0,0
CUST103073,49,Female,Central India,Premium,788.19,50,1,Smart TV,Debit Card,Documentary,9.9,15,0,1,1,0,0,1
CUST103074,64,Male,Central India,Basic,205.89,2,4,Mobile,UPI,Kids,9.0,67,1,1,0,1,0,0
CUST103075,47,Female,East India,Basic,207.42,43,4,Mobile,Credit Card,Romance,8.8,66,2,1,0,1,1,1
CUST103076,19,Female,East India,Basic,183.64,5,5,Laptop,Credit Card,Drama,18.4,6,3,1,0,1,0,1
CUST103077,39,Female,East India,Basic,200.45,17,4,Mobile,UPI,Drama,17.2,59,2,1,0,0,0,0
CUST103078,40,Female,East India,Basic,190.83,37,2,Mobile,Debit Card,Action,16.2,22,1,3,0,0,0,1
CUST103079,34,Female,Central India,Premium,801.85,58,1,Mobile,Gift Card,Kids,13.6,67,0,2,1,1,0,0
CUST103080,26,Female,East India,Premium,794.6,35,4,Mobile,Gift Card,Kids,10.3,19,0,4,1,1,0,1
CUST103081,19,Female,Central India,Basic,188.59,51,3,Mobile,Net Banking,Romance,9.0,76,1,4,0,0,0,1
CUST103082,49,Male,South India,Basic,189.26,8,3,Smart TV,Credit Card,Comedy,12.7,71,1,4,0,0,0,1
CUST103083,34,Male,North India,Premium,766.01,43,3,Smart TV,Net Banking,Action,0.6,35,0,2,1,1,0,0
CUST103084,17,Female,South India,Standard,495.68,3,4,Smart TV,Debit Card,Comedy,15.4,67,0,1,0,1,0,1
CUST103085,67,Female,South India,Basic,197.85,3,1,Laptop,Net Banking,Thriller,15.8,25,0,1,1,1,0,0
CUST103086,14,Male,West India,Standard,477.87,1,4,Laptop,Debit Card,Documentary,4.5,34,0,3,0,0,0,1
CUST103087,39,Male,South India,Standard,493.95,24,2,Mobile,Net Banking,Thriller,1.9,52,0,3,0,1,0,0
CUST103088,33,Male,West India,Basic,195.17,45,4,Mobile,UPI,Romance,13.3,19,1,1,1,0,0,0
CUST103089,66,Male,West India,Standard,471.2,30,3,Mobile,Debit Card,Kids,0.8,9,2,2,0,1,0,0
CUST103090,50,Female,West India,Standard,487.43,42,3,Smart TV,Gift Card,Comedy,11.8,69,0,3,0,1,1,1
CUST103091,27,Female,South India,Basic,186.95,26,1,Mobile,Debit Card,Romance,5.4,2,1,4,1,0,0,0
CUST103092,33,Male,North India,Premium,801.7,38,5,Laptop,Gift Card,Comedy,1.5,83,0,4,0,1,0,1
CUST103093,22,Male,West India,Standard,517.68,43,3,Smart TV,Gift Card,Drama,14.4,45,4,4,0,0,1,1
CUST103094,35,Male,East India,Basic,199.71,40,3,Laptop,Net Banking,Comedy,18.5,66,1,4,0,1,1,1
CUST103095,68,Male,East India,Basic,216.39,51,5,Mobile,Credit Card,Drama,7.7,79,4,1,1,1,0,1
CUST103096,51,Female,Central India,Basic,195.66,43,4,Smart TV,Credit Card,Kids,15.0,3,0,1,0,1,0,0
CUST103097,17,Male,East India,Standard,504.57,38,3,Laptop,Credit Card,Drama,5.4,39,0,4,0,1,0,1
CUST103098,13,Male,East India,Basic,200.0,44,1,Mobile,Gift Card,Documentary,15.4,38,1,4,1,1,0,0
CUST103099,25,Male,West India,Standard,535.17,50,4,Mobile,Credit Card,Comedy,7.1,16,2,4,0,1,0,0
CUST103100,33,Female,South India,Basic,196.71,3,4,Mobile,Debit Card,Kids,18.6,28,0,1,1,1,0,0
CUST103101,38,Female,East India,Standard,510.74,13,3,Smart TV,Debit Card,Thriller,0.0,3,2,4,0,1,0,1
CUST103102,62,Female,South India,Premium,802.04,36,4,Laptop,Debit Card,Action,6.9,73,0,4,0,1,1,0
CUST103103,57,Male,North India,Standard,515.88,41,4,Mobile,Gift Card,Drama,7.8,72,0,1,1,1,0,1
CUST103104,33,Male,East India,Standard,508.48,48,1,Smart TV,Gift Card,Romance,0.6,74,1,1,0,0,1,1
CUST103105,65,Male,North India,Premium,804.11,12,4,Laptop,Credit Card,Kids,14.3,64,1,4,0,1,0,0
CUST103106,30,Female,North India,Standard,481.88,20,3,Smart TV,Net Banking,Action,9.7,16,3,2,1,1,0,1
CUST103107,49,Female,Central India,Standard,483.2,39,3,Mobile,Gift Card,Drama,14.7,63,2,1,0,1,0,0
CUST103108,57,Male,South India,Standard,489.76,44,5,Tablet,UPI,Thriller,5.6,46,0,2,0,1,0,0
CUST103109,44,Male,South India,Premium,794.61,8,2,Mobile,Debit Card,Drama,3.4,17,2,1,0,1,0,1
CUST103110,48,Female,Central India,Basic,200.67,53,5,Mobile,Debit Card,Romance,6.7,70,2,4,0,1,0,0
CUST103111,29,Male,West India,Basic,189.79,47,1,Laptop,Credit Card,Documentary,2.8,25,1,4,0,1,1,1
CUST103112,47,Male,Central India,Standard,469.34,2,1,Mobile,Net Banking,Romance,8.0,23,2,2,1,1,0,0
CUST103113,61,Male,Central India,Standard,514.41,11,3,Laptop,Debit Card,Drama,18.0,32,2,3,0,0,0,0
CUST103114,23,Female,Central India,Premium,805.71,56,2,Mobile,Gift Card,Romance,11.6,89,0,1,0,1,0,0
CUST103115,33,Male,North India,Basic,199.9,21,5,Laptop,Net Banking,Comedy,14.0,28,1,3,0,1,0,0
CUST103116,64,Male,South India,Basic,217.81,37,2,Smart TV,Debit Card,Documentary,7.3,87,3,3,1,1,0,0
CUST103117,67,Male,West India,Premium,786.95,55,3,Smart TV,Credit Card,Drama,4.4,45,1,4,1,0,0,1
CUST103118,65,Male,East India,Basic,197.04,6,4,Smart TV,Credit Card,Drama,11.1,75,5,3,0,1,0,1
CUST103119,38,Female,East India,Basic,201.39,19,3,Mobile,Credit Card,Action,10.3,25,0,2,1,0,0,0
CUST103120,16,Female,East India,Standard,492.77,30,3,Mobile,Gift Card,Drama,16.5,40,1,1,1,1,1,1
CUST103121,46,Female,West India,Premium,787.07,46,2,Laptop,Credit Card,Kids,17.6,24,3,3,1,1,1,0
CUST103122,64,Male,East India,Premium,812.12,39,1,Laptop,UPI,Kids,15.7,14,2,2,0,0,1,1
CUST103123,60,Female,West India,Premium,803.26,44,4,Laptop,Gift Card,Documentary,22.5,33,1,1,1,1,0,0
CUST103124,30,Male,East India,Basic,208.36,49,4,Tablet,UPI,Kids,10.4,50,3,3,1,1,1,1
CUST103125,52,Female,East India,Standard,486.65,36,1,Laptop,Credit Card,Drama,13.8,71,1,1,1,0,1,1
CUST103126,47,Male,West India,Basic,211.45,20,2,Laptop,Net Banking,Action,17.3,26,2,1,0,1,0,0
CUST103127,53,Female,South India,Premium,789.65,54,2,Laptop,Gift Card,Thriller,15.0,3,0,1,1,0,0,0
CUST103128,41,Female,West India,Standard,502.71,54,1,Mobile,UPI,Action,16.0,75,2,4,0,1,0,1
CUST103129,64,Female,West India,Basic,228.69,10,5,Laptop,Gift Card,Action,10.4,84,1,3,1,1,1,1
CUST103130,41,Male,Central India,Standard,511.78,24,2,Laptop,UPI,Drama,9.6,19,2,3,1,0,1,1
CUST103131,50,Male,North India,Standard,504.09,60,1,Mobile,Gift Card,Thriller,8.2,47,1,2,1,1,0,1
CUST103132,54,Male,North India,Standard,519.26,33,5,Tablet,Debit Card,Romance,8.8,52,1,4,1,0,1,1
CUST103133,33,Female,South India,Premium,790.46,29,3,Mobile,UPI,Kids,10.3,62,2,3,1,1,1,1
CUST103134,54,Male,South India,Basic,206.36,55,4,Smart TV,UPI,Documentary,6.0,16,2,2,0,1,0,0
CUST103135,25,Male,South India,Basic,186.52,30,1,Mobile,Gift Card,Kids,3.3,78,4,4,1,1,1,1
CUST103136,61,Male,North India,Basic,193.57,36,2,Smart TV,Net Banking,Romance,3.1,31,2,2,0,1,0,0
CUST103137,53,Male,South India,Basic,222.86,45,4,Smart TV,Debit Card,Documentary,17.7,65,2,1,1,1,1,0
CUST103138,29,Male,South India,Basic,203.1,6,5,Smart TV,UPI,Kids,7.5,84,0,4,0,1,0,0
CUST103139,68,Male,West India,Standard,520.11,58,4,Laptop,Credit Card,Comedy,13.6,49,1,2,0,0,1,0
CUST103140,21,Female,West India,Basic,197.46,47,1,Laptop,Credit Card,Action,9.1,12,0,1,0,1,0,0
CUST103141,53,Female,North India,Premium,817.31,14,3,Laptop,Gift Card,Action,18.0,26,3,3,1,0,0,1
CUST103142,13,Male,West India,Basic,199.78,57,5,Mobile,Net Banking,Comedy,2.5,25,2,1,1,1,0,1
CUST103143,14,Female,South India,Basic,201.01,3,5,Smart TV,Debit Card,Romance,8.9,52,3,2,0,1,1,1
CUST103144,60,Female,West India,Basic,199.36,24,5,Laptop,UPI,Drama,6.9,33,0,4,1,1,0,0
CUST103145,41,Male,Central India,Premium,804.41,19,4,Smart TV,Credit Card,Documentary,10.0,81,1,2,0,1,0,0
CUST103146,45,Male,West India,Standard,495.12,38,3,Smart TV,UPI,Kids,15.5,73,3,4,1,1,0,0
CUST103147,22,Female,North India,Premium,778.16,34,1,Mobile,Credit Card,Documentary,9.4,82,0,3,0,0,0,0
CUST103148,62,Male,South India,Premium,798.46,9,1,Mobile,Gift Card,Comedy,6.4,56,3,4,0,1,0,0
CUST103149,52,Female,South India,Premium,800.99,30,4,Tablet,Gift Card,Comedy,10.0,11,3,1,1,1,0,0
CUST103150,33,Female,North India,Premium,823.52,32,1,Laptop,UPI,Kids,8.1,87,1,2,1,0,1,0
CUST103151,40,Female,West India,Basic,165.09,13,1,Mobile,Gift Card,Comedy,12.8,64,3,2,0,1,1,1
CUST103152,23,Male,South India,Premium,823.26,18,3,Smart TV,Debit Card,Thriller,0.0,8,1,3,0,1,0,0
CUST103153,67,Female,South India,Premium,814.72,44,4,Smart TV,Gift Card,Action,7.9,44,2,3,1,1,1,1
CUST103154,46,Male,Central India,Premium,809.28,53,4,Smart TV,Debit Card,Documentary,10.3,81,1,1,0,0,0,1
CUST103155,20,Male,North India,Basic,201.31,22,5,Smart TV,Gift Card,Drama,14.7,43,1,4,0,1,0,0
CUST103156,34,Male,West India,Standard,483.7,4,1,Smart TV,UPI,Romance,15.4,47,0,3,0,0,0,0
CUST103157,20,Male,West India,Basic,228.26,60,2,Tablet,Debit Card,Thriller,6.0,18,0,4,0,0,0,1
CUST103158,61,Male,South India,Basic,217.52,23,3,Laptop,Net Banking,Action,7.5,85,1,2,0,0,0,1
CUST103159,27,Female,East India,Standard,502.76,7,3,Laptop,UPI,Romance,0.0,81,1,3,0,1,0,0
CUST103160,29,Male,Central India,Premium,803.28,44,2,Laptop,Debit Card,Thriller,10.7,53,4,4,1,1,0,1
CUST103161,35,Male,Central India,Standard,497.37,55,5,Mobile,Credit Card,Action,24.9,75,1,1,0,1,1,0
CUST103162,36,Male,Central India,Premium,807.92,11,2,Smart TV,Credit Card,Comedy,11.1,72,1,3,1,1,0,1
CUST103163,57,Male,South India,Basic,198.33,39,2,Smart TV,Net Banking,Romance,5.9,35,1,2,0,1,0,0
CUST103164,31,Male,North India,Basic,203.62,58,5,Laptop,Credit Card,Drama,11.0,14,1,1,0,0,0,0
CUST103165,17,Female,North India,Standard,505.57,59,2,Tablet,UPI,Comedy,0.0,8,1,4,0,0,0,0
CUST103166,44,Male,Central India,Standard,535.45,42,5,Smart TV,Debit Card,Documentary,14.5,8,1,4,0,1,0,0
CUST103167,56,Male,East India,Premium,785.35,41,1,Mobile,UPI,Documentary,17.9,45,5,3,0,1,0,1
CUST103168,13,Female,East India,Basic,201.4,34,5,Mobile,Gift Card,Documentary,8.7,30,1,1,0,1,0,0
CUST103169,35,Male,West India,Standard,517.41,5,4,Smart TV,Gift Card,Romance,5.0,54,3,4,1,1,1,0
CUST103170,49,Female,East India,Standard,511.4,42,4,Mobile,Credit Card,Documentary,7.4,69,1,2,0,1,1,1
CUST103171,20,Female,Central India,Basic,209.16,25,2,Tablet,Net Banking,Thriller,7.8,57,2,3,1,0,0,1
CUST103172,25,Female,West India,Premium,844.17,28,4,Smart TV,Net Banking,Drama,13.1,14,1,1,0,0,0,1
CUST103173,20,Female,Central India,Standard,515.32,14,5,Tablet,Gift Card,Drama,11.6,39,3,1,1,0,0,1
CUST103174,69,Male,North India,Standard,489.63,27,1,Mobile,Net Banking,Romance,9.4,9,1,4,1,1,1,1
CUST103175,35,Male,Central India,Premium,787.91,16,5,Mobile,Net Banking,Documentary,10.0,0,1,1,0,1,1,0
CUST103176,55,Female,West India,Basic,198.42,27,3,Smart TV,Credit Card,Action,6.1,71,0,3,0,0,0,1
CUST103177,13,Female,Central India,Premium,792.46,2,2,Laptop,UPI,Comedy,13.7,23,0,2,0,1,0,1
CUST103178,57,Male,South India,Basic,200.19,19,1,Mobile,UPI,Documentary,10.1,84,0,3,0,0,1,0
CUST103179,63,Female,West India,Basic,204.07,23,2,Laptop,Debit Card,Action,0.6,63,1,3,1,1,0,1
CUST103180,36,Female,East India,Premium,803.1,41,3,Smart TV,UPI,Kids,14.4,47,2,3,1,1,0,0
CUST103181,47,Female,North India,Premium,762.14,14,4,Laptop,UPI,Drama,8.2,49,1,4,0,0,0,1
CUST103182,36,Male,East India,Standard,487.67,47,3,Mobile,Credit Card,Comedy,7.5,2,2,1,1,1,1,1
CUST103183,29,Female,Central India,Standard,509.74,51,4,Smart TV,Credit Card,Drama,20.9,69,1,2,0,1,1,0
CUST103184,17,Male,East India,Premium,823.65,26,2,Mobile,UPI,Drama,12.5,63,2,2,1,0,0,0
CUST103185,32,Male,West India,Basic,192.94,8,2,Mobile,Debit Card,Thriller,14.0,24,0,2,0,1,1,0
CUST103186,33,Male,South India,Basic,193.02,27,2,Smart TV,UPI,Comedy,6.5,55,0,2,1,1,1,1
CUST103187,52,Female,East India,Standard,497.66,47,5,Mobile,UPI,Thriller,6.5,40,1,3,0,1,0,1
CUST103188,43,Female,Central India,Basic,224.87,40,1,Laptop,Gift Card,Kids,18.6,58,1,4,0,1,0,0
CUST103189,58,Male,East India,Basic,199.81,28,5,Laptop,Debit Card,Romance,24.8,32,1,1,0,0,1,0
CUST103190,48,Male,East India,Premium,765.37,4,3,Mobile,UPI,Documentary,15.7,74,0,3,0,1,0,0
CUST103191,23,Male,West India,Basic,225.81,59,1,Tablet,Credit Card,Comedy,0.0,11,3,4,1,1,1,0
CUST103192,64,Female,Central India,Premium,809.37,38,2,Tablet,UPI,Action,5.5,0,0,2,0,0,0,0
CUST103193,27,Female,Central India,Standard,479.6,11,2,Tablet,Net Banking,Drama,9.6,67,2,1,1,1,0,0
CUST103194,31,Male,South India,Standard,491.33,44,2,Smart TV,Gift Card,Drama,9.1,68,0,4,1,0,1,1
CUST103195,19,Male,West India,Standard,487.07,24,4,Smart TV,Gift Card,Thriller,9.1,58,1,1,0,1,1,0
CUST103196,63,Female,West India,Standard,495.87,28,3,Mobile,Gift Card,Kids,1.5,74,4,2,1,1,0,1
CUST103197,40,Male,North India,Basic,221.31,41,5,Mobile,Debit Card,Thriller,21.5,29,1,4,0,0,0,0
CUST103198,63,Female,South India,Basic,170.99,18,3,Smart TV,Gift Card,Kids,13.4,32,1,1,0,1,0,0
CUST103199,55,Female,South India,Premium,793.85,49,4,Smart TV,UPI,Thriller,5.4,39,2,3,1,0,0,0
CUST103200,17,Male,Central India,Basic,200.67,21,4,Smart TV,Debit Card,Comedy,6.5,84,1,3,0,1,1,0
CUST103201,17,Male,Central India,Basic,197.96,26,3,Smart TV,Net Banking,Drama,13.6,21,2,4,0,0,0,1
CUST103202,42,Female,South India,Premium,787.05,3,4,Mobile,Credit Card,Kids,8.5,24,3,3,0,1,0,1
CUST103203,66,Female,West India,Premium,816.85,59,1,Smart TV,Gift Card,Kids,10.8,3,1,4,0,1,0,0
CUST103204,44,Female,North India,Standard,496.62,13,2,Mobile,UPI,Action,12.6,11,3,1,1,1,0,1
CUST103205,20,Female,Central India,Basic,194.69,38,5,Smart TV,Debit Card,Kids,6.9,3,2,2,0,1,0,1
CUST103206,22,Female,North India,Standard,504.19,28,4,Mobile,UPI,Romance,20.4,22,1,4,1,0,1,1
CUST103207,50,Male,South India,Premium,794.8,14,5,Mobile,Gift Card,Kids,0.0,69,6,4,0,0,1,1
CUST103208,59,Female,West India,Basic,190.69,59,2,Laptop,Credit Card,Comedy,5.3,57,0,4,0,0,0,1
CUST103209,44,Female,North India,Basic,185.12,1,3,Mobile,Debit Card,Romance,14.9,34,1,2,1,1,1,0
CUST103210,60,Female,East India,Premium,831.85,28,2,Smart TV,UPI,Drama,5.9,57,0,1,1,1,0,0
CUST103211,40,Male,South India,Premium,810.9,59,5,Laptop,Debit Card,Documentary,9.0,5,0,4,0,1,1,0
CUST103212,29,Male,West India,Premium,793.27,36,1,Mobile,Gift Card,Documentary,17.5,6,0,3,0,1,0,1
CUST103213,43,Female,South India,Basic,218.07,54,3,Smart TV,Gift Card,Romance,12.9,20,1,2,1,1,1,1
CUST103214,20,Female,South India,Standard,506.85,50,4,Mobile,Net Banking,Thriller,10.7,14,1,2,1,1,1,0
CUST103215,52,Male,North India,Standard,499.58,11,1,Mobile,Net Banking,Kids,17.0,65,3,2,0,0,1,1
CUST103216,37,Male,North India,Basic,183.56,43,2,Smart TV,Gift Card,Romance,6.6,86,0,2,0,1,0,0
CUST103217,21,Male,East India,Basic,186.58,40,5,Smart TV,Debit Card,Thriller,12.6,66,1,4,0,1,0,0
CUST103218,14,Male,Central India,Basic,213.53,4,5,Mobile,UPI,Thriller,13.1,11,4,4,0,1,0,0
CUST103219,27,Female,East India,Standard,510.28,34,5,Smart TV,UPI,Drama,3.0,48,0,4,1,1,0,1
CUST103220,62,Male,West India,Standard,478.41,1,2,Mobile,Debit Card,Thriller,4.9,78,2,1,1,0,0,1
CUST103221,15,Female,West India,Premium,792.89,56,3,Laptop,Credit Card,Action,0.0,61,0,4,1,0,0,1
CUST103222,61,Female,South India,Premium,809.2,10,4,Smart TV,Debit Card,Action,11.6,32,1,2,0,1,0,0
CUST103223,48,Male,North India,Premium,815.69,17,1,Mobile,Gift Card,Documentary,17.5,60,0,1,1,0,0,0
CUST103224,16,Male,South India,Premium,806.72,7,2,Laptop,Gift Card,Comedy,5.2,12,1,3,1,1,0,0
CUST103225,26,Male,Central India,Basic,192.16,39,5,Mobile,Net Banking,Kids,0.0,12,2,2,0,1,1,1
CUST103226,53,Male,South India,Basic,202.54,13,4,Mobile,UPI,Drama,9.7,58,2,3,0,1,1,0
CUST103227,53,Female,West India,Standard,495.84,22,5,Mobile,Net Banking,Comedy,17.2,27,2,3,0,1,1,1
CUST103228,37,Female,West India,Basic,204.73,56,2,Smart TV,UPI,Thriller,7.9,76,3,1,0,1,0,0
CUST103229,67,Female,East India,Premium,821.17,58,5,Mobile,Debit Card,Drama,13.1,23,0,1,1,0,1,0
CUST103230,62,Male,South India,Basic,187.27,1,2,Mobile,Credit Card,Thriller,0.0,29,1,4,0,1,0,1
CUST103231,22,Female,North India,Basic,203.21,28,5,Smart TV,UPI,Comedy,13.4,3,2,3,1,0,0,1
CUST103232,33,Male,Central India,Standard,497.55,33,2,Tablet,Credit Card,Documentary,19.2,12,2,1,0,1,0,1
CUST103233,48,Female,Central India,Standard,495.06,13,5,Smart TV,Credit Card,Action,21.1,75,1,3,0,0,0,0
CUST103234,24,Male,North India,Standard,496.9,1,4,Smart TV,Credit Card,Action,16.0,0,1,1,1,1,1,1
CUST103235,39,Female,Central India,Standard,518.7,38,4,Tablet,Debit Card,Action,25.3,43,0,1,0,0,1,0
CUST103236,52,Female,North India,Basic,207.69,55,5,Mobile,Credit Card,Drama,15.2,48,0,2,1,1,0,1
CUST103237,14,Male,North India,Basic,191.81,58,5,Mobile,Credit Card,Thriller,9.4,80,0,3,0,0,1,1
CUST103238,66,Female,East India,Premium,808.74,25,2,Tablet,Gift Card,Action,7.2,23,0,3,1,1,1,1
CUST103239,25,Female,South India,Basic,190.62,42,2,Smart TV,Gift Card,Thriller,0.1,33,0,1,0,0,1,1
CUST103240,65,Male,West India,Basic,172.16,21,2,Mobile,UPI,Action,6.2,38,1,2,1,1,0,0
CUST103241,44,Male,West India,Standard,464.43,33,3,Smart TV,Gift Card,Comedy,3.4,41,0,4,0,0,0,1
CUST103242,43,Male,South India,Basic,206.51,57,5,Laptop,UPI,Romance,14.8,6,0,1,0,0,0,0
CUST103243,28,Male,Central India,Standard,494.73,37,5,Mobile,Credit Card,Documentary,3.0,22,3,2,0,0,0,1
CUST103244,44,Male,North India,Standard,513.96,54,5,Mobile,Gift Card,Thriller,3.8,20,0,2,1,0,0,0
CUST103245,44,Female,West India,Premium,804.81,57,5,Mobile,Net Banking,Drama,15.7,42,2,3,1,1,0,1
CUST103246,46,Male,East India,Standard,502.91,34,2,Smart TV,Debit Card,Action,6.8,59,2,3,1,1,1,0
CUST103247,23,Female,Central India,Basic,192.24,3,2,Smart TV,Gift Card,Comedy,15.1,23,0,2,0,0,0,0
CUST103248,22,Female,East India,Standard,506.82,30,3,Mobile,Debit Card,Action,20.6,66,0,3,0,0,0,0
CUST103249,27,Male,West India,Basic,222.28,55,2,Smart TV,Gift Card,Documentary,4.4,27,2,4,0,1,1,1
CUST103250,29,Female,South India,Basic,168.71,3,5,Smart TV,Gift Card,Romance,11.9,65,0,4,0,0,0,1
CUST103251,52,Female,South India,Standard,496.75,18,5,Mobile,Net Banking,Kids,27.5,3,2,1,0,1,0,0
CUST103252,30,Male,East India,Basic,219.18,23,1,Smart TV,Credit Card,Action,14.0,80,1,1,0,1,0,0
CUST103253,67,Female,Central India,Standard,481.82,8,2,Smart TV,UPI,Documentary,15.6,83,1,1,1,1,0,0
CUST103254,21,Male,West India,Standard,501.0,9,1,Smart TV,Gift Card,Thriller,9.3,35,1,1,0,1,0,0
CUST103255,37,Male,North India,Premium,788.75,2,5,Tablet,Gift Card,Documentary,11.1,56,0,2,1,0,0,1
CUST103256,52,Male,South India,Premium,794.99,2,2,Mobile,Debit Card,Comedy,14.7,89,1,2,0,1,1,1
CUST103257,26,Female,East India,Basic,172.4,27,5,Mobile,Credit Card,Kids,3.0,56,4,1,0,0,0,1
CUST103258,37,Female,West India,Standard,513.77,48,1,Smart TV,Gift Card,Comedy,2.0,85,1,1,0,0,1,1
CUST103259,62,Female,Central India,Basic,201.26,39,1,Smart TV,Gift Card,Thriller,12.4,18,0,3,0,1,0,1
CUST103260,34,Female,North India,Standard,477.33,36,4,Tablet,UPI,Drama,8.6,30,1,4,1,0,1,1
CUST103261,64,Male,North India,Basic,205.28,5,4,Mobile,Credit Card,Romance,2.1,41,0,2,1,1,1,1
CUST103262,42,Female,South India,Basic,202.12,1,2,Mobile,Credit Card,Comedy,0.7,59,0,4,0,1,1,1
CUST103263,32,Male,North India,Standard,488.67,22,2,Smart TV,Gift Card,Thriller,16.2,88,0,2,0,1,1,0
CUST103264,33,Female,West India,Standard,528.52,10,2,Laptop,Credit Card,Kids,9.8,29,0,2,0,1,0,1
CUST103265,56,Female,South India,Standard,506.74,45,2,Smart TV,Credit Card,Romance,7.5,47,0,1,0,1,0,0
CUST103266,44,Female,South India,Standard,518.35,24,2,Laptop,UPI,Romance,9.9,72,1,2,0,1,0,0
CUST103267,63,Female,South India,Standard,496.58,59,2,Mobile,Net Banking,Thriller,10.2,29,1,3,0,0,0,1
CUST103268,58,Female,West India,Standard,474.62,15,2,Smart TV,UPI,Comedy,8.7,40,1,2,0,0,0,0
CUST103269,61,Male,East India,Standard,464.15,33,1,Mobile,Net Banking,Thriller,0.1,31,1,2,1,0,0,1
CUST103270,68,Female,North India,Basic,183.79,50,1,Tablet,UPI,Thriller,12.3,58,1,3,1,1,1,0
CUST103271,33,Female,North India,Standard,519.22,23,1,Mobile,Gift Card,Action,4.1,47,0,1,1,1,1,1
CUST103272,47,Female,East India,Standard,491.35,14,5,Smart TV,UPI,Thriller,7.6,78,0,1,0,1,0,0
CUST103273,44,Female,South India,Basic,214.62,18,3,Mobile,Credit Card,Comedy,12.7,64,3,3,1,1,0,1
CUST103274,42,Male,Central India,Basic,181.5,25,5,Tablet,Credit Card,Comedy,14.7,20,0,4,0,0,1,1
CUST103275,67,Female,West India,Basic,189.06,22,2,Smart TV,Debit Card,Comedy,11.9,35,1,3,1,0,0,1
CUST103276,51,Male,South India,Standard,491.22,44,3,Tablet,Gift Card,Action,10.7,66,1,4,0,0,1,0
CUST103277,61,Female,South India,Premium,802.38,44,1,Mobile,Credit Card,Comedy,15.4,78,2,1,0,1,0,0
CUST103278,24,Male,South India,Basic,178.72,37,1,Mobile,Gift Card,Romance,12.6,87,0,3,0,1,0,1
CUST103279,53,Male,North India,Standard,487.08,7,4,Mobile,UPI,Thriller,4.4,15,0,1,0,1,1,1
CUST103280,59,Male,North India,Premium,795.5,26,2,Smart TV,Credit Card,Documentary,15.3,57,2,4,0,1,1,1
CUST103281,30,Male,Central India,Basic,178.86,24,2,Mobile,Gift Card,Romance,14.9,6,3,3,0,1,0,0
CUST103282,33,Male,West India,Basic,172.61,13,4,Laptop,UPI,Action,11.0,79,1,1,1,1,0,1
CUST103283,25,Female,South India,Basic,199.43,41,5,Mobile,Net Banking,Documentary,13.8,27,2,4,0,1,0,0
CUST103284,33,Male,North India,Standard,479.09,6,4,Smart TV,Debit Card,Drama,11.5,49,2,3,1,1,0,1
CUST103285,20,Female,East India,Standard,517.22,21,2,Mobile,UPI,Kids,0.0,11,1,1,1,0,0,1
CUST103286,58,Male,North India,Standard,517.63,7,1,Smart TV,Net Banking,Documentary,7.6,24,2,1,1,1,0,1
CUST103287,52,Male,South India,Premium,790.25,18,4,Smart TV,Gift Card,Thriller,9.0,29,1,1,1,1,1,1
CUST103288,58,Female,South India,Standard,508.03,15,3,Mobile,Net Banking,Action,8.9,71,0,3,0,1,0,1
CUST103289,19,Male,North India,Basic,200.04,8,1,Tablet,Credit Card,Comedy,7.0,10,2,4,1,1,0,1
CUST103290,35,Male,East India,Standard,515.02,60,5,Laptop,Gift Card,Comedy,9.8,59,0,2,1,1,1,1
CUST103291,56,Male,East India,Basic,192.13,52,1,Smart TV,Debit Card,Documentary,14.6,41,1,3,0,1,1,0
CUST103292,44,Male,South India,Standard,506.66,16,5,Smart TV,Debit Card,Documentary,11.5,54,1,3,0,1,0,1
CUST103293,23,Female,North India,Basic,203.68,49,1,Mobile,Gift Card,Documentary,8.9,35,1,3,0,1,0,1
CUST103294,34,Male,West India,Standard,502.91,3,2,Smart TV,Credit Card,Thriller,0.0,48,0,2,0,1,0,1
CUST103295,34,Male,West India,Basic,189.76,45,5,Smart TV,Gift Card,Comedy,16.4,45,1,3,0,1,1,0
CUST103296,55,Female,South India,Premium,816.79,9,5,Mobile,Gift Card,Kids,7.2,69,0,4,1,0,0,1
CUST103297,37,Female,East India,Basic,192.88,52,4,Laptop,Gift Card,Drama,20.4,34,0,3,1,0,0,0
CUST103298,34,Male,West India,Standard,492.79,47,1,Mobile,UPI,Thriller,4.8,13,2,2,1,1,1,0
CUST103299,40,Male,North India,Basic,188.2,26,5,Mobile,Debit Card,Kids,14.3,36,2,2,1,1,0,0
CUST103300,41,Female,Central India,Premium,789.1,26,5,Smart TV,Debit Card,Comedy,9.2,39,1,2,1,1,1,0
CUST103301,25,Male,Central India,Premium,795.4,30,1,Smart TV,Credit Card,Comedy,2.9,51,0,3,1,1,0,1
CUST103302,30,Female,East India,Basic,205.75,27,1,Mobile,Debit Card,Comedy,15.6,40,2,4,1,1,0,1
CUST103303,14,Male,Central India,Premium,810.75,16,3,Smart TV,Credit Card,Comedy,0.3,4,1,3,0,1,0,1
CUST103304,41,Female,North India,Standard,500.93,48,4,Mobile,Credit Card,Action,11.0,20,3,4,0,1,0,1
CUST103305,33,Female,South India,Standard,520.24,51,5,Laptop,Debit Card,Comedy,10.7,54,1,2,1,1,1,0
CUST103306,27,Female,South India,Standard,500.77,4,1,Smart TV,Gift Card,Documentary,5.6,48,1,3,0,1,1,1
CUST103307,64,Male,North India,Basic,172.07,51,5,Laptop,Gift Card,Comedy,17.2,60,2,4,0,1,1,0
CUST103308,39,Male,South India,Premium,781.68,19,3,Mobile,UPI,Kids,11.4,5,2,3,0,1,0,0
CUST103309,62,Male,North India,Basic,209.5,34,3,Laptop,Credit Card,Drama,20.5,50,1,3,0,0,0,1
CUST103310,43,Male,North India,Basic,194.12,6,5,Laptop,Net Banking,Action,11.7,60,1,4,0,1,1,0
CUST103311,27,Female,Central India,Premium,793.09,45,4,Laptop,Net Banking,Drama,13.3,61,2,1,0,0,1,0
CUST103312,63,Female,Central India,Standard,484.53,15,2,Laptop,Debit Card,Drama,0.0,23,0,3,1,1,0,1
CUST103313,35,Female,East India,Basic,193.0,10,5,Smart TV,Debit Card,Drama,14.2,51,2,4,1,1,0,0
CUST103314,36,Male,Central India,Basic,193.22,54,3,Mobile,Net Banking,Thriller,12.7,15,1,3,0,1,0,0
CUST103315,56,Male,South India,Standard,506.36,42,4,Laptop,UPI,Comedy,7.0,6,2,1,0,0,1,0
CUST103316,25,Male,Central India,Basic,195.33,36,1,Mobile,Credit Card,Kids,5.6,41,4,3,0,0,1,1
CUST103317,34,Female,North India,Premium,818.15,46,4,Mobile,Credit Card,Comedy,8.7,89,3,3,0,1,0,1
CUST103318,55,Male,Central India,Standard,489.18,40,4,Laptop,Debit Card,Drama,15.2,20,1,1,0,1,0,0
CUST103319,49,Male,South India,Basic,202.07,6,5,Mobile,Debit Card,Comedy,3.0,47,1,3,1,1,0,1
CUST103320,45,Female,East India,Standard,474.16,44,4,Mobile,Gift Card,Thriller,2.2,59,1,4,0,0,1,0
CUST103321,68,Female,West India,Standard,508.88,40,1,Smart TV,UPI,Romance,14.8,81,1,3,1,1,1,1
CUST103322,15,Male,North India,Standard,477.69,6,5,Laptop,Credit Card,Comedy,7.6,16,2,4,1,1,0,1
CUST103323,66,Female,South India,Premium,807.55,15,3,Laptop,Gift Card,Comedy,9.1,20,1,2,0,1,1,0
CUST103324,31,Male,South India,Premium,771.39,29,1,Smart TV,Net Banking,Drama,9.3,51,2,3,0,1,1,0
CUST103325,35,Female,West India,Standard,483.5,25,5,Mobile,Gift Card,Action,12.0,5,0,3,0,1,1,1
CUST103326,41,Female,East India,Standard,511.57,19,5,Smart TV,Net Banking,Romance,17.5,18,1,4,0,0,0,0
CUST103327,42,Female,North India,Basic,222.46,14,2,Smart TV,Net Banking,Action,3.6,65,2,4,0,0,1,1
CUST103328,51,Male,East India,Standard,458.26,3,1,Mobile,Credit Card,Comedy,12.6,18,1,4,0,1,1,0
CUST103329,56,Male,West India,Standard,482.65,50,4,Tablet,Gift Card,Romance,9.9,21,0,2,1,1,0,1
CUST103330,59,Male,North India,Standard,526.44,42,1,Mobile,Credit Card,Drama,11.8,79,1,2,0,1,0,1
CUST103331,37,Female,Central India,Basic,201.13,46,1,Mobile,UPI,Action,23.4,24,0,2,1,1,0,0
CUST103332,49,Female,East India,Premium,783.52,14,2,Mobile,UPI,Kids,2.6,43,0,3,0,1,0,1
CUST103333,59,Female,Central India,Basic,221.16,54,4,Tablet,UPI,Romance,13.6,10,2,4,1,0,0,0
CUST103334,20,Female,North India,Standard,507.78,39,2,Mobile,UPI,Action,16.6,75,1,3,1,1,0,0
CUST103335,54,Male,West India,Premium,800.65,39,2,Smart TV,Net Banking,Documentary,4.0,27,1,3,0,1,0,1
CUST103336,28,Male,Central India,Standard,470.24,21,2,Laptop,UPI,Action,8.5,65,4,2,1,1,0,1
CUST103337,20,Male,Central India,Standard,530.44,54,1,Mobile,Credit Card,Kids,6.9,37,0,4,1,1,0,0
CUST103338,13,Female,South India,Standard,502.94,55,2,Mobile,Gift Card,Thriller,18.4,75,1,1,1,0,0,1
CUST103339,56,Female,North India,Basic,194.36,11,3,Mobile,Gift Card,Kids,10.0,24,1,2,1,0,1,0
CUST103340,17,Male,West India,Premium,820.93,50,4,Smart TV,Credit Card,Romance,0.4,1,1,1,1,0,0,1
CUST103341,15,Female,South India,Basic,185.25,10,4,Smart TV,Debit Card,Documentary,23.6,32,1,4,1,1,0,1
CUST103342,13,Male,East India,Standard,482.6,15,2,Laptop,Debit Card,Drama,20.0,12,2,3,1,1,0,1
CUST103343,16,Female,West India,Basic,184.4,30,1,Mobile,Debit Card,Kids,15.6,55,2,1,0,1,1,0
CUST103344,52,Female,South India,Premium,793.3,44,5,Laptop,Debit Card,Documentary,8.7,51,0,2,0,0,0,1
CUST103345,47,Male,East India,Standard,499.4,55,5,Tablet,Net Banking,Action,3.4,44,2,3,0,0,0,0
CUST103346,44,Male,West India,Standard,508.6,17,1,Laptop,Net Banking,Documentary,8.5,49,0,1,1,1,1,0
CUST103347,54,Female,South India,Standard,480.23,54,2,Smart TV,Gift Card,Drama,15.6,58,2,1,1,1,1,1
CUST103348,46,Male,West India,Premium,803.55,56,2,Tablet,Gift Card,Comedy,8.9,63,0,3,1,0,1,0
CUST103349,55,Male,Central India,Basic,189.96,29,3,Tablet,Net Banking,Romance,6.6,87,1,3,1,1,0,1
CUST103350,37,Female,South India,Standard,497.38,17,5,Smart TV,Net Banking,Thriller,1.1,83,1,1,0,1,0,1
CUST103351,22,Female,Central India,Standard,517.14,33,5,Mobile,Gift Card,Comedy,4.5,83,1,4,1,1,1,1
CUST103352,33,Female,South India,Basic,206.39,38,4,Tablet,Credit Card,Drama,1.7,46,1,4,0,0,0,0
CUST103353,58,Male,Central India,Basic,207.64,21,2,Laptop,Net Banking,Comedy,10.7,11,2,3,1,1,0,1
CUST103354,51,Female,North India,Basic,189.76,47,1,Mobile,Credit Card,Thriller,14.9,44,1,4,0,1,1,1
CUST103355,39,Female,Central India,Basic,227.88,51,2,Tablet,UPI,Drama,2.3,36,0,4,0,1,0,0
CUST103356,39,Female,North India,Standard,509.08,14,2,Mobile,Credit Card,Comedy,0.0,7,2,2,0,1,1,1
CUST103357,14,Female,West India,Basic,192.63,10,3,Mobile,Credit Card,Thriller,10.0,30,1,3,0,1,0,0
CUST103358,53,Female,East India,Standard,516.12,42,1,Mobile,Net Banking,Documentary,8.6,28,0,3,0,0,0,1
CUST103359,60,Male,East India,Basic,207.53,23,3,Mobile,UPI,Comedy,12.0,17,4,4,0,0,0,0
CUST103360,25,Female,East India,Basic,180.05,39,3,Smart TV,Debit Card,Documentary,1.0,55,0,2,1,0,0,1
CUST103361,21,Female,North India,Premium,802.0,39,3,Smart TV,Credit Card,Action,16.8,19,2,1,0,0,0,0
CUST103362,64,Male,East India,Standard,484.48,14,3,Smart TV,UPI,Kids,12.5,71,0,2,1,0,0,1
CUST103363,48,Female,East India,Basic,168.4,47,2,Smart TV,UPI,Documentary,16.8,45,1,4,0,1,0,1
CUST103364,34,Female,Central India,Standard,492.51,22,4,Laptop,Net Banking,Documentary,7.2,87,2,2,0,1,0,1
CUST103365,54,Male,East India,Basic,216.01,52,2,Mobile,UPI,Action,16.1,0,1,3,0,1,0,0
CUST103366,38,Female,North India,Basic,221.12,41,3,Tablet,Debit Card,Drama,6.6,57,0,1,0,1,1,1
CUST103367,66,Male,Central India,Basic,191.34,28,3,Laptop,Net Banking,Kids,15.8,66,1,1,1,1,1,0
CUST103368,24,Female,North India,Premium,794.72,47,4,Laptop,Credit Card,Action,6.8,74,1,3,1,0,0,0
CUST103369,29,Male,South India,Standard,519.94,9,5,Smart TV,Net Banking,Kids,0.0,41,0,1,0,0,0,1
CUST103370,26,Male,East India,Premium,809.06,23,1,Tablet,Credit Card,Kids,15.0,42,2,4,0,0,1,1
CUST103371,26,Female,North India,Premium,806.34,7,3,Mobile,Net Banking,Documentary,6.3,2,0,4,0,1,0,0
CUST103372,69,Male,North India,Premium,801.09,24,3,Mobile,UPI,Drama,15.7,20,1,4,1,0,1,0
CUST103373,46,Male,Central India,Standard,509.87,43,2,Laptop,Debit Card,Comedy,0.2,68,1,1,0,0,0,0
CUST103374,65,Female,South India,Standard,498.55,37,3,Laptop,Net Banking,Thriller,0.0,64,1,2,1,0,1,1
CUST103375,69,Female,South India,Basic,221.94,59,3,Mobile,Gift Card,Drama,7.5,77,1,2,1,1,1,1
CUST103376,32,Male,East India,Basic,197.21,9,1,Smart TV,UPI,Kids,10.1,67,1,2,0,1,0,0
CUST103377,23,Female,West India,Standard,496.97,38,2,Smart TV,Net Banking,Documentary,0.0,18,0,3,1,0,0,1
CUST103378,28,Male,West India,Standard,468.17,7,5,Smart TV,UPI,Comedy,6.3,46,1,4,0,1,0,0
CUST103379,63,Male,Central India,Premium,814.87,60,3,Smart TV,Gift Card,Drama,3.1,19,1,4,1,0,0,0
CUST103380,43,Female,East India,Standard,484.56,23,3,Tablet,UPI,Romance,10.6,6,5,3,0,1,0,1
CUST103381,67,Female,Central India,Standard,463.45,25,5,Tablet,UPI,Thriller,23.4,59,2,1,0,1,0,1
CUST103382,18,Male,East India,Standard,496.32,55,4,Tablet,Net Banking,Kids,7.4,47,0,2,0,0,0,0
CUST103383,68,Female,South India,Basic,193.93,46,5,Smart TV,UPI,Documentary,6.2,8,1,1,0,1,0,1
CUST103384,31,Female,West India,Standard,505.75,51,5,Mobile,Net Banking,Action,10.8,33,1,2,1,0,0,0
CUST103385,49,Male,North India,Standard,508.74,22,2,Smart TV,Debit Card,Kids,21.8,41,1,1,0,1,0,0
CUST103386,16,Male,West India,Standard,486.58,54,5,Smart TV,Gift Card,Thriller,3.3,12,1,1,1,0,0,0
CUST103387,59,Male,East India,Standard,539.8,43,2,Mobile,Credit Card,Thriller,10.3,67,2,3,0,1,0,0
CUST103388,16,Male,West India,Basic,195.98,60,5,Smart TV,Gift Card,Thriller,25.0,35,2,2,0,1,0,0
CUST103389,32,Male,North India,Standard,473.68,7,3,Smart TV,UPI,Romance,5.9,18,0,1,0,1,0,1
CUST103390,22,Male,South India,Standard,522.74,6,3,Tablet,Net Banking,Romance,6.9,80,2,1,1,1,0,1
CUST103391,36,Female,South India,Standard,509.93,36,4,Mobile,Credit Card,Romance,15.6,59,1,4,0,1,0,1
CUST103392,66,Male,East India,Standard,505.13,46,5,Smart TV,Credit Card,Romance,20.8,88,2,2,1,0,0,0
CUST103393,47,Female,West India,Basic,192.47,22,1,Smart TV,UPI,Thriller,21.6,13,0,3,1,1,0,0
CUST103394,38,Female,East India,Basic,199.69,35,5,Mobile,Credit Card,Comedy,9.1,4,0,4,0,0,1,0
CUST103395,49,Male,West India,Basic,166.47,49,1,Mobile,Net Banking,Kids,4.3,6,0,1,0,1,0,0
CUST103396,50,Female,Central India,Standard,494.93,47,5,Mobile,UPI,Kids,6.3,77,1,1,0,1,1,0
CUST103397,33,Male,East India,Standard,535.85,33,2,Mobile,Gift Card,Drama,3.4,75,0,4,0,1,0,1
CUST103398,66,Female,West India,Premium,784.68,21,3,Mobile,UPI,Romance,10.5,51,2,1,0,1,0,0
CUST103399,52,Male,Central India,Basic,201.65,11,1,Tablet,UPI,Thriller,14.0,3,1,2,1,0,0,1
CUST103400,51,Male,East India,Basic,173.73,13,1,Mobile,Credit Card,Thriller,11.2,51,0,3,0,0,1,0
CUST103401,33,Male,South India,Standard,491.19,56,5,Laptop,Debit Card,Documentary,7.0,55,1,1,0,1,0,0
CUST103402,22,Male,Central India,Standard,480.02,3,3,Tablet,Credit Card,Action,15.7,5,1,1,1,0,0,0
CUST103403,50,Female,East India,Standard,505.41,13,4,Smart TV,Debit Card,Documentary,13.2,64,2,3,0,0,0,0
CUST103404,58,Female,North India,Premium,802.24,50,1,Mobile,UPI,Drama,12.9,83,1,1,0,0,0,0
CUST103405,16,Female,South India,Premium,779.46,56,3,Smart TV,UPI,Comedy,14.8,89,3,1,1,0,0,1
CUST103406,69,Female,Central India,Basic,200.32,41,3,Mobile,Gift Card,Action,11.9,86,1,3,1,1,0,0
CUST103407,57,Female,West India,Premium,800.86,57,1,Mobile,Credit Card,Kids,9.3,75,1,1,0,1,0,1
CUST103408,32,Male,North India,Basic,201.62,34,2,Smart TV,Gift Card,Documentary,2.7,12,4,4,0,0,1,1
CUST103409,29,Male,West India,Standard,511.81,28,2,Mobile,Net Banking,Documentary,8.2,58,2,4,0,0,0,0
CUST103410,67,Male,North India,Standard,522.48,40,5,Laptop,UPI,Kids,5.4,56,1,3,0,1,0,1
CUST103411,19,Male,East India,Standard,489.79,34,5,Smart TV,Gift Card,Comedy,20.6,81,0,3,1,1,1,0
CUST103412,16,Male,East India,Basic,194.4,32,3,Laptop,Net Banking,Kids,20.0,45,2,2,0,0,0,0
CUST103413,41,Female,West India,Basic,196.4,23,1,Mobile,Debit Card,Comedy,18.6,52,1,4,1,1,0,1
CUST103414,26,Male,West India,Standard,479.47,24,2,Mobile,Credit Card,Kids,7.6,27,1,4,0,1,1,0
CUST103415,15,Male,West India,Basic,183.88,1,3,Smart TV,Net Banking,Action,9.3,68,3,4,1,1,0,0
CUST103416,36,Female,Central India,Basic,207.45,24,2,Laptop,Credit Card,Thriller,6.2,38,3,1,0,1,0,1
CUST103417,49,Female,South India,Standard,527.87,3,1,Laptop,UPI,Romance,2.8,19,2,3,1,0,0,1
CUST103418,28,Male,West India,Standard,483.41,17,2,Smart TV,Debit Card,Comedy,15.0,19,0,2,1,0,0,1
CUST103419,67,Male,East India,Standard,533.4,7,4,Smart TV,UPI,Romance,5.6,49,1,3,1,0,1,1
CUST103420,64,Female,East India,Basic,190.5,10,5,Smart TV,Net Banking,Romance,8.4,13,2,3,1,1,0,1
CUST103421,16,Male,West India,Premium,817.18,19,2,Mobile,Debit Card,Documentary,7.8,14,1,3,0,1,0,1
CUST103422,68,Male,West India,Basic,205.44,24,1,Smart TV,Net Banking,Romance,21.4,35,1,4,0,1,0,0
CUST103423,36,Male,East India,Premium,801.92,9,1,Smart TV,Credit Card,Romance,10.3,29,3,4,0,0,0,1
CUST103424,46,Female,Central India,Standard,492.59,50,4,Mobile,UPI,Documentary,15.1,17,1,3,1,1,0,1
CUST103425,42,Male,North India,Standard,499.24,15,1,Laptop,Credit Card,Thriller,7.9,25,0,3,1,0,0,1
CUST103426,30,Male,East India,Premium,788.34,49,4,Laptop,Debit Card,Thriller,5.9,82,1,3,1,0,1,0
CUST103427,31,Female,North India,Basic,213.19,56,3,Mobile,Gift Card,Comedy,12.4,63,0,4,1,1,0,0
CUST103428,43,Female,West India,Basic,215.77,58,2,Tablet,Credit Card,Thriller,16.2,67,1,2,0,1,0,1
CUST103429,31,Female,South India,Standard,489.24,22,1,Mobile,Debit Card,Romance,6.9,54,1,3,1,0,1,1
CUST103430,61,Male,West India,Basic,174.39,58,5,Mobile,Debit Card,Documentary,14.0,66,0,4,1,0,0,0
CUST103431,58,Female,West India,Standard,494.08,17,2,Tablet,Net Banking,Comedy,8.4,43,1,1,0,1,0,1
CUST103432,31,Male,West India,Basic,228.83,19,4,Smart TV,Credit Card,Romance,0.0,58,3,1,0,1,1,0
CUST103433,34,Female,East India,Premium,802.48,9,2,Laptop,UPI,Action,5.3,11,2,1,0,1,0,1
CUST103434,36,Male,East India,Standard,516.3,57,2,Mobile,Credit Card,Romance,9.8,35,2,2,1,1,0,0
CUST103435,57,Female,South India,Basic,185.08,38,1,Laptop,Net Banking,Drama,11.5,1,1,1,1,0,0,1
CUST103436,24,Male,North India,Premium,791.71,19,5,Laptop,Debit Card,Comedy,13.7,41,1,2,1,1,0,0
CUST103437,42,Male,North India,Basic,194.34,8,3,Smart TV,UPI,Kids,19.0,33,1,1,0,1,0,1
CUST103438,50,Female,North India,Basic,181.43,6,5,Laptop,Gift Card,Action,10.0,30,1,1,1,0,1,0
CUST103439,65,Female,West India,Standard,501.5,49,4,Tablet,UPI,Documentary,1.4,68,0,3,0,1,0,0
CUST103440,43,Male,South India,Standard,486.72,38,5,Smart TV,Credit Card,Comedy,11.3,19,1,3,0,1,0,0
CUST103441,48,Female,West India,Standard,513.23,45,5,Smart TV,UPI,Comedy,7.4,37,2,1,0,0,0,0
CUST103442,31,Male,South India,Standard,500.34,21,4,Laptop,Credit Card,Comedy,3.7,74,1,1,1,1,1,1
CUST103443,60,Female,Central India,Basic,221.21,56,5,Mobile,UPI,Thriller,10.3,88,3,3,1,0,1,0
CUST103444,57,Female,East India,Premium,773.84,29,3,Tablet,Credit Card,Thriller,14.1,3,2,4,1,0,1,1
CUST103445,48,Male,West India,Standard,491.03,34,2,Mobile,Debit Card,Documentary,13.6,84,0,1,0,1,0,0
CUST103446,42,Female,Central India,Basic,192.89,12,3,Smart TV,Debit Card,Action,4.8,61,1,3,1,1,0,0
CUST103447,67,Female,North India,Standard,505.95,39,2,Laptop,Credit Card,Comedy,17.2,0,0,3,1,0,0,1
CUST103448,61,Male,Central India,Standard,492.67,32,2,Smart TV,Credit Card,Drama,13.4,41,1,2,0,1,0,0
CUST103449,67,Male,East India,Basic,224.84,6,5,Mobile,Gift Card,Romance,19.8,50,1,2,0,1,1,0
CUST103450,45,Female,East India,Basic,196.24,17,2,Smart TV,Credit Card,Romance,22.5,36,1,4,1,0,0,0
CUST103451,30,Male,East India,Basic,185.42,32,4,Laptop,Net Banking,Drama,13.7,42,1,2,0,1,1,0
CUST103452,64,Female,Central India,Premium,796.59,60,3,Smart TV,Credit Card,Romance,17.2,61,1,4,0,1,0,0
CUST103453,61,Female,North India,Standard,494.12,8,2,Mobile,Debit Card,Romance,13.1,50,4,4,1,0,1,1
CUST103454,40,Male,West India,Basic,212.92,38,5,Smart TV,UPI,Drama,0.7,52,2,4,0,1,1,1
CUST103455,59,Male,North India,Basic,192.82,29,5,Smart TV,Debit Card,Romance,0.0,0,0,1,1,1,1,1
CUST103456,23,Male,South India,Standard,476.19,31,5,Smart TV,Net Banking,Thriller,6.7,63,0,4,1,0,0,0
CUST103457,69,Male,South India,Standard,501.66,19,1,Mobile,UPI,Documentary,12.4,15,2,3,0,1,1,0
CUST103458,66,Male,West India,Standard,489.24,53,3,Mobile,Debit Card,Comedy,1.0,1,1,3,1,1,1,0
CUST103459,57,Male,East India,Premium,781.68,55,5,Smart TV,Credit Card,Documentary,9.9,1,2,3,1,1,0,0
CUST103460,45,Female,West India,Standard,499.34,9,4,Smart TV,Credit Card,Thriller,14.9,57,1,1,0,1,0,0
CUST103461,29,Female,Central India,Standard,497.02,52,5,Smart TV,UPI,Comedy,0.5,16,3,3,1,1,0,0
CUST103462,18,Male,East India,Standard,495.69,28,1,Mobile,Gift Card,Comedy,15.9,85,3,2,0,0,0,1
CUST103463,16,Female,West India,Premium,802.91,48,3,Mobile,Net Banking,Kids,11.6,79,0,2,0,1,1,0
CUST103464,32,Female,West India,Basic,190.32,50,2,Laptop,Debit Card,Documentary,9.9,76,0,2,0,1,0,1
CUST103465,60,Female,Central India,Basic,200.74,51,3,Smart TV,Debit Card,Drama,2.4,6,1,4,0,0,1,1
CUST103466,59,Female,Central India,Standard,490.16,39,2,Mobile,Net Banking,Drama,14.1,61,1,4,1,1,0,0
CUST103467,39,Male,North India,Basic,211.33,40,2,Mobile,Debit Card,Kids,10.9,16,1,3,0,1,1,0
CUST103468,27,Female,South India,Basic,198.64,53,5,Mobile,UPI,Action,0.0,20,3,1,0,1,0,0
CUST103469,18,Female,West India,Standard,525.25,31,4,Smart TV,Gift Card,Action,11.3,78,0,2,1,1,0,0
CUST103470,59,Male,North India,Basic,191.58,19,4,Smart TV,UPI,Documentary,4.3,63,2,1,1,1,0,0
CUST103471,26,Male,East India,Basic,204.36,33,5,Mobile,Gift Card,Romance,5.8,42,0,2,1,0,0,1
CUST103472,23,Male,East India,Standard,515.95,26,1,Smart TV,Credit Card,Kids,10.6,86,2,2,0,1,0,1
CUST103473,51,Male,South India,Standard,507.04,45,2,Mobile,Gift Card,Comedy,12.7,52,1,1,1,1,0,1
CUST103474,21,Female,East India,Basic,201.11,1,4,Mobile,Gift Card,Thriller,16.4,40,0,2,1,0,0,1
CUST103475,38,Male,South India,Premium,804.04,11,3,Laptop,Gift Card,Thriller,4.9,25,2,2,1,1,1,1
CUST103476,28,Female,East India,Basic,206.61,2,1,Smart TV,Debit Card,Action,10.2,74,0,4,1,0,0,0
CUST103477,17,Female,East India,Standard,503.47,53,5,Laptop,Gift Card,Action,0.0,25,3,4,1,1,1,1
CUST103478,69,Male,West India,Basic,198.78,35,1,Mobile,Net Banking,Thriller,12.4,69,1,3,0,1,1,0
CUST103479,64,Male,Central India,Standard,510.06,13,4,Mobile,Credit Card,Kids,7.6,66,5,1,0,1,1,1
CUST103480,22,Male,West India,Basic,197.73,39,5,Smart TV,Credit Card,Drama,13.2,88,2,1,0,0,0,1
CUST103481,62,Male,North India,Basic,184.23,34,4,Smart TV,Debit Card,Documentary,8.9,78,1,4,0,1,0,1
CUST103482,15,Male,Central India,Basic,229.88,34,2,Smart TV,UPI,Action,6.8,58,0,1,1,1,1,1
CUST103483,25,Male,West India,Standard,512.16,35,1,Smart TV,Net Banking,Action,8.4,20,2,3,0,0,0,1
CUST103484,55,Female,Central India,Standard,485.33,32,2,Mobile,UPI,Thriller,0.0,41,1,4,0,1,0,1
CUST103485,61,Female,Central India,Basic,195.33,45,3,Smart TV,Gift Card,Drama,14.4,69,2,3,0,1,0,1
CUST103486,42,Female,Central India,Premium,790.45,12,2,Laptop,UPI,Thriller,14.8,22,1,1,0,1,0,0
CUST103487,66,Female,East India,Basic,191.53,33,1,Smart TV,Net Banking,Romance,15.0,56,0,1,0,1,0,1
CUST103488,57,Male,Central India,Standard,512.01,18,3,Mobile,Debit Card,Romance,9.4,52,1,2,0,0,0,1
CUST103489,18,Male,East India,Basic,194.03,5,4,Smart TV,Debit Card,Action,16.8,75,4,3,1,1,1,0
CUST103490,29,Female,Central India,Standard,527.74,19,3,Laptop,Gift Card,Kids,5.8,26,1,2,0,1,1,1
CUST103491,57,Female,East India,Premium,772.5,31,1,Mobile,Net Banking,Thriller,4.1,61,1,4,1,0,0,0
CUST103492,63,Female,Central India,Standard,498.55,27,5,Smart TV,Debit Card,Documentary,14.3,78,0,3,1,1,1,1
CUST103493,65,Male,North India,Basic,179.03,42,3,Tablet,Gift Card,Romance,6.7,71,3,1,0,1,0,1
CUST103494,31,Male,West India,Basic,203.91,38,4,Mobile,UPI,Action,19.9,24,2,1,0,0,1,0
CUST103495,54,Male,Central India,Premium,805.71,50,3,Mobile,Net Banking,Action,17.1,42,3,1,0,1,1,0
CUST103496,47,Female,North India,Basic,212.49,15,2,Smart TV,Debit Card,Action,10.3,47,1,1,0,1,1,1
CUST103497,58,Female,West India,Standard,480.59,46,5,Mobile,Net Banking,Action,2.8,60,1,2,0,1,0,1
CUST103498,38,Male,South India,Basic,205.47,56,1,Mobile,Debit Card,Action,5.8,18,3,4,0,1,0,0
CUST103499,63,Male,Central India,Basic,185.9,48,5,Mobile,Debit Card,Comedy,8.9,34,1,1,0,1,0,0
CUST103500,17,Female,South India,Basic,200.44,4,2,Mobile,Net Banking,Comedy,25.9,20,0,3,0,0,0,0
CUST103501,41,Female,West India,Premium,792.37,19,5,Laptop,Debit Card,Thriller,11.4,17,1,4,1,1,0,1
CUST103502,49,Male,West India,Standard,480.03,21,2,Laptop,UPI,Kids,14.2,39,2,4,0,1,0,1
CUST103503,32,Female,Central India,Standard,509.83,40,3,Mobile,Gift Card,Comedy,5.0,73,0,2,0,0,1,1
CUST103504,61,Male,North India,Basic,195.12,57,1,Laptop,Credit Card,Action,10.6,52,3,2,0,1,1,0
CUST103505,33,Male,Central India,Standard,511.86,1,2,Smart TV,Net Banking,Action,5.4,4,0,4,0,1,0,1
CUST103506,22,Female,North India,Standard,512.94,20,2,Smart TV,Net Banking,Action,6.5,21,2,4,1,1,0,1
CUST103507,17,Female,Central India,Standard,518.67,22,3,Mobile,Gift Card,Comedy,0.0,55,2,1,0,1,1,1
CUST103508,48,Female,North India,Basic,191.4,54,2,Laptop,UPI,Comedy,11.9,13,2,2,0,1,0,0
CUST103509,18,Male,East India,Premium,785.07,13,1,Mobile,Credit Card,Kids,14.3,39,3,3,0,0,0,0
CUST103510,38,Female,North India,Standard,517.01,41,4,Mobile,UPI,Drama,1.1,0,2,1,0,1,0,1
CUST103511,16,Female,North India,Premium,800.54,1,5,Mobile,Net Banking,Action,2.9,76,3,1,1,1,1,1
CUST103512,51,Male,West India,Basic,219.23,15,2,Mobile,Credit Card,Kids,1.3,26,1,1,0,1,0,0
CUST103513,51,Male,South India,Basic,181.26,15,5,Laptop,Debit Card,Kids,10.0,48,3,3,1,0,0,0
CUST103514,62,Female,Central India,Basic,209.33,14,5,Mobile,Net Banking,Romance,9.6,57,2,1,0,1,1,0
CUST103515,47,Male,West India,Premium,799.65,5,4,Smart TV,UPI,Drama,15.1,80,3,2,1,1,1,0
CUST103516,13,Male,South India,Basic,198.38,58,2,Mobile,Gift Card,Kids,3.1,71,2,1,0,0,0,1
CUST103517,36,Male,West India,Premium,794.18,49,1,Smart TV,Debit Card,Drama,7.8,25,2,4,0,0,0,0
CUST103518,69,Female,West India,Premium,782.34,6,2,Mobile,Credit Card,Kids,5.4,19,2,1,0,1,0,1
CUST103519,48,Female,Central India,Standard,508.96,41,5,Smart TV,Net Banking,Kids,13.9,82,0,4,1,0,0,1
CUST103520,18,Male,East India,Standard,493.12,31,3,Mobile,Gift Card,Romance,9.9,13,2,4,0,1,0,0
CUST103521,53,Male,West India,Standard,502.17,52,4,Mobile,Gift Card,Drama,6.6,24,0,4,0,1,0,1
CUST103522,66,Male,Central India,Standard,527.99,26,1,Mobile,UPI,Kids,5.2,35,1,1,0,0,0,1
CUST103523,58,Female,North India,Standard,490.95,58,1,Smart TV,Gift Card,Action,12.2,27,1,3,0,1,1,0
CUST103524,56,Male,South India,Standard,494.53,25,5,Mobile,UPI,Comedy,16.6,7,1,3,0,0,1,1
CUST103525,69,Male,Central India,Premium,796.56,51,1,Smart TV,Credit Card,Action,12.0,48,0,3,0,0,0,1
CUST103526,43,Female,East India,Basic,193.09,59,5,Mobile,Net Banking,Comedy,7.9,5,0,2,0,1,0,0
CUST103527,32,Male,Central India,Premium,793.55,55,1,Tablet,Credit Card,Romance,1.7,88,0,4,0,1,0,1
CUST103528,36,Female,Central India,Basic,209.47,53,1,Smart TV,UPI,Kids,17.7,0,2,4,1,1,1,0
CUST103529,37,Female,North India,Basic,218.85,58,5,Mobile,Credit Card,Action,10.0,4,2,1,0,1,0,0
CUST103530,48,Female,South India,Basic,200.95,49,4,Mobile,Net Banking,Romance,14.4,72,0,3,0,0,0,0
CUST103531,33,Male,South India,Basic,210.1,39,1,Mobile,Net Banking,Documentary,14.4,7,1,3,1,1,0,0
CUST103532,42,Male,East India,Premium,796.41,40,2,Laptop,Gift Card,Romance,16.1,87,2,4,1,0,0,1
CUST103533,36,Female,South India,Premium,796.03,15,3,Mobile,UPI,Documentary,19.2,88,1,1,0,1,1,1
CUST103534,56,Male,North India,Premium,793.0,6,5,Laptop,Credit Card,Action,0.0,40,0,3,1,1,0,1
CUST103535,54,Female,East India,Premium,787.53,1,1,Smart TV,Gift Card,Action,10.9,71,1,2,1,1,0,0
CUST103536,42,Male,North India,Basic,217.55,41,4,Laptop,Gift Card,Romance,17.0,84,1,4,1,0,0,0
CUST103537,34,Female,North India,Basic,191.47,7,2,Laptop,Credit Card,Action,10.3,18,1,1,1,0,0,0
CUST103538,40,Female,Central India,Standard,508.17,54,5,Tablet,UPI,Documentary,11.6,2,0,4,1,1,0,0
CUST103539,19,Male,Central India,Premium,786.44,52,2,Mobile,UPI,Romance,10.2,38,1,4,0,0,1,0
CUST103540,47,Male,Central India,Basic,199.69,51,3,Laptop,Net Banking,Romance,8.9,15,3,1,0,1,0,1
CUST103541,67,Male,West India,Premium,798.99,4,4,Mobile,UPI,Romance,3.3,64,2,1,0,1,1,1
CUST103542,40,Male,North India,Standard,486.56,1,5,Mobile,Gift Card,Romance,6.8,73,1,2,0,0,0,1
CUST103543,26,Female,South India,Premium,793.8,41,5,Smart TV,Net Banking,Action,2.9,69,0,1,1,1,1,1
CUST103544,68,Female,East India,Standard,482.97,2,1,Smart TV,Debit Card,Thriller,13.3,68,0,3,1,0,1,1
CUST103545,22,Male,West India,Standard,499.25,48,2,Smart TV,Net Banking,Thriller,13.0,16,4,1,1,1,0,1
CUST103546,28,Male,Central India,Premium,772.59,34,5,Tablet,Gift Card,Thriller,9.6,20,1,2,0,0,0,1
CUST103547,28,Female,West India,Premium,798.13,35,2,Laptop,Credit Card,Action,0.0,61,2,4,1,0,0,1
CUST103548,66,Male,West India,Basic,208.76,46,3,Mobile,Credit Card,Kids,7.8,30,0,3,0,0,0,1
CUST103549,43,Male,North India,Premium,798.81,13,1,Smart TV,Credit Card,Drama,3.1,2,3,3,0,1,1,0
CUST103550,54,Male,North India,Premium,788.5,17,3,Mobile,Gift Card,Drama,3.7,37,1,1,0,1,0,0
CUST103551,37,Male,South India,Basic,189.26,10,1,Smart TV,Net Banking,Romance,11.4,59,1,2,0,1,0,1
CUST103552,25,Female,East India,Basic,217.12,3,1,Smart TV,Credit Card,Comedy,15.4,64,0,4,0,1,1,1
CUST103553,18,Female,East India,Standard,501.37,4,2,Laptop,UPI,Kids,18.0,75,4,3,1,1,1,1
CUST103554,56,Male,Central India,Standard,511.67,25,1,Tablet,Debit Card,Thriller,12.0,15,2,1,1,1,1,0
CUST103555,21,Female,South India,Standard,513.14,37,3,Mobile,Credit Card,Documentary,18.6,88,3,4,0,0,0,1
CUST103556,57,Male,East India,Basic,192.31,43,3,Tablet,Credit Card,Thriller,2.2,81,3,2,0,1,0,1
CUST103557,48,Male,West India,Standard,483.98,38,3,Smart TV,Debit Card,Thriller,4.8,7,0,4,1,1,0,0
CUST103558,68,Male,West India,Standard,508.69,29,2,Mobile,UPI,Comedy,9.5,69,1,4,1,1,0,0
CUST103559,55,Female,East India,Basic,186.14,1,2,Mobile,Debit Card,Kids,13.9,50,0,3,0,1,0,1
CUST103560,32,Female,West India,Standard,490.14,51,4,Smart TV,Credit Card,Thriller,12.9,49,0,3,1,0,0,1
CUST103561,30,Female,West India,Basic,200.55,30,5,Mobile,Credit Card,Drama,14.5,72,0,1,0,0,0,1
CUST103562,55,Female,Central India,Basic,195.23,39,4,Mobile,Net Banking,Documentary,11.0,17,3,3,0,1,0,0
CUST103563,69,Female,West India,Standard,464.29,55,4,Smart TV,Gift Card,Drama,10.3,83,1,4,1,0,0,1
CUST103564,33,Male,East India,Premium,780.48,10,1,Mobile,Net Banking,Thriller,19.8,81,3,3,0,1,1,0
CUST103565,16,Male,North India,Basic,214.13,29,1,Tablet,Net Banking,Action,12.8,28,1,4,0,1,0,1
CUST103566,62,Female,West India,Standard,497.78,44,4,Laptop,Net Banking,Documentary,10.9,74,1,3,0,1,0,0
CUST103567,45,Female,East India,Basic,209.99,32,5,Smart TV,Net Banking,Documentary,10.4,81,1,3,1,1,1,0
CUST103568,39,Female,West India,Basic,186.83,44,4,Mobile,Net Banking,Comedy,5.4,32,2,2,0,0,0,1
CUST103569,19,Male,South India,Standard,482.32,1,2,Smart TV,UPI,Comedy,14.4,2,2,2,1,1,0,0
CUST103570,18,Female,Central India,Standard,509.83,41,3,Smart TV,Gift Card,Documentary,3.3,4,2,2,0,1,0,1
CUST103571,27,Male,North India,Basic,218.45,17,4,Laptop,Gift Card,Documentary,0.0,79,1,2,0,1,1,1
CUST103572,30,Male,West India,Premium,785.91,55,1,Mobile,Gift Card,Kids,20.5,58,2,3,0,1,0,0
CUST103573,44,Female,East India,Basic,214.27,12,5,Smart TV,UPI,Drama,18.8,3,1,4,0,1,1,1
CUST103574,68,Male,North India,Premium,784.35,60,1,Smart TV,UPI,Thriller,12.7,17,0,2,0,0,0,1
CUST103575,23,Male,West India,Premium,774.45,2,2,Mobile,UPI,Romance,12.1,26,3,1,0,1,1,1
CUST103576,32,Female,South India,Standard,507.79,9,1,Mobile,Credit Card,Documentary,8.5,17,1,2,0,0,1,0
CUST103577,36,Male,East India,Basic,184.68,12,1,Smart TV,Gift Card,Kids,7.3,65,1,2,1,1,0,1
CUST103578,27,Female,Central India,Standard,480.85,60,5,Mobile,Debit Card,Action,0.0,5,0,3,0,1,1,0
CUST103579,60,Male,West India,Standard,481.17,25,5,Tablet,Net Banking,Thriller,3.6,82,0,4,0,0,1,1
CUST103580,19,Female,East India,Premium,793.78,57,1,Laptop,Credit Card,Documentary,4.4,10,0,2,0,1,0,1
CUST103581,33,Female,West India,Standard,473.49,36,1,Smart TV,Credit Card,Kids,10.4,37,0,1,0,1,1,1
CUST103582,54,Male,Central India,Standard,507.91,54,4,Smart TV,Net Banking,Comedy,20.4,64,0,1,1,1,0,0
CUST103583,38,Female,South India,Premium,806.22,44,2,Mobile,Credit Card,Comedy,0.8,58,0,3,0,1,1,0
CUST103584,56,Male,Central India,Premium,806.21,50,4,Laptop,UPI,Comedy,13.7,53,0,2,0,1,1,1
CUST103585,68,Male,Central India,Standard,517.12,35,5,Smart TV,Credit Card,Action,14.2,20,1,3,1,1,0,0
CUST103586,26,Female,Central India,Premium,813.56,22,4,Smart TV,Gift Card,Drama,0.0,7,1,1,1,1,1,0
CUST103587,69,Male,North India,Standard,485.39,33,4,Laptop,Gift Card,Thriller,1.3,66,1,4,0,1,1,0
CUST103588,49,Female,East India,Standard,509.11,55,1,Mobile,Debit Card,Drama,11.5,14,1,4,0,1,0,1
CUST103589,33,Male,West India,Standard,515.67,50,1,Smart TV,Gift Card,Drama,11.8,80,1,2,1,1,0,0
CUST103590,30,Male,South India,Standard,511.21,56,2,Smart TV,Net Banking,Drama,17.4,60,0,1,1,0,0,0
CUST103591,17,Female,West India,Basic,212.34,21,3,Mobile,Net Banking,Comedy,12.8,50,0,3,1,0,1,0
CUST103592,15,Male,North India,Standard,496.74,55,3,Mobile,Gift Card,Romance,2.8,40,2,4,0,0,1,0
CUST103593,35,Male,South India,Standard,489.28,40,4,Smart TV,UPI,Thriller,10.1,77,3,3,0,1,1,0
CUST103594,38,Male,North India,Basic,195.48,51,2,Smart TV,Gift Card,Comedy,5.7,16,1,2,0,0,1,1
CUST103595,49,Male,West India,Basic,188.52,22,2,Mobile,UPI,Romance,0.0,38,0,3,1,1,1,1
CUST103596,36,Male,South India,Premium,814.05,28,5,Laptop,Net Banking,Drama,14.3,19,2,2,1,0,0,0
CUST103597,61,Male,West India,Standard,501.8,57,1,Mobile,Gift Card,Kids,13.5,38,1,3,0,0,1,1
CUST103598,31,Male,East India,Basic,211.36,4,5,Smart TV,Debit Card,Kids,9.0,69,1,2,0,1,0,1
CUST103599,63,Male,North India,Premium,777.27,26,3,Mobile,Net Banking,Documentary,20.2,69,0,2,1,1,1,0
CUST103600,37,Female,East India,Premium,792.3,23,2,Mobile,Debit Card,Romance,2.5,76,1,1,1,1,1,0
CUST103601,33,Male,East India,Standard,483.62,48,3,Smart TV,Net Banking,Action,16.0,34,1,1,0,0,0,0
CUST103602,24,Male,West India,Basic,174.61,49,1,Smart TV,Credit Card,Romance,5.5,26,1,4,1,0,0,0
CUST103603,69,Female,West India,Premium,803.5,60,1,Laptop,Credit Card,Kids,12.9,31,1,1,0,0,0,0
CUST103604,53,Female,Central India,Premium,783.03,23,1,Smart TV,Credit Card,Kids,15.8,2,1,1,1,1,0,1
CUST103605,45,Female,Central India,Basic,193.4,41,3,Mobile,Debit Card,Kids,4.9,31,1,4,0,0,0,1
CUST103606,62,Male,South India,Basic,184.43,58,2,Smart TV,UPI,Action,6.3,70,1,4,0,1,0,0
CUST103607,65,Female,West India,Standard,492.89,8,5,Mobile,Net Banking,Kids,12.2,33,1,4,0,0,0,0
CUST103608,16,Female,North India,Standard,507.83,52,2,Mobile,Credit Card,Romance,3.8,20,3,2,0,0,0,1
CUST103609,54,Male,West India,Basic,184.65,32,2,Tablet,Debit Card,Drama,13.8,28,1,2,0,1,0,0
CUST103610,69,Male,West India,Standard,492.19,51,4,Smart TV,Net Banking,Comedy,10.5,3,2,1,0,1,1,1
CUST103611,19,Female,East India,Standard,506.93,39,2,Mobile,Credit Card,Thriller,12.1,67,2,3,0,1,0,0
CUST103612,34,Female,East India,Premium,809.22,44,5,Smart TV,Credit Card,Comedy,5.5,0,0,1,0,0,1,1
CUST103613,67,Male,Central India,Standard,493.09,1,4,Laptop,Credit Card,Thriller,5.2,30,2,4,1,1,0,0
CUST103614,45,Male,South India,Standard,503.43,56,2,Laptop,Debit Card,Documentary,1.6,44,4,2,0,1,0,1
CUST103615,29,Male,South India,Premium,811.26,30,4,Smart TV,UPI,Thriller,11.6,80,1,3,0,0,0,1
CUST103616,36,Male,West India,Basic,183.15,28,2,Smart TV,Credit Card,Thriller,2.7,70,1,2,1,1,0,1
CUST103617,46,Male,North India,Basic,188.29,17,1,Laptop,Credit Card,Documentary,8.1,51,0,4,0,1,1,0
CUST103618,40,Female,East India,Premium,793.39,23,1,Laptop,UPI,Action,14.6,43,0,3,0,1,1,0
CUST103619,55,Male,North India,Basic,205.7,38,2,Smart TV,UPI,Thriller,21.2,49,1,4,1,1,0,0
CUST103620,53,Male,East India,Premium,801.8,58,4,Smart TV,Gift Card,Documentary,12.0,35,0,2,0,1,1,1
CUST103621,51,Male,West India,Basic,199.97,24,5,Mobile,Credit Card,Thriller,10.6,20,1,1,1,1,1,1
CUST103622,34,Male,South India,Basic,183.58,22,1,Mobile,Net Banking,Comedy,2.0,22,1,1,1,0,0,1
CUST103623,61,Male,West India,Premium,812.06,5,4,Tablet,Gift Card,Documentary,7.2,76,2,2,1,1,1,1
CUST103624,29,Female,East India,Standard,491.52,25,5,Tablet,Net Banking,Drama,7.4,33,0,3,1,0,1,0
CUST103625,46,Male,South India,Standard,495.0,52,4,Laptop,UPI,Kids,12.4,68,1,4,1,1,0,1
CUST103626,18,Female,North India,Basic,201.93,7,2,Mobile,Gift Card,Romance,8.0,30,1,3,1,1,0,0
CUST103627,58,Male,North India,Basic,228.59,54,1,Mobile,Debit Card,Thriller,22.4,11,0,4,0,1,0,0
CUST103628,18,Female,Central India,Premium,789.38,58,1,Mobile,Gift Card,Thriller,13.0,27,0,2,1,1,0,0
CUST103629,46,Female,North India,Standard,488.63,22,1,Laptop,Gift Card,Comedy,14.4,47,1,2,1,1,0,1
CUST103630,13,Male,Central India,Standard,493.38,59,2,Mobile,UPI,Comedy,13.0,27,1,1,1,0,1,1
CUST103631,22,Male,South India,Basic,216.41,44,5,Laptop,Credit Card,Drama,4.0,6,2,2,0,1,0,1
CUST103632,33,Male,West India,Standard,501.24,37,5,Smart TV,UPI,Documentary,6.6,33,0,4,1,0,1,1
CUST103633,17,Male,West India,Premium,804.64,34,1,Smart TV,UPI,Kids,7.1,85,0,1,1,1,0,0
CUST103634,14,Male,South India,Premium,811.1,36,5,Tablet,UPI,Drama,17.1,50,1,2,0,1,1,1
CUST103635,34,Female,South India,Standard,515.91,49,1,Laptop,Net Banking,Romance,16.0,87,1,4,1,1,0,0
CUST103636,60,Male,East India,Standard,488.95,57,5,Laptop,Debit Card,Drama,11.9,77,1,1,0,1,0,0
CUST103637,69,Male,North India,Standard,506.84,57,1,Mobile,Net Banking,Action,11.4,79,4,1,1,1,0,0
CUST103638,14,Female,North India,Standard,516.29,40,5,Tablet,Gift Card,Kids,14.0,10,0,1,0,0,0,0
CUST103639,22,Male,North India,Standard,502.09,20,4,Mobile,UPI,Drama,1.0,37,1,1,0,1,0,1
CUST103640,46,Female,Central India,Basic,186.72,37,1,Mobile,Credit Card,Thriller,10.8,41,2,3,1,0,0,1
CUST103641,28,Male,North India,Basic,183.78,17,1,Laptop,UPI,Drama,1.0,6,2,3,0,1,0,1
CUST103642,60,Female,East India,Premium,805.78,52,3,Mobile,Net Banking,Romance,8.5,45,1,2,1,1,0,1
CUST103643,63,Male,West India,Basic,181.71,4,1,Smart TV,Debit Card,Romance,15.4,44,1,3,1,0,1,0
CUST103644,51,Female,West India,Basic,186.8,53,5,Smart TV,Net Banking,Kids,4.3,2,1,1,0,1,0,0
CUST103645,34,Female,Central India,Standard,491.65,50,4,Smart TV,UPI,Comedy,17.9,78,0,3,0,0,1,1
CUST103646,24,Male,East India,Standard,503.21,18,4,Tablet,Debit Card,Comedy,14.4,56,0,4,0,0,1,0
CUST103647,36,Male,South India,Standard,507.75,28,5,Laptop,Credit Card,Kids,10.3,29,2,1,0,1,0,1
CUST103648,59,Male,West India,Standard,488.35,50,2,Mobile,Net Banking,Thriller,9.9,51,1,1,1,0,0,1
CUST103649,52,Female,East India,Premium,779.55,16,1,Mobile,Net Banking,Action,4.1,80,3,2,0,1,0,0
CUST103650,50,Female,South India,Standard,511.24,43,4,Tablet,Gift Card,Drama,3.1,53,0,1,1,0,1,0
CUST103651,22,Female,Central India,Premium,809.13,8,5,Smart TV,Debit Card,Documentary,4.7,47,0,3,0,1,0,0
CUST103652,47,Male,North India,Basic,206.04,44,4,Mobile,Net Banking,Comedy,6.6,83,0,1,0,1,0,1
CUST103653,63,Male,East India,Basic,204.63,18,4,Smart TV,Gift Card,Thriller,12.1,32,3,4,0,1,1,0
CUST103654,61,Female,West India,Standard,493.04,54,5,Mobile,Credit Card,Documentary,4.4,19,3,1,1,1,0,1
CUST103655,44,Male,Central India,Basic,196.34,50,3,Mobile,Net Banking,Kids,7.6,4,0,2,0,1,0,1
CUST103656,19,Female,East India,Basic,200.14,29,4,Smart TV,Net Banking,Drama,14.8,81,2,3,0,0,1,1
CUST103657,33,Male,Central India,Basic,186.36,40,4,Smart TV,UPI,Drama,1.8,82,1,2,0,1,0,1
CUST103658,32,Male,South India,Standard,504.75,16,2,Mobile,Net Banking,Drama,2.0,16,4,2,0,0,1,0
CUST103659,38,Female,East India,Standard,500.79,30,3,Smart TV,Credit Card,Documentary,8.8,86,1,2,0,1,0,1
CUST103660,16,Male,North India,Premium,796.97,49,2,Laptop,Gift Card,Romance,10.5,1,1,4,0,1,0,0
CUST103661,58,Male,South India,Basic,212.69,34,5,Smart TV,Debit Card,Drama,10.0,23,0,3,1,1,0,0
CUST103662,64,Male,North India,Standard,497.48,30,1,Smart TV,Credit Card,Action,17.3,50,1,3,1,1,0,0
CUST103663,34,Male,Central India,Basic,208.89,21,5,Smart TV,Debit Card,Romance,4.7,47,1,1,0,0,0,0
CUST103664,27,Male,North India,Standard,481.17,22,3,Smart TV,Credit Card,Romance,2.4,43,0,1,1,1,0,1
CUST103665,68,Female,South India,Standard,511.6,47,5,Laptop,Gift Card,Documentary,0.0,0,2,3,1,1,0,0
CUST103666,52,Male,South India,Standard,508.06,25,3,Mobile,UPI,Comedy,8.3,51,1,2,0,1,0,1
CUST103667,33,Female,South India,Premium,831.43,22,2,Mobile,Gift Card,Kids,12.1,21,3,3,0,1,0,0
CUST103668,27,Male,Central India,Premium,823.01,56,4,Smart TV,Debit Card,Action,12.4,13,0,1,0,1,0,1
CUST103669,34,Male,West India,Standard,513.05,28,5,Mobile,Debit Card,Romance,8.9,76,3,4,0,1,0,1
CUST103670,64,Female,Central India,Premium,790.92,39,5,Smart TV,Net Banking,Thriller,7.7,75,3,1,1,1,0,0
CUST103671,40,Female,South India,Standard,485.72,33,4,Mobile,UPI,Drama,11.0,70,0,2,0,1,0,0
CUST103672,26,Male,Central India,Premium,788.12,2,5,Mobile,Gift Card,Thriller,11.3,65,1,3,0,1,0,1
CUST103673,39,Male,East India,Standard,506.64,4,5,Smart TV,Gift Card,Comedy,4.0,66,0,1,0,0,0,1
CUST103674,53,Female,East India,Standard,518.41,16,1,Laptop,Debit Card,Thriller,13.5,39,0,3,0,0,1,0
CUST103675,52,Female,West India,Standard,480.84,12,1,Smart TV,UPI,Romance,13.6,35,1,2,1,1,0,0
CUST103676,40,Female,Central India,Basic,186.35,17,4,Mobile,Gift Card,Comedy,0.5,76,0,1,0,1,0,1
CUST103677,38,Female,Central India,Standard,499.5,56,2,Laptop,UPI,Thriller,7.1,57,1,2,1,1,1,0
CUST103678,61,Male,East India,Premium,781.97,36,5,Smart TV,UPI,Comedy,3.4,38,0,4,1,1,0,1
CUST103679,14,Male,South India,Standard,492.66,16,5,Mobile,Gift Card,Documentary,9.0,36,2,4,1,1,0,0
CUST103680,37,Male,North India,Basic,217.67,39,2,Smart TV,UPI,Romance,5.9,13,3,2,0,0,1,1
CUST103681,68,Male,South India,Standard,509.82,23,5,Mobile,Credit Card,Documentary,11.0,63,0,4,0,0,1,0
CUST103682,15,Male,West India,Premium,811.44,8,2,Mobile,Debit Card,Kids,3.1,25,1,1,0,0,0,1
CUST103683,20,Female,North India,Premium,784.23,57,4,Laptop,UPI,Kids,12.4,39,1,3,0,0,0,0
CUST103684,56,Female,South India,Standard,472.81,9,4,Smart TV,UPI,Thriller,24.0,6,0,1,0,1,0,0
CUST103685,45,Female,Central India,Premium,792.56,14,2,Smart TV,Credit Card,Action,11.8,7,1,1,0,0,0,1
CUST103686,54,Male,Central India,Premium,764.09,55,2,Mobile,Net Banking,Action,17.6,78,0,1,0,0,1,1
CUST103687,64,Female,East India,Basic,205.79,9,3,Mobile,UPI,Documentary,8.8,4,0,3,0,1,0,1
CUST103688,47,Male,Central India,Premium,810.21,47,1,Tablet,Gift Card,Drama,3.7,42,1,3,0,1,0,1
CUST103689,18,Male,Central India,Basic,187.22,53,1,Mobile,Net Banking,Drama,7.7,35,1,2,0,1,1,1
CUST103690,51,Male,West India,Standard,507.73,26,5,Smart TV,Net Banking,Action,13.2,58,1,2,0,1,1,1
CUST103691,64,Female,North India,Standard,507.65,36,5,Smart TV,Credit Card,Romance,9.7,2,1,4,0,1,0,0
CUST103692,35,Male,South India,Standard,482.18,3,2,Mobile,Gift Card,Thriller,7.8,61,3,2,1,1,0,1
CUST103693,37,Male,South India,Standard,493.0,54,2,Tablet,Net Banking,Action,14.3,21,1,2,0,1,0,0
CUST103694,62,Female,West India,Standard,491.98,10,1,Mobile,UPI,Kids,9.4,21,2,3,0,0,1,1
CUST103695,55,Male,North India,Premium,812.99,59,5,Smart TV,Credit Card,Documentary,0.3,37,0,4,0,1,1,1
CUST103696,31,Female,Central India,Premium,809.99,25,1,Laptop,Credit Card,Thriller,13.5,49,0,4,1,1,1,0
CUST103697,17,Male,West India,Premium,807.58,4,4,Laptop,Credit Card,Documentary,11.3,86,0,3,1,0,0,0
CUST103698,63,Female,Central India,Standard,490.58,30,1,Laptop,Debit Card,Action,16.7,52,2,1,1,0,1,1
CUST103699,23,Male,South India,Basic,219.49,50,1,Laptop,Net Banking,Action,12.2,84,1,1,0,1,0,0
CUST103700,68,Male,West India,Standard,501.72,11,2,Smart TV,Gift Card,Documentary,6.3,3,3,2,0,1,0,0
CUST103701,24,Female,West India,Premium,806.43,51,5,Laptop,Gift Card,Thriller,11.8,78,0,4,1,0,0,1
CUST103702,22,Male,West India,Basic,224.96,19,4,Tablet,Debit Card,Thriller,9.2,20,4,4,0,1,0,1
CUST103703,20,Female,South India,Premium,808.94,50,1,Smart TV,UPI,Comedy,11.1,19,1,3,1,1,0,1
CUST103704,36,Male,South India,Premium,797.2,13,1,Smart TV,Net Banking,Documentary,16.3,83,0,2,0,1,1,1
CUST103705,40,Female,East India,Standard,491.53,57,2,Smart TV,Credit Card,Action,7.5,24,2,3,0,1,0,0
CUST103706,53,Male,South India,Standard,472.99,36,3,Mobile,Debit Card,Documentary,8.2,44,1,2,0,1,0,1
CUST103707,48,Male,South India,Standard,475.5,3,5,Mobile,Debit Card,Documentary,0.0,63,1,3,1,1,0,1
CUST103708,49,Male,Central India,Standard,511.84,48,5,Mobile,Net Banking,Drama,20.0,60,2,3,0,1,1,0
CUST103709,33,Female,South India,Standard,469.36,14,5,Laptop,Gift Card,Comedy,9.9,52,3,3,0,1,0,1
CUST103710,20,Female,North India,Premium,814.17,10,1,Smart TV,Net Banking,Thriller,6.3,67,1,1,1,1,0,0
CUST103711,67,Female,Central India,Standard,511.05,38,1,Laptop,Gift Card,Romance,15.6,55,1,2,1,1,0,0
CUST103712,21,Female,East India,Premium,786.03,40,1,Laptop,Net Banking,Drama,17.7,57,0,3,0,1,0,1
CUST103713,59,Female,North India,Premium,801.72,27,3,Mobile,Gift Card,Comedy,0.8,72,1,3,1,1,1,1
CUST103714,27,Male,East India,Basic,207.64,24,1,Mobile,Debit Card,Drama,6.5,36,2,1,1,1,0,0
CUST103715,60,Male,West India,Basic,200.38,16,5,Smart TV,Gift Card,Comedy,11.6,4,1,1,0,1,1,1
CUST103716,58,Male,West India,Premium,817.47,10,5,Tablet,Net Banking,Romance,3.3,17,0,3,0,1,1,1
CUST103717,52,Male,West India,Basic,178.12,54,2,Laptop,UPI,Romance,6.5,32,1,3,1,1,1,0
CUST103718,30,Male,South India,Standard,506.56,53,3,Laptop,Net Banking,Comedy,2.3,12,0,1,1,1,1,1
CUST103719,54,Female,South India,Standard,489.87,27,4,Laptop,Debit Card,Kids,10.2,32,1,3,0,1,1,1
CUST103720,32,Male,Central India,Basic,172.93,7,1,Smart TV,Gift Card,Documentary,4.0,39,3,3,0,0,0,0
CUST103721,18,Female,North India,Basic,181.6,51,4,Mobile,Gift Card,Comedy,24.7,65,1,2,1,1,0,0
CUST103722,24,Male,North India,Premium,791.13,28,1,Mobile,Gift Card,Romance,20.3,11,0,4,1,1,0,0
CUST103723,14,Female,West India,Standard,499.35,26,3,Smart TV,Debit Card,Action,3.4,46,3,3,1,1,0,1
CUST103724,19,Female,West India,Standard,485.48,18,3,Mobile,Net Banking,Romance,0.0,47,0,2,1,1,0,1
CUST103725,28,Female,South India,Premium,791.41,13,5,Laptop,Gift Card,Action,1.1,22,0,1,1,0,0,0
CUST103726,15,Male,East India,Basic,193.06,8,3,Mobile,UPI,Action,7.1,39,3,4,0,1,0,1
CUST103727,57,Male,North India,Basic,185.81,27,4,Mobile,UPI,Action,11.0,4,2,1,1,1,1,1
CUST103728,15,Male,North India,Premium,790.5,60,4,Laptop,Credit Card,Romance,2.0,35,1,3,0,0,0,1
CUST103729,39,Male,East India,Premium,807.59,14,3,Smart TV,UPI,Drama,8.2,30,1,4,0,1,1,1
CUST103730,62,Female,North India,Standard,523.73,41,4,Mobile,Credit Card,Thriller,8.5,22,2,4,0,0,1,0
CUST103731,55,Female,North India,Premium,802.13,44,1,Tablet,Gift Card,Thriller,2.7,15,0,4,1,1,0,1
CUST103732,52,Female,South India,Premium,800.97,6,2,Smart TV,Debit Card,Romance,18.3,71,1,2,1,1,0,1
CUST103733,50,Female,North India,Basic,197.79,20,5,Smart TV,Debit Card,Kids,11.9,8,0,3,0,1,0,0
CUST103734,45,Male,West India,Basic,193.14,54,2,Tablet,Debit Card,Comedy,12.7,53,0,3,0,0,0,1
CUST103735,40,Female,West India,Premium,807.64,28,4,Mobile,Gift Card,Thriller,24.5,65,1,2,0,0,0,1
CUST103736,13,Male,Central India,Basic,213.75,23,5,Laptop,Gift Card,Drama,3.4,17,1,2,0,1,0,0
CUST103737,67,Female,South India,Basic,181.58,12,2,Laptop,Net Banking,Romance,15.5,46,3,1,0,1,0,0
CUST103738,20,Female,South India,Premium,814.57,24,2,Mobile,UPI,Action,20.0,82,2,1,1,0,1,0
CUST103739,49,Female,West India,Standard,523.38,51,4,Smart TV,Gift Card,Action,19.1,36,0,4,0,1,0,1
CUST103740,44,Male,South India,Standard,483.89,44,5,Laptop,UPI,Action,13.9,39,2,4,0,1,0,1
CUST103741,60,Male,South India,Basic,212.81,22,5,Laptop,Debit Card,Thriller,0.0,71,2,3,1,1,1,0
CUST103742,55,Female,Central India,Standard,523.53,26,2,Laptop,UPI,Romance,12.0,80,1,4,1,1,1,0
CUST103743,49,Female,East India,Standard,509.74,22,5,Mobile,Net Banking,Romance,6.6,68,1,4,0,0,0,0
CUST103744,16,Female,North India,Basic,196.36,58,5,Mobile,Debit Card,Thriller,11.3,71,0,2,1,0,0,1
CUST103745,42,Male,Central India,Basic,210.68,7,1,Smart TV,UPI,Documentary,16.2,73,1,4,0,1,0,1
CUST103746,18,Male,East India,Standard,486.81,15,4,Smart TV,Net Banking,Documentary,12.1,2,0,1,1,1,1,0
CUST103747,58,Male,North India,Premium,794.31,48,4,Tablet,UPI,Thriller,3.2,66,3,4,0,0,0,0
CUST103748,66,Female,West India,Premium,788.01,30,1,Smart TV,Net Banking,Kids,1.7,37,0,4,1,0,0,1
CUST103749,31,Male,East India,Basic,178.79,4,2,Mobile,UPI,Kids,5.3,26,1,3,0,0,1,1
CUST103750,44,Female,North India,Standard,499.62,6,3,Mobile,Debit Card,Kids,9.4,15,3,3,0,0,0,0
CUST103751,21,Male,Central India,Premium,803.56,48,2,Mobile,Debit Card,Action,18.2,14,2,3,1,1,0,1
CUST103752,24,Female,North India,Premium,808.94,47,1,Mobile,Credit Card,Thriller,11.6,71,1,2,0,1,0,1
CUST103753,23,Female,South India,Standard,431.82,2,5,Smart TV,Net Banking,Drama,9.3,48,1,1,1,1,0,1
CUST103754,58,Male,North India,Basic,201.74,31,1,Mobile,UPI,Documentary,8.8,27,0,1,1,0,0,1
CUST103755,67,Female,West India,Premium,800.18,24,4,Laptop,UPI,Action,8.9,78,0,2,0,1,0,0
CUST103756,28,Female,Central India,Basic,182.64,35,5,Smart TV,UPI,Romance,15.1,59,0,1,0,1,1,0
CUST103757,13,Female,East India,Basic,192.33,47,2,Laptop,Gift Card,Documentary,3.7,23,2,1,1,1,0,1
CUST103758,57,Male,North India,Standard,510.31,31,5,Smart TV,Net Banking,Kids,16.8,68,0,1,0,1,0,0
CUST103759,67,Female,Central India,Premium,800.46,25,4,Smart TV,UPI,Comedy,14.5,69,0,2,0,1,0,0
CUST103760,65,Male,West India,Basic,198.73,8,1,Smart TV,Credit Card,Comedy,8.4,59,0,1,0,1,0,0
CUST103761,33,Male,East India,Standard,512.39,12,2,Tablet,Debit Card,Comedy,26.4,54,0,4,0,1,0,0
CUST103762,42,Female,North India,Basic,233.72,54,3,Laptop,Gift Card,Kids,16.2,4,0,2,0,1,0,0
CUST103763,25,Male,West India,Premium,795.36,58,3,Smart TV,Gift Card,Kids,8.9,24,0,2,1,1,0,1
CUST103764,46,Female,South India,Standard,502.7,2,1,Smart TV,Debit Card,Thriller,14.6,39,2,4,0,1,0,1
CUST103765,16,Male,Central India,Basic,185.63,15,2,Mobile,Gift Card,Documentary,8.2,6,3,4,0,1,1,0
CUST103766,40,Female,Central India,Basic,231.17,40,2,Laptop,Credit Card,Romance,5.5,30,2,4,0,1,0,1
CUST103767,50,Male,North India,Standard,490.9,59,5,Tablet,Credit Card,Drama,7.1,60,3,3,0,0,1,0
CUST103768,43,Female,West India,Basic,171.88,32,1,Mobile,Debit Card,Documentary,10.0,2,1,1,0,1,1,0
CUST103769,67,Female,East India,Basic,208.33,54,5,Smart TV,Net Banking,Romance,0.0,51,2,2,0,0,0,0
CUST103770,39,Female,East India,Standard,474.85,11,1,Smart TV,Gift Card,Kids,1.6,81,0,2,0,1,0,1
CUST103771,17,Female,East India,Standard,518.43,17,4,Laptop,UPI,Kids,12.4,63,1,3,1,1,0,0
CUST103772,37,Male,East India,Standard,507.84,54,1,Mobile,UPI,Action,7.7,64,1,1,1,1,0,0
CUST103773,15,Male,North India,Basic,183.58,21,5,Mobile,Credit Card,Thriller,21.9,55,0,1,0,1,1,0
CUST103774,45,Female,North India,Standard,509.06,22,2,Mobile,Net Banking,Documentary,14.0,28,1,2,1,1,0,1
CUST103775,16,Male,Central India,Standard,493.99,33,1,Mobile,Net Banking,Thriller,12.6,58,2,1,1,1,0,1
CUST103776,37,Female,West India,Basic,205.4,52,2,Laptop,Gift Card,Thriller,12.9,39,1,4,0,1,0,1
CUST103777,32,Female,South India,Standard,479.78,55,4,Mobile,Gift Card,Romance,8.9,32,1,1,1,0,0,1
CUST103778,46,Male,North India,Basic,178.86,29,3,Smart TV,Debit Card,Drama,14.4,87,0,1,0,1,0,1
CUST103779,38,Male,East India,Premium,803.77,15,3,Laptop,Credit Card,Action,9.7,34,4,2,1,1,1,0
CUST103780,17,Female,South India,Standard,527.26,21,5,Mobile,Debit Card,Romance,12.0,70,3,2,0,1,1,1
CUST103781,47,Male,Central India,Standard,489.32,54,1,Mobile,Debit Card,Drama,8.6,67,1,4,1,1,1,0
CUST103782,40,Female,East India,Basic,188.19,2,4,Tablet,Net Banking,Kids,17.1,34,0,1,0,1,0,0
CUST103783,41,Male,West India,Basic,193.92,56,4,Smart TV,Gift Card,Drama,5.3,33,2,4,0,1,0,0
CUST103784,21,Male,South India,Standard,479.15,42,2,Mobile,UPI,Thriller,0.0,73,1,1,0,1,1,1
CUST103785,64,Male,Central India,Standard,507.29,52,5,Mobile,Debit Card,Thriller,7.1,73,0,1,1,1,1,0
CUST103786,50,Male,North India,Basic,212.53,38,4,Tablet,Credit Card,Drama,19.2,19,3,4,0,1,0,1
CUST103787,62,Male,West India,Basic,206.23,3,1,Mobile,Debit Card,Kids,15.0,43,0,2,0,0,1,0
CUST103788,18,Female,East India,Basic,196.45,25,4,Laptop,UPI,Comedy,17.1,80,1,3,0,1,0,1
CUST103789,31,Male,South India,Standard,483.63,13,3,Mobile,UPI,Comedy,10.8,40,1,1,0,0,1,0
CUST103790,56,Male,Central India,Basic,229.95,24,5,Mobile,Credit Card,Drama,10.8,76,1,4,0,1,0,0
CUST103791,69,Female,South India,Standard,486.14,31,2,Laptop,UPI,Thriller,6.3,6,0,3,1,1,1,0
CUST103792,23,Female,West India,Basic,185.78,15,1,Mobile,UPI,Thriller,6.6,21,0,1,1,0,0,1
CUST103793,14,Female,North India,Standard,472.12,6,3,Mobile,UPI,Action,10.2,10,3,1,0,1,0,0
CUST103794,59,Male,North India,Basic,177.67,41,4,Smart TV,Debit Card,Thriller,10.1,12,2,1,0,1,0,0
CUST103795,56,Male,West India,Standard,504.24,10,5,Smart TV,Credit Card,Kids,9.4,22,1,3,0,1,1,1
CUST103796,56,Female,East India,Basic,192.6,9,5,Mobile,Debit Card,Romance,11.8,73,2,4,0,1,1,1
CUST103797,21,Female,South India,Basic,186.04,50,1,Smart TV,Credit Card,Documentary,7.4,27,2,2,0,1,0,0
CUST103798,33,Female,East India,Standard,487.03,41,2,Mobile,UPI,Kids,12.4,16,2,2,0,1,0,0
CUST103799,36,Female,Central India,Standard,491.29,56,3,Mobile,UPI,Documentary,17.9,46,0,2,1,0,0,0
CUST103800,46,Male,East India,Standard,489.03,50,2,Mobile,Gift Card,Thriller,22.1,21,3,3,0,1,0,0
CUST103801,34,Male,West India,Premium,820.04,41,1,Tablet,UPI,Romance,5.8,48,1,2,0,1,0,1
CUST103802,15,Male,North India,Premium,793.42,5,1,Mobile,Credit Card,Drama,17.3,39,1,1,1,1,0,1
CUST103803,24,Male,West India,Basic,201.19,45,3,Smart TV,Net Banking,Kids,14.8,83,1,4,0,1,0,0
CUST103804,40,Male,West India,Premium,799.89,44,5,Mobile,Credit Card,Kids,17.3,5,0,1,0,1,0,1
CUST103805,42,Female,South India,Standard,500.4,41,5,Mobile,UPI,Documentary,22.1,81,1,3,1,0,0,0
CUST103806,38,Male,West India,Basic,193.44,19,3,Mobile,UPI,Thriller,19.1,25,0,2,0,1,1,1
CUST103807,60,Female,Central India,Premium,791.89,20,2,Smart TV,Net Banking,Romance,2.6,46,0,2,0,1,0,0
CUST103808,33,Female,South India,Premium,808.65,33,3,Mobile,UPI,Thriller,10.5,65,2,3,0,1,0,0
CUST103809,40,Female,South India,Premium,802.3,43,5,Smart TV,Gift Card,Documentary,5.2,44,0,4,1,1,1,0
CUST103810,68,Male,East India,Basic,187.62,37,2,Tablet,Net Banking,Thriller,11.5,30,3,1,1,0,0,0
CUST103811,38,Female,West India,Basic,156.1,31,4,Mobile,Debit Card,Drama,22.4,49,1,3,0,1,0,0
CUST103812,45,Male,East India,Standard,489.9,39,2,Laptop,Gift Card,Kids,14.3,12,0,1,1,1,0,1
CUST103813,33,Female,East India,Standard,478.6,13,5,Mobile,Credit Card,Comedy,10.7,37,3,1,0,1,0,1
CUST103814,47,Male,South India,Basic,185.15,55,1,Mobile,Gift Card,Kids,5.6,24,3,1,0,1,0,0
CUST103815,64,Female,East India,Premium,779.17,38,2,Mobile,Gift Card,Documentary,8.1,28,2,1,1,1,1,0
CUST103816,46,Male,East India,Standard,516.39,45,2,Smart TV,UPI,Documentary,16.8,34,2,2,0,0,0,0
CUST103817,53,Female,South India,Standard,516.29,6,1,Mobile,Debit Card,Romance,5.2,27,1,4,0,1,0,0
CUST103818,63,Female,South India,Standard,510.37,47,5,Laptop,Net Banking,Thriller,19.2,82,1,2,0,0,0,0
CUST103819,59,Female,North India,Standard,493.99,8,4,Mobile,Gift Card,Drama,15.0,18,1,3,0,1,1,0
CUST103820,30,Female,West India,Basic,189.01,43,4,Smart TV,UPI,Documentary,3.1,6,2,3,1,1,0,1
CUST103821,23,Male,North India,Premium,776.58,10,3,Smart TV,Gift Card,Thriller,18.9,48,2,2,1,1,0,0
CUST103822,69,Male,South India,Standard,512.72,41,4,Mobile,Debit Card,Romance,2.1,82,1,1,0,1,0,1
CUST103823,35,Male,Central India,Basic,212.03,4,4,Smart TV,Net Banking,Thriller,0.3,71,2,2,0,0,0,0
CUST103824,60,Female,East India,Premium,806.39,14,2,Mobile,UPI,Kids,13.9,13,1,4,1,1,1,0
CUST103825,34,Female,East India,Premium,782.37,4,3,Mobile,Gift Card,Kids,15.8,7,1,3,0,0,0,1
CUST103826,29,Female,South India,Premium,793.94,24,4,Laptop,Debit Card,Thriller,8.2,65,1,1,0,1,0,0
CUST103827,17,Female,East India,Premium,797.21,47,2,Mobile,Credit Card,Action,5.5,63,3,2,0,0,0,1
CUST103828,56,Female,North India,Standard,472.5,21,3,Laptop,Credit Card,Action,8.8,23,1,2,0,1,0,1
CUST103829,23,Female,East India,Premium,820.43,10,2,Mobile,Debit Card,Romance,11.9,14,1,1,1,1,0,0
CUST103830,42,Male,Central India,Basic,178.72,46,1,Mobile,Net Banking,Drama,10.7,71,0,1,0,0,0,0
CUST103831,27,Male,West India,Premium,787.31,25,5,Mobile,Gift Card,Comedy,5.8,2,1,3,0,0,1,1
CUST103832,39,Male,North India,Standard,472.42,6,5,Smart TV,Gift Card,Action,2.6,10,2,3,0,1,1,1
CUST103833,47,Male,West India,Basic,195.95,16,5,Mobile,Debit Card,Drama,7.8,70,6,3,0,1,1,1
CUST103834,45,Male,West India,Standard,495.27,57,4,Mobile,Gift Card,Thriller,4.0,38,0,1,1,0,0,0
CUST103835,32,Male,Central India,Standard,513.7,44,5,Smart TV,Net Banking,Thriller,12.7,4,2,3,0,1,1,0
CUST103836,28,Male,Central India,Standard,484.79,28,5,Mobile,Debit Card,Comedy,16.9,20,1,2,1,1,0,0
CUST103837,46,Male,Central India,Basic,182.72,36,3,Laptop,Credit Card,Documentary,6.5,21,2,4,1,1,0,1
CUST103838,14,Female,Central India,Premium,800.2,33,3,Smart TV,Credit Card,Action,15.6,37,1,3,1,1,0,0
CUST103839,47,Female,North India,Basic,167.87,30,3,Smart TV,UPI,Romance,19.6,6,0,2,0,1,0,0
CUST103840,52,Female,Central India,Standard,518.97,36,4,Laptop,Credit Card,Action,5.8,89,2,4,0,1,0,1
CUST103841,68,Female,North India,Premium,779.18,25,5,Mobile,Gift Card,Romance,12.1,52,0,2,0,1,1,0
CUST103842,40,Female,East India,Standard,526.25,13,4,Mobile,Net Banking,Romance,10.1,52,0,4,1,1,0,1
CUST103843,59,Female,West India,Standard,487.12,39,4,Mobile,Net Banking,Romance,3.2,42,2,1,0,0,0,1
CUST103844,51,Female,East India,Basic,177.6,15,4,Mobile,UPI,Thriller,10.0,50,2,2,0,0,1,1
CUST103845,18,Male,East India,Standard,507.75,38,4,Mobile,Gift Card,Drama,7.3,3,3,1,1,1,0,0
CUST103846,21,Male,South India,Premium,806.88,30,4,Smart TV,Debit Card,Kids,6.7,17,1,1,0,1,1,0
CUST103847,32,Female,East India,Premium,807.25,14,4,Smart TV,UPI,Comedy,8.5,1,0,2,0,1,1,0
CUST103848,13,Male,East India,Standard,500.51,50,5,Mobile,Gift Card,Comedy,6.9,57,0,1,0,1,0,1
CUST103849,20,Male,South India,Basic,232.6,4,3,Mobile,Debit Card,Documentary,17.9,32,1,2,0,0,0,0
CUST103850,67,Male,East India,Basic,178.76,1,2,Mobile,Credit Card,Documentary,0.0,64,2,2,1,0,1,0
CUST103851,35,Male,South India,Basic,219.42,3,2,Mobile,Credit Card,Romance,4.4,62,2,3,1,1,0,1
CUST103852,15,Male,North India,Standard,474.87,45,2,Smart TV,Debit Card,Kids,9.5,88,3,4,0,0,0,1
CUST103853,16,Female,West India,Basic,223.78,50,1,Smart TV,UPI,Drama,5.0,89,2,2,0,1,1,1
CUST103854,37,Male,Central India,Basic,204.29,36,3,Mobile,Debit Card,Drama,14.1,30,2,2,0,1,0,0
CUST103855,59,Female,East India,Standard,522.39,4,5,Laptop,Gift Card,Comedy,11.7,79,1,4,0,1,1,0
CUST103856,50,Female,North India,Basic,212.38,43,4,Smart TV,Debit Card,Thriller,9.2,67,1,1,0,0,0,1
CUST103857,27,Female,West India,Standard,466.38,14,2,Smart TV,Gift Card,Drama,10.5,12,0,1,1,0,0,1
CUST103858,33,Male,North India,Premium,793.93,25,3,Mobile,Gift Card,Romance,9.7,26,0,1,0,1,1,1
CUST103859,47,Female,South India,Standard,480.2,39,5,Mobile,Credit Card,Kids,3.8,56,3,1,1,0,1,1
CUST103860,69,Female,North India,Premium,821.41,3,2,Laptop,Gift Card,Romance,13.8,13,2,1,1,0,0,0
CUST103861,65,Female,East India,Premium,811.01,7,3,Tablet,Net Banking,Drama,2.8,51,0,2,0,0,1,1
CUST103862,65,Female,East India,Basic,201.27,8,5,Laptop,Credit Card,Documentary,10.6,62,1,3,0,1,0,0
CUST103863,58,Male,Central India,Basic,192.81,44,3,Mobile,Credit Card,Documentary,11.4,79,2,3,0,1,0,1
CUST103864,64,Female,Central India,Basic,205.35,7,4,Mobile,Debit Card,Kids,7.3,72,2,3,0,0,0,1
CUST103865,26,Female,East India,Basic,184.63,56,3,Smart TV,Gift Card,Documentary,6.7,8,3,1,0,1,0,0
CUST103866,48,Female,North India,Standard,503.22,48,3,Laptop,Debit Card,Thriller,6.7,38,0,4,0,1,0,1
CUST103867,24,Female,East India,Premium,797.15,25,1,Mobile,Gift Card,Comedy,0.1,6,3,4,0,1,1,0
CUST103868,29,Male,North India,Premium,786.75,17,4,Laptop,Credit Card,Thriller,20.8,56,1,3,0,0,0,1
CUST103869,51,Female,East India,Basic,209.43,26,3,Smart TV,Net Banking,Documentary,14.2,54,2,2,1,1,1,0
CUST103870,21,Female,West India,Premium,827.29,54,4,Laptop,Credit Card,Action,11.1,6,0,1,1,0,0,1
CUST103871,47,Female,North India,Basic,177.57,4,3,Smart TV,UPI,Action,5.8,82,0,2,1,0,1,0
CUST103872,25,Female,South India,Premium,813.17,49,4,Smart TV,Debit Card,Comedy,9.3,79,0,3,0,1,0,0
CUST103873,27,Female,South India,Basic,186.89,18,5,Mobile,Net Banking,Documentary,7.2,15,1,4,0,0,1,1
CUST103874,30,Female,Central India,Basic,207.76,58,2,Laptop,Debit Card,Kids,19.9,46,1,2,1,0,0,1
CUST103875,63,Male,West India,Standard,489.74,4,1,Laptop,Gift Card,Documentary,0.0,62,0,2,1,1,0,0
CUST103876,45,Female,South India,Premium,794.5,17,2,Laptop,Debit Card,Thriller,1.4,78,2,1,1,1,1,1
CUST103877,18,Male,East India,Basic,195.99,47,3,Mobile,Credit Card,Comedy,0.3,32,0,4,0,1,1,1
CUST103878,39,Male,South India,Basic,219.42,54,3,Smart TV,Credit Card,Thriller,14.6,20,2,4,0,1,0,0
CUST103879,35,Female,East India,Premium,797.62,17,5,Tablet,Debit Card,Romance,5.8,38,1,1,0,1,1,1
CUST103880,39,Male,West India,Premium,793.91,45,3,Smart TV,Gift Card,Kids,13.0,28,1,3,0,1,0,0
CUST103881,46,Female,Central India,Basic,197.76,25,4,Mobile,Gift Card,Documentary,9.8,15,3,3,0,1,1,0
CUST103882,68,Male,South India,Standard,527.44,58,2,Laptop,Net Banking,Kids,15.9,44,4,4,0,0,0,1
CUST103883,58,Female,Central India,Basic,207.4,3,3,Mobile,Credit Card,Romance,15.4,86,4,2,1,1,1,0
CUST103884,50,Male,West India,Standard,489.84,12,5,Mobile,Debit Card,Drama,11.0,70,1,2,0,1,1,0
CUST103885,26,Male,North India,Standard,521.47,27,1,Smart TV,Net Banking,Action,15.4,31,1,2,1,0,0,1
CUST103886,48,Female,West India,Standard,501.71,17,2,Mobile,UPI,Documentary,3.3,42,1,4,1,1,0,1
CUST103887,65,Male,West India,Standard,486.06,54,5,Mobile,Net Banking,Drama,0.0,29,0,1,1,1,0,1
CUST103888,20,Male,West India,Standard,504.91,22,5,Smart TV,UPI,Action,12.5,9,1,3,1,1,0,1
CUST103889,47,Male,North India,Standard,496.75,39,2,Smart TV,UPI,Drama,9.6,14,0,1,0,0,0,1
CUST103890,31,Male,North India,Standard,448.27,39,5,Tablet,Net Banking,Comedy,5.2,12,2,2,1,1,0,0
CUST103891,42,Male,West India,Standard,503.96,58,1,Laptop,Credit Card,Drama,8.6,57,0,3,0,0,1,0
CUST103892,26,Female,North India,Standard,482.87,43,1,Laptop,Net Banking,Kids,0.0,85,1,4,0,1,0,0
CUST103893,32,Male,East India,Basic,179.91,48,3,Smart TV,Net Banking,Drama,5.8,22,1,1,0,1,0,0
CUST103894,61,Male,West India,Standard,469.85,36,4,Mobile,Credit Card,Romance,18.3,52,0,3,0,1,0,0
CUST103895,37,Female,South India,Premium,800.92,16,3,Smart TV,Credit Card,Comedy,14.9,33,1,4,0,1,0,0
CUST103896,52,Female,East India,Standard,496.79,37,4,Smart TV,Credit Card,Drama,15.3,69,1,1,1,1,0,1
CUST103897,36,Female,West India,Standard,513.24,51,2,Smart TV,Credit Card,Action,7.9,44,3,3,1,1,0,0
CUST103898,26,Male,South India,Basic,187.04,54,5,Mobile,Credit Card,Drama,13.7,31,0,1,0,1,1,1
CUST103899,38,Male,South India,Standard,491.78,29,3,Mobile,Credit Card,Kids,18.9,52,0,3,0,1,0,1
CUST103900,50,Male,Central India,Basic,228.69,14,5,Smart TV,Net Banking,Kids,16.0,75,1,3,0,1,0,1
CUST103901,35,Male,Central India,Premium,769.38,7,3,Mobile,Debit Card,Drama,14.5,30,1,3,0,0,0,0
CUST103902,34,Female,South India,Standard,517.24,41,3,Laptop,Debit Card,Comedy,0.0,43,1,3,1,1,1,0
CUST103903,60,Female,West India,Basic,187.3,57,1,Smart TV,Debit Card,Action,13.8,78,0,4,1,0,1,1
CUST103904,69,Male,West India,Standard,545.72,28,4,Laptop,Net Banking,Comedy,8.5,75,1,2,0,1,0,1
CUST103905,31,Male,West India,Premium,809.83,13,2,Mobile,Credit Card,Drama,4.1,64,0,2,1,1,0,0
CUST103906,58,Male,West India,Basic,189.58,16,5,Smart TV,UPI,Comedy,13.8,24,2,2,0,0,1,0
CUST103907,63,Male,South India,Standard,478.09,21,3,Tablet,Credit Card,Kids,10.4,9,1,1,0,0,0,1
CUST103908,15,Female,North India,Standard,505.14,4,5,Mobile,Gift Card,Comedy,12.8,32,1,1,1,0,0,0
CUST103909,54,Female,North India,Premium,770.35,39,1,Mobile,Credit Card,Drama,6.3,56,3,4,0,1,0,0
CUST103910,31,Male,West India,Basic,209.33,35,2,Mobile,Debit Card,Drama,1.6,41,0,3,0,1,0,1
CUST103911,21,Female,Central India,Standard,478.09,52,4,Mobile,Credit Card,Kids,21.8,51,3,3,1,0,0,1
CUST103912,40,Male,South India,Premium,784.45,15,4,Smart TV,Credit Card,Kids,3.2,62,0,4,0,1,0,1
CUST103913,32,Male,North India,Premium,756.96,57,3,Mobile,Gift Card,Kids,6.5,14,0,2,0,1,0,1
CUST103914,57,Female,South India,Standard,500.95,53,2,Smart TV,UPI,Romance,15.3,7,0,4,1,1,1,0
CUST103915,19,Male,Central India,Premium,803.19,26,4,Smart TV,UPI,Documentary,18.3,37,0,2,0,1,0,0
CUST103916,26,Female,South India,Standard,499.43,46,2,Mobile,Debit Card,Drama,11.4,27,1,3,1,1,0,1
CUST103917,21,Male,Central India,Standard,473.17,7,5,Tablet,UPI,Drama,15.4,71,1,1,0,1,0,0
CUST103918,67,Female,Central India,Standard,520.52,18,1,Mobile,Debit Card,Documentary,13.1,87,1,1,0,0,0,0
CUST103919,69,Male,East India,Basic,196.57,25,2,Smart TV,Net Banking,Action,4.4,1,1,3,0,0,1,1
CUST103920,31,Female,Central India,Standard,491.17,37,2,Mobile,Gift Card,Documentary,3.1,2,0,4,1,0,1,0
CUST103921,59,Male,East India,Standard,511.05,21,4,Tablet,Credit Card,Comedy,16.0,24,1,4,1,1,0,0
CUST103922,64,Male,Central India,Premium,792.4,52,3,Tablet,Gift Card,Documentary,13.8,33,1,3,1,0,0,1
CUST103923,26,Female,Central India,Premium,805.62,8,3,Mobile,UPI,Kids,26.6,35,2,3,1,0,1,1
CUST103924,68,Male,South India,Standard,487.3,59,5,Mobile,Credit Card,Documentary,5.0,80,1,2,0,1,0,0
CUST103925,50,Female,East India,Basic,211.24,20,4,Laptop,Gift Card,Romance,10.1,51,1,1,1,0,0,1
CUST103926,65,Female,North India,Basic,210.86,18,4,Mobile,Gift Card,Action,10.7,18,2,4,0,1,0,1
CUST103927,48,Male,North India,Basic,192.2,53,1,Laptop,Debit Card,Thriller,1.6,61,0,2,0,1,0,0
CUST103928,52,Male,South India,Standard,501.28,19,3,Tablet,Net Banking,Romance,6.8,51,1,2,0,1,0,0
CUST103929,29,Male,North India,Basic,198.63,52,4,Smart TV,Gift Card,Romance,13.0,82,2,2,1,0,1,0
CUST103930,42,Male,North India,Standard,497.12,3,5,Laptop,Credit Card,Action,13.0,29,2,3,0,0,1,0
CUST103931,21,Female,Central India,Standard,481.18,55,1,Mobile,Net Banking,Documentary,6.2,10,1,3,1,0,0,1
CUST103932,45,Male,West India,Premium,783.29,38,3,Tablet,Net Banking,Comedy,9.1,8,1,1,0,0,1,0
CUST103933,68,Male,West India,Premium,793.22,18,3,Mobile,Credit Card,Comedy,21.7,19,2,3,1,0,0,0
CUST103934,64,Male,North India,Standard,500.03,27,3,Mobile,Net Banking,Thriller,9.8,3,2,4,0,0,0,0
CUST103935,37,Female,South India,Basic,185.75,15,1,Laptop,UPI,Drama,6.1,68,0,1,1,0,1,0
CUST103936,26,Male,South India,Standard,499.22,46,5,Smart TV,Net Banking,Kids,22.5,52,3,1,0,0,0,1
CUST103937,23,Female,East India,Basic,164.66,56,5,Laptop,Debit Card,Kids,11.9,76,1,3,1,0,0,0
CUST103938,65,Male,South India,Basic,199.04,21,4,Laptop,Net Banking,Kids,4.9,67,3,3,1,0,1,1
CUST103939,47,Female,South India,Basic,200.16,22,4,Smart TV,Gift Card,Documentary,16.3,9,0,2,1,1,0,1
CUST103940,53,Male,Central India,Basic,211.28,8,3,Mobile,Net Banking,Drama,3.7,65,3,2,1,1,0,1
CUST103941,26,Male,Central India,Basic,220.34,11,2,Smart TV,Debit Card,Comedy,4.6,54,1,1,0,0,0,1
CUST103942,42,Female,North India,Basic,209.27,43,4,Mobile,Debit Card,Drama,6.9,9,2,2,1,0,1,0
CUST103943,53,Male,South India,Basic,225.96,12,5,Mobile,Net Banking,Action,4.7,46,2,1,0,0,1,0
CUST103944,16,Male,West India,Standard,498.56,48,3,Smart TV,UPI,Romance,5.3,65,0,4,0,1,0,0
CUST103945,16,Male,South India,Premium,799.69,39,5,Tablet,Net Banking,Kids,3.4,79,1,2,1,1,0,1
CUST103946,40,Female,South India,Premium,811.1,27,3,Laptop,Credit Card,Action,10.6,70,2,1,0,0,1,1
CUST103947,20,Male,North India,Basic,197.4,35,1,Mobile,Debit Card,Thriller,2.6,72,1,4,0,1,0,0
CUST103948,14,Female,West India,Standard,494.04,2,4,Laptop,Net Banking,Romance,1.9,23,4,4,0,1,1,1
CUST103949,53,Female,North India,Premium,819.61,35,1,Tablet,UPI,Drama,12.8,72,4,2,0,0,0,0
CUST103950,58,Female,South India,Basic,209.86,31,4,Mobile,UPI,Thriller,8.7,45,1,3,0,1,0,0
CUST103951,34,Male,West India,Premium,808.9,8,5,Mobile,UPI,Action,10.0,7,0,4,0,1,0,1
CUST103952,53,Female,South India,Standard,486.04,20,5,Mobile,Gift Card,Kids,8.4,11,2,2,0,1,0,1
CUST103953,68,Female,North India,Premium,813.16,8,2,Smart TV,Gift Card,Action,23.3,1,2,2,1,1,1,0
CUST103954,67,Male,North India,Premium,800.23,4,5,Mobile,Gift Card,Thriller,10.1,8,1,1,0,0,0,1
CUST103955,28,Female,Central India,Standard,484.16,31,3,Smart TV,Credit Card,Action,8.9,70,1,2,0,1,0,0
CUST103956,41,Female,West India,Standard,509.45,55,2,Laptop,Credit Card,Romance,12.3,28,0,2,0,1,0,1
CUST103957,61,Male,Central India,Basic,181.01,32,3,Smart TV,Net Banking,Drama,11.9,83,0,1,1,0,0,1
CUST103958,60,Male,West India,Basic,162.89,13,2,Tablet,Gift Card,Documentary,15.8,22,0,1,1,1,1,0
CUST103959,42,Female,East India,Standard,471.92,22,3,Smart TV,Gift Card,Documentary,11.0,88,0,1,0,1,0,0
CUST103960,24,Male,West India,Basic,195.27,26,2,Mobile,Credit Card,Action,12.5,78,2,4,1,1,0,0
CUST103961,47,Male,South India,Basic,222.12,17,4,Smart TV,UPI,Documentary,14.6,32,1,1,1,1,0,0
CUST103962,23,Male,West India,Basic,203.69,29,4,Tablet,UPI,Documentary,16.5,15,1,4,0,0,1,0
CUST103963,58,Female,Central India,Premium,797.46,27,2,Mobile,Debit Card,Documentary,7.3,8,0,3,1,1,1,1
CUST103964,62,Female,North India,Basic,218.79,56,1,Mobile,Net Banking,Kids,1.1,73,1,4,0,1,1,0
CUST103965,33,Male,North India,Basic,206.65,22,2,Laptop,Net Banking,Kids,0.0,35,4,1,1,1,0,0
CUST103966,33,Female,West India,Standard,514.36,18,1,Mobile,Gift Card,Romance,13.1,54,5,1,0,1,1,0
CUST103967,17,Male,East India,Standard,513.58,5,3,Laptop,Credit Card,Action,11.3,31,0,3,0,1,0,1
CUST103968,60,Male,North India,Basic,194.29,12,2,Smart TV,Net Banking,Documentary,2.1,46,2,1,1,0,0,1
CUST103969,32,Male,North India,Premium,795.53,2,1,Laptop,UPI,Thriller,10.0,13,0,1,1,0,0,0
CUST103970,49,Male,North India,Standard,486.5,42,2,Smart TV,Credit Card,Kids,7.4,34,0,3,0,0,0,1
CUST103971,15,Male,East India,Standard,511.46,7,4,Mobile,Gift Card,Thriller,5.3,13,1,2,1,1,1,0
CUST103972,56,Female,Central India,Basic,180.59,47,4,Mobile,Gift Card,Romance,0.0,0,0,3,0,0,0,1
CUST103973,45,Female,West India,Standard,485.71,59,2,Mobile,Net Banking,Romance,7.7,50,1,4,0,1,0,1
CUST103974,65,Female,East India,Premium,797.95,26,2,Laptop,Net Banking,Documentary,12.2,87,1,4,0,1,1,0
CUST103975,21,Female,West India,Basic,200.65,54,5,Smart TV,Debit Card,Comedy,20.8,75,0,3,0,0,1,0
CUST103976,21,Male,South India,Standard,507.8,39,4,Laptop,Net Banking,Comedy,1.9,47,1,3,0,1,0,1
CUST103977,16,Male,West India,Basic,198.38,15,3,Mobile,Net Banking,Thriller,7.4,57,1,3,1,0,1,1
CUST103978,47,Female,North India,Premium,793.54,48,2,Smart TV,UPI,Thriller,19.7,40,3,4,0,0,1,0
CUST103979,29,Female,East India,Basic,209.85,54,5,Mobile,UPI,Romance,15.9,72,0,3,0,1,0,0
CUST103980,46,Male,East India,Premium,812.71,58,2,Mobile,Credit Card,Documentary,14.9,12,2,4,1,0,0,0
CUST103981,36,Male,Central India,Basic,173.5,33,4,Mobile,Net Banking,Action,10.0,56,1,4,1,0,0,1
CUST103982,44,Male,South India,Standard,515.04,47,1,Laptop,Net Banking,Thriller,14.9,25,0,4,1,1,0,0
CUST103983,13,Female,Central India,Standard,494.1,3,1,Smart TV,Gift Card,Documentary,5.2,14,0,2,1,1,0,0
CUST103984,20,Male,Central India,Basic,222.97,42,4,Smart TV,UPI,Thriller,4.2,79,2,1,1,0,0,1
CUST103985,57,Male,South India,Standard,489.25,48,3,Laptop,Gift Card,Kids,0.4,9,2,3,1,1,0,0
CUST103986,35,Female,North India,Basic,184.08,2,5,Smart TV,Net Banking,Thriller,9.7,16,2,1,1,0,0,1
CUST103987,59,Female,East India,Basic,208.72,17,2,Smart TV,UPI,Romance,13.9,9,1,1,0,1,0,1
CUST103988,52,Female,West India,Premium,830.96,1,2,Tablet,Net Banking,Documentary,12.3,46,2,4,1,0,0,0
CUST103989,24,Male,South India,Basic,174.66,36,2,Smart TV,Debit Card,Documentary,20.3,9,0,1,1,1,0,0
CUST103990,66,Male,Central India,Standard,511.58,43,5,Laptop,Gift Card,Drama,5.5,60,5,3,0,1,0,0
CUST103991,24,Female,West India,Basic,207.4,17,5,Smart TV,UPI,Action,16.6,34,1,3,0,1,0,1
CUST103992,58,Male,South India,Basic,198.51,2,4,Mobile,UPI,Romance,10.8,7,2,1,1,1,0,1
CUST103993,59,Male,South India,Standard,530.1,33,5,Laptop,Net Banking,Romance,16.2,9,1,1,0,0,0,0
CUST103994,27,Male,North India,Standard,470.3,29,2,Tablet,Net Banking,Kids,9.7,70,0,3,0,1,0,0
CUST103995,53,Female,North India,Basic,215.69,60,2,Smart TV,Credit Card,Drama,9.9,64,0,1,1,1,0,1
CUST103996,31,Female,East India,Standard,513.59,60,5,Smart TV,Credit Card,Drama,11.5,68,1,3,1,1,0,0
CUST103997,38,Male,East India,Basic,216.96,6,5,Smart TV,Gift Card,Drama,10.2,80,4,2,0,0,0,1
CUST103998,64,Male,West India,Premium,815.06,43,4,Tablet,UPI,Drama,18.7,47,1,3,0,1,0,1
CUST103999,41,Male,East India,Basic,202.53,36,1,Tablet,Net Banking,Kids,0.0,19,1,2,0,0,0,1
CUST104000,34,Male,South India,Basic,194.42,24,5,Mobile,Gift Card,Drama,6.1,67,0,2,1,1,1,0
CUST104001,52,Female,South India,Premium,789.84,11,1,Laptop,UPI,Kids,6.2,45,2,1,1,1,0,1
CUST104002,33,Female,South India,Basic,207.82,5,3,Smart TV,Net Banking,Thriller,15.7,35,2,4,0,0,0,1
CUST104003,63,Male,South India,Basic,198.91,30,1,Mobile,Credit Card,Romance,7.1,0,1,4,1,0,0,1
CUST104004,50,Male,North India,Standard,495.84,10,5,Smart TV,UPI,Romance,9.7,49,2,1,1,1,0,1
CUST104005,32,Female,South India,Premium,790.69,37,2,Mobile,Net Banking,Drama,7.8,59,2,4,0,1,0,0
CUST104006,69,Male,South India,Premium,792.89,27,2,Laptop,Gift Card,Romance,14.1,28,1,1,0,1,1,1
CUST104007,41,Female,South India,Standard,510.66,27,5,Mobile,Gift Card,Documentary,9.2,19,2,1,1,1,0,0
CUST104008,63,Male,Central India,Standard,499.28,24,4,Laptop,Debit Card,Kids,15.2,28,0,2,1,0,0,1
CUST104009,16,Female,West India,Standard,517.14,59,5,Tablet,UPI,Romance,15.9,15,1,4,1,0,0,0
CUST104010,67,Male,West India,Standard,478.7,58,5,Mobile,Gift Card,Action,21.7,79,3,4,0,1,0,0
CUST104011,19,Male,South India,Basic,208.31,54,4,Laptop,UPI,Comedy,15.2,39,1,3,0,1,1,0
CUST104012,40,Female,South India,Premium,783.88,54,4,Smart TV,Gift Card,Comedy,12.9,87,1,1,1,1,0,0
CUST104013,40,Female,West India,Basic,217.14,3,3,Tablet,UPI,Thriller,20.9,16,1,2,1,1,0,0
CUST104014,16,Male,East India,Basic,217.54,38,3,Laptop,UPI,Kids,16.8,72,1,2,0,0,0,0
CUST104015,34,Male,Central India,Premium,777.85,26,3,Smart TV,UPI,Drama,10.5,19,3,2,0,1,0,1
CUST104016,24,Female,Central India,Standard,487.52,45,4,Tablet,Debit Card,Documentary,8.2,45,0,2,0,1,0,1
CUST104017,57,Female,East India,Basic,188.16,48,1,Mobile,Credit Card,Romance,17.3,23,2,3,0,1,0,0
CUST104018,15,Male,South India,Basic,217.94,39,5,Mobile,UPI,Romance,7.7,41,0,4,0,1,0,1
CUST104019,34,Male,West India,Standard,490.09,18,3,Laptop,Credit Card,Comedy,12.5,84,0,4,0,1,0,1
CUST104020,56,Female,Central India,Standard,509.35,3,1,Mobile,Credit Card,Drama,0.6,80,2,4,1,1,0,1
CUST104021,14,Female,East India,Standard,489.08,38,5,Tablet,Credit Card,Comedy,8.9,49,3,2,1,0,0,0
CUST104022,36,Female,East India,Basic,215.13,42,1,Laptop,Gift Card,Comedy,18.6,30,1,4,1,0,1,0
CUST104023,46,Female,North India,Premium,816.62,48,2,Smart TV,Net Banking,Drama,3.8,13,1,3,1,0,1,0
CUST104024,39,Female,East India,Basic,224.05,25,2,Mobile,Credit Card,Action,14.6,36,0,2,1,1,1,0
CUST104025,67,Male,North India,Standard,496.43,13,5,Mobile,UPI,Romance,0.0,12,0,1,1,0,1,1
CUST104026,53,Male,North India,Standard,499.04,25,1,Mobile,Net Banking,Romance,17.6,84,5,2,0,1,0,1
CUST104027,13,Female,Central India,Basic,196.91,24,1,Smart TV,Gift Card,Action,5.2,42,0,3,0,1,0,0
CUST104028,20,Male,South India,Basic,199.4,56,4,Laptop,Debit Card,Thriller,7.9,5,1,1,1,1,0,1
CUST104029,35,Male,South India,Premium,792.62,41,3,Smart TV,Credit Card,Romance,18.5,78,1,4,1,0,0,1
CUST104030,50,Female,East India,Premium,814.86,59,5,Smart TV,Credit Card,Documentary,7.7,13,2,2,0,1,0,0
CUST104031,18,Male,West India,Basic,187.59,16,1,Mobile,Gift Card,Drama,15.6,31,1,4,1,1,0,0
CUST104032,34,Male,West India,Premium,796.83,43,3,Mobile,UPI,Comedy,14.2,62,2,1,1,1,0,0
CUST104033,37,Male,North India,Basic,201.89,41,5,Tablet,UPI,Action,17.4,8,0,3,0,0,0,0
CUST104034,30,Female,East India,Standard,506.36,42,1,Mobile,Net Banking,Romance,15.9,45,0,1,0,1,0,0
CUST104035,29,Female,East India,Basic,181.14,11,2,Mobile,Net Banking,Documentary,9.3,73,1,4,0,1,1,1
CUST104036,24,Male,South India,Premium,795.31,57,1,Laptop,UPI,Kids,17.1,82,1,1,0,1,1,0
CUST104037,18,Male,West India,Basic,199.33,21,2,Smart TV,Debit Card,Documentary,11.5,66,0,4,1,1,0,1
CUST104038,38,Male,Central India,Standard,511.03,31,2,Mobile,UPI,Drama,11.4,31,1,4,1,1,0,0
CUST104039,39,Male,East India,Premium,795.8,54,4,Tablet,Debit Card,Romance,20.3,0,1,4,1,1,0,0
CUST104040,20,Male,East India,Basic,197.47,15,4,Smart TV,Gift Card,Drama,12.1,15,0,2,0,0,0,1
CUST104041,31,Male,South India,Standard,501.06,53,3,Mobile,Debit Card,Drama,9.2,31,0,4,0,1,0,0
CUST104042,54,Female,Central India,Basic,214.74,45,5,Laptop,Gift Card,Action,20.0,65,1,4,0,0,1,0
CUST104043,13,Male,Central India,Standard,468.23,49,3,Mobile,Credit Card,Thriller,10.3,82,0,2,1,0,1,1
CUST104044,69,Male,Central India,Basic,200.59,36,4,Smart TV,UPI,Thriller,3.5,46,2,2,0,1,0,1
CUST104045,41,Female,Central India,Standard,516.54,43,3,Laptop,Net Banking,Thriller,0.6,78,1,2,0,1,0,1
CUST104046,57,Male,West India,Premium,786.59,1,5,Tablet,Credit Card,Romance,9.3,4,1,4,0,1,1,1
CUST104047,61,Male,North India,Basic,187.71,28,5,Mobile,Net Banking,Romance,7.1,13,2,1,0,1,1,0
CUST104048,47,Male,Central India,Basic,217.36,33,1,Mobile,Debit Card,Romance,16.2,68,0,2,1,0,0,0
CUST104049,52,Male,North India,Standard,493.76,3,3,Smart TV,UPI,Documentary,6.7,10,1,4,0,0,0,0
CUST104050,26,Female,North India,Premium,794.21,55,4,Tablet,UPI,Documentary,2.3,26,4,4,1,0,0,0
CUST104051,47,Male,South India,Premium,803.16,15,1,Smart TV,UPI,Action,10.0,38,2,4,0,0,0,0
CUST104052,60,Female,Central India,Basic,154.24,33,3,Smart TV,Credit Card,Drama,0.4,6,1,1,0,1,0,1
CUST104053,57,Male,West India,Standard,471.72,32,5,Mobile,Gift Card,Drama,10.3,1,1,3,1,0,0,1
CUST104054,32,Male,South India,Premium,807.69,23,4,Smart TV,Debit Card,Comedy,10.2,48,1,2,1,0,1,0
CUST104055,68,Female,South India,Premium,795.33,58,3,Laptop,Credit Card,Comedy,7.9,41,5,1,0,1,0,1
CUST104056,61,Male,North India,Standard,496.6,26,5,Mobile,Credit Card,Comedy,2.3,22,0,4,0,0,0,0
CUST104057,25,Female,East India,Basic,189.14,48,5,Mobile,Gift Card,Documentary,5.9,20,1,2,0,1,0,0
CUST104058,50,Female,West India,Basic,194.88,17,3,Smart TV,Net Banking,Thriller,8.9,86,1,1,0,1,0,0
CUST104059,61,Female,Central India,Basic,216.88,9,3,Mobile,Net Banking,Action,2.4,0,0,2,1,1,1,0
CUST104060,58,Male,Central India,Premium,800.98,5,4,Smart TV,UPI,Thriller,12.2,28,2,1,0,1,0,0
CUST104061,61,Male,West India,Basic,214.89,29,1,Mobile,Credit Card,Drama,13.2,50,1,3,0,1,0,1
CUST104062,20,Male,Central India,Standard,496.68,6,5,Mobile,Gift Card,Comedy,10.5,34,2,4,0,0,0,1
CUST104063,55,Male,East India,Standard,499.29,47,1,Laptop,Gift Card,Thriller,5.4,34,0,1,0,1,0,1
CUST104064,32,Female,East India,Standard,503.88,60,1,Smart TV,Net Banking,Drama,8.5,36,0,2,1,1,0,0
CUST104065,45,Male,Central India,Standard,506.9,41,5,Tablet,Gift Card,Comedy,18.9,46,0,2,1,1,0,0
CUST104066,38,Male,South India,Standard,486.29,59,3,Laptop,Net Banking,Romance,13.5,17,1,4,0,0,1,1
CUST104067,51,Female,Central India,Standard,498.61,35,5,Mobile,Net Banking,Romance,9.0,5,1,2,0,0,0,0
CUST104068,33,Female,Central India,Basic,188.87,51,1,Mobile,Credit Card,Romance,14.2,73,3,4,1,0,0,0
CUST104069,65,Male,West India,Standard,521.64,21,4,Smart TV,Debit Card,Romance,0.0,27,1,2,1,1,0,1
CUST104070,61,Female,East India,Premium,773.14,45,5,Mobile,UPI,Thriller,25.1,57,0,1,1,1,0,0
CUST104071,54,Female,South India,Premium,807.79,45,4,Tablet,Debit Card,Thriller,2.7,75,3,1,1,1,1,0
CUST104072,55,Female,West India,Standard,487.4,23,3,Mobile,Gift Card,Thriller,11.6,67,1,4,0,0,0,1
CUST104073,66,Female,West India,Premium,781.98,35,3,Mobile,Debit Card,Kids,4.5,24,2,2,0,0,0,0
CUST104074,53,Female,South India,Standard,494.47,52,4,Mobile,Debit Card,Kids,3.5,70,1,2,0,1,0,1
CUST104075,21,Male,South India,Standard,518.35,46,4,Smart TV,Net Banking,Comedy,16.2,37,0,2,0,1,0,1
CUST104076,36,Male,West India,Premium,789.37,2,5,Laptop,Credit Card,Documentary,9.2,83,0,4,0,0,1,1
CUST104077,49,Male,Central India,Standard,471.94,57,3,Mobile,Gift Card,Comedy,11.0,54,1,3,1,1,0,0
CUST104078,61,Male,South India,Basic,184.83,42,4,Smart TV,UPI,Action,11.8,43,0,3,1,1,1,0
CUST104079,53,Male,North India,Premium,800.86,9,2,Mobile,Net Banking,Kids,13.6,22,1,4,1,1,0,1
CUST104080,29,Male,South India,Premium,774.75,13,5,Smart TV,UPI,Comedy,13.1,58,2,1,1,0,0,1
CUST104081,36,Male,West India,Standard,509.82,43,5,Mobile,Credit Card,Thriller,15.2,71,2,3,0,1,0,0
CUST104082,33,Female,North India,Premium,775.28,34,2,Smart TV,Debit Card,Drama,0.0,80,0,4,0,1,0,0
CUST104083,63,Male,West India,Basic,191.77,16,3,Smart TV,Debit Card,Drama,5.3,28,2,3,0,0,0,0
CUST104084,51,Male,East India,Standard,511.28,5,4,Mobile,Credit Card,Thriller,4.6,47,0,4,1,1,0,1
CUST104085,67,Male,East India,Standard,491.47,1,4,Smart TV,Gift Card,Documentary,16.3,53,2,1,0,1,0,1
CUST104086,53,Female,Central India,Basic,178.85,40,3,Smart TV,Net Banking,Documentary,14.5,25,2,1,1,1,0,0
CUST104087,51,Male,South India,Standard,497.64,22,2,Smart TV,Debit Card,Comedy,14.0,9,6,4,1,0,0,0
CUST104088,25,Male,West India,Basic,191.6,48,2,Smart TV,Credit Card,Comedy,4.5,74,0,1,1,0,0,0
CUST104089,23,Female,North India,Basic,217.18,46,2,Laptop,Net Banking,Romance,2.8,78,0,2,0,1,1,0
CUST104090,58,Male,South India,Standard,511.33,58,5,Smart TV,Net Banking,Romance,0.0,81,2,4,0,0,0,1
CUST104091,31,Male,Central India,Standard,506.59,26,4,Tablet,Credit Card,Drama,12.1,67,0,2,1,1,0,0
CUST104092,23,Female,West India,Basic,199.32,34,1,Tablet,Debit Card,Thriller,0.8,68,2,1,0,0,0,0
CUST104093,25,Male,West India,Premium,795.72,50,5,Laptop,Gift Card,Thriller,14.5,69,2,3,1,1,0,1
CUST104094,58,Female,East India,Standard,495.64,58,5,Tablet,Debit Card,Comedy,5.9,9,2,1,0,1,0,0
CUST104095,57,Male,Central India,Basic,173.36,21,4,Tablet,Debit Card,Action,6.9,18,2,3,0,0,1,0
CUST104096,13,Male,West India,Basic,199.04,7,3,Mobile,Debit Card,Kids,8.2,75,0,2,1,0,0,1
CUST104097,52,Male,East India,Premium,787.11,25,4,Tablet,Debit Card,Comedy,2.5,58,0,2,1,0,1,1
CUST104098,56,Female,East India,Standard,497.72,57,3,Mobile,UPI,Kids,15.4,23,1,1,0,1,1,0
CUST104099,31,Female,North India,Basic,199.78,12,4,Mobile,Credit Card,Comedy,3.2,79,0,3,1,1,0,1
CUST104100,24,Female,Central India,Basic,191.72,31,5,Tablet,Gift Card,Documentary,8.4,72,1,1,0,1,0,0
CUST104101,20,Male,Central India,Standard,513.0,47,2,Mobile,Gift Card,Romance,16.1,76,0,4,0,0,0,0
CUST104102,20,Male,West India,Basic,182.88,27,5,Smart TV,UPI,Kids,0.0,17,2,4,1,1,0,0
CUST104103,65,Female,North India,Standard,491.59,22,5,Tablet,Gift Card,Comedy,1.9,31,0,1,0,0,0,1
CUST104104,57,Female,South India,Premium,794.07,34,1,Mobile,UPI,Comedy,6.9,18,0,2,1,1,1,0
CUST104105,24,Male,West India,Basic,216.33,54,5,Mobile,UPI,Action,9.7,37,3,3,0,1,0,0
CUST104106,60,Male,East India,Premium,799.47,17,5,Smart TV,Gift Card,Drama,13.3,20,0,1,0,0,0,1
CUST104107,45,Male,South India,Premium,798.74,59,5,Laptop,Gift Card,Drama,10.7,55,0,1,0,1,0,0
CUST104108,57,Male,South India,Premium,812.06,11,1,Laptop,Debit Card,Comedy,12.7,84,1,2,1,1,0,0
CUST104109,38,Female,West India,Premium,791.17,29,3,Laptop,UPI,Thriller,12.1,56,2,3,0,0,1,1
CUST104110,51,Male,North India,Premium,812.13,34,1,Mobile,Net Banking,Comedy,13.2,48,1,2,0,0,0,0
CUST104111,40,Male,Central India,Standard,504.97,60,2,Mobile,Credit Card,Documentary,1.8,5,5,3,0,0,0,0
CUST104112,17,Male,North India,Standard,517.56,51,3,Laptop,Debit Card,Action,6.9,54,0,2,0,1,0,0
CUST104113,20,Male,West India,Standard,493.31,37,1,Laptop,UPI,Comedy,9.1,1,1,4,1,0,1,0
CUST104114,37,Male,Central India,Premium,794.58,58,2,Mobile,Debit Card,Romance,11.1,5,1,2,0,1,0,0
CUST104115,39,Male,South India,Basic,201.13,49,2,Mobile,Debit Card,Drama,8.2,80,1,3,1,0,0,1
CUST104116,58,Male,East India,Basic,198.09,48,4,Mobile,Credit Card,Comedy,8.5,29,2,1,1,1,1,1
CUST104117,35,Female,North India,Basic,210.52,60,4,Laptop,Gift Card,Kids,7.0,54,1,3,0,1,0,0
CUST104118,42,Female,Central India,Premium,795.75,26,5,Tablet,Gift Card,Action,9.8,10,5,4,0,0,0,1
CUST104119,57,Female,North India,Premium,783.09,45,3,Mobile,Credit Card,Romance,23.6,24,4,1,0,1,1,0
CUST104120,59,Male,Central India,Standard,519.32,45,1,Mobile,Debit Card,Action,10.4,34,2,4,1,1,0,1
CUST104121,35,Female,East India,Basic,227.73,45,5,Mobile,UPI,Thriller,3.3,72,1,3,0,1,1,0
CUST104122,61,Male,West India,Standard,475.49,32,3,Tablet,Gift Card,Thriller,15.7,88,1,3,1,0,1,0
CUST104123,59,Male,West India,Basic,206.2,37,4,Tablet,Net Banking,Thriller,0.0,7,3,4,0,1,1,0
CUST104124,32,Male,Central India,Standard,510.21,5,1,Smart TV,UPI,Comedy,11.6,66,3,4,0,1,1,1
CUST104125,30,Male,Central India,Standard,502.65,20,2,Mobile,Debit Card,Drama,10.1,89,1,4,0,1,1,0
CUST104126,30,Female,West India,Premium,822.61,51,2,Mobile,Net Banking,Documentary,19.5,85,0,4,1,1,0,1
CUST104127,14,Male,South India,Standard,478.87,7,5,Smart TV,UPI,Drama,11.4,23,0,1,0,0,0,1
CUST104128,16,Male,South India,Standard,490.54,43,5,Tablet,Credit Card,Romance,19.0,20,2,1,0,1,1,1
CUST104129,42,Female,South India,Standard,500.6,23,1,Mobile,Net Banking,Action,10.1,15,1,3,0,1,0,1
CUST104130,45,Female,East India,Standard,512.8,1,2,Laptop,Debit Card,Drama,12.4,45,1,3,0,1,0,0
CUST104131,48,Female,Central India,Basic,217.11,39,5,Mobile,Net Banking,Comedy,6.3,35,0,3,1,1,1,1
CUST104132,30,Male,North India,Standard,480.91,3,2,Smart TV,Credit Card,Thriller,7.7,9,1,2,0,1,0,0
CUST104133,49,Female,North India,Premium,772.35,45,4,Laptop,Gift Card,Drama,13.7,65,1,1,1,0,0,1
CUST104134,31,Male,Central India,Standard,510.69,3,5,Smart TV,Gift Card,Action,17.3,16,0,1,1,1,0,0
CUST104135,59,Male,West India,Standard,500.75,6,3,Laptop,Gift Card,Romance,0.0,74,1,1,1,1,0,1
CUST104136,40,Female,Central India,Premium,801.47,31,5,Laptop,Credit Card,Action,22.5,72,0,2,1,1,1,0
CUST104137,52,Female,South India,Premium,811.06,54,4,Mobile,UPI,Romance,12.7,56,2,1,1,0,1,1
CUST104138,32,Female,South India,Standard,486.85,27,1,Mobile,Credit Card,Documentary,8.0,9,1,1,1,1,0,1
CUST104139,61,Male,North India,Standard,495.4,29,2,Laptop,Net Banking,Drama,12.8,74,2,4,0,1,1,0
CUST104140,45,Male,Central India,Premium,806.86,15,1,Mobile,UPI,Comedy,6.7,78,1,4,0,1,0,0
CUST104141,24,Male,North India,Premium,784.74,36,5,Smart TV,Gift Card,Action,14.5,65,2,3,1,1,1,1
CUST104142,63,Male,West India,Premium,790.86,5,3,Tablet,Credit Card,Documentary,14.1,16,1,3,1,1,0,1
CUST104143,27,Male,East India,Standard,500.57,3,1,Laptop,Debit Card,Romance,10.8,74,0,1,0,1,0,0
CUST104144,53,Male,East India,Standard,506.85,51,3,Laptop,Gift Card,Romance,4.6,31,1,4,1,1,1,0
CUST104145,51,Female,West India,Basic,177.31,25,5,Mobile,Debit Card,Romance,10.2,68,5,3,0,1,0,0
CUST104146,14,Male,South India,Standard,509.01,32,3,Laptop,UPI,Kids,11.2,17,4,2,0,1,0,1
CUST104147,41,Female,South India,Premium,805.55,21,3,Tablet,Gift Card,Romance,15.4,45,0,1,1,1,0,0
CUST104148,53,Female,South India,Premium,786.37,48,4,Smart TV,Credit Card,Action,6.7,45,1,4,1,1,0,0
CUST104149,22,Female,North India,Standard,532.74,17,1,Mobile,Debit Card,Documentary,7.9,1,1,4,0,0,0,1
CUST104150,14,Female,North India,Standard,484.74,9,5,Smart TV,Credit Card,Action,17.7,26,0,2,0,1,0,1
CUST104151,63,Female,East India,Basic,210.02,26,4,Laptop,Gift Card,Comedy,20.2,7,2,1,0,1,0,0
CUST104152,23,Male,South India,Standard,503.16,22,3,Laptop,Credit Card,Comedy,10.3,27,3,2,0,1,1,1
CUST104153,25,Male,South India,Standard,492.8,41,4,Mobile,Gift Card,Action,17.4,55,0,3,0,1,0,0
CUST104154,22,Male,West India,Standard,500.35,46,4,Mobile,Net Banking,Kids,10.0,48,3,1,1,1,0,1
CUST104155,26,Male,East India,Basic,207.0,59,3,Laptop,Credit Card,Kids,3.0,68,2,1,0,1,0,1
CUST104156,30,Female,North India,Standard,541.82,23,5,Smart TV,Net Banking,Thriller,6.2,26,1,2,0,0,0,0
CUST104157,63,Female,East India,Basic,177.27,11,2,Smart TV,Debit Card,Comedy,5.8,88,0,3,0,1,0,0
CUST104158,66,Female,South India,Premium,758.33,58,4,Smart TV,Credit Card,Comedy,7.7,26,0,2,1,1,1,1
CUST104159,21,Male,South India,Standard,483.85,10,1,Smart TV,Credit Card,Documentary,7.9,11,2,3,1,0,1,1
CUST104160,69,Male,North India,Premium,798.55,23,3,Mobile,Debit Card,Romance,22.7,3,2,2,0,1,0,0
CUST104161,51,Male,North India,Basic,208.98,5,2,Mobile,Credit Card,Documentary,5.8,51,0,2,0,1,1,0
CUST104162,40,Male,East India,Basic,200.45,55,4,Smart TV,Gift Card,Drama,3.9,56,2,3,0,1,0,1
CUST104163,15,Female,Central India,Standard,496.72,26,3,Mobile,Net Banking,Drama,17.2,33,0,1,0,0,0,0
CUST104164,32,Female,South India,Premium,822.05,4,3,Laptop,UPI,Comedy,0.4,49,1,1,1,0,0,1
CUST104165,18,Male,South India,Standard,487.14,43,4,Laptop,Gift Card,Kids,11.6,23,0,4,1,0,0,1
CUST104166,39,Male,Central India,Basic,223.94,27,1,Laptop,UPI,Comedy,9.9,35,2,4,0,0,0,0
CUST104167,65,Female,East India,Basic,208.31,38,3,Tablet,Debit Card,Romance,7.8,52,0,1,0,0,1,1
CUST104168,14,Female,West India,Standard,521.49,34,3,Mobile,Debit Card,Action,5.0,16,2,1,0,0,0,1
CUST104169,41,Female,West India,Basic,184.86,58,4,Mobile,Credit Card,Thriller,3.6,31,0,3,0,1,0,0
CUST104170,50,Female,South India,Basic,193.72,3,2,Mobile,Gift Card,Action,13.7,53,0,4,0,1,0,0
CUST104171,15,Male,West India,Standard,477.08,50,3,Laptop,UPI,Kids,16.7,59,0,1,0,0,1,0
CUST104172,28,Female,East India,Basic,203.5,32,3,Smart TV,Net Banking,Kids,6.1,54,0,1,1,1,0,0
CUST104173,42,Female,West India,Basic,203.81,26,4,Mobile,Gift Card,Comedy,8.9,61,0,4,0,1,0,1
CUST104174,52,Female,North India,Basic,229.13,18,3,Mobile,Debit Card,Documentary,3.2,58,1,4,1,0,0,1
CUST104175,14,Female,East India,Premium,800.21,7,4,Laptop,Gift Card,Drama,10.5,75,1,2,0,0,0,0
CUST104176,29,Male,Central India,Standard,476.24,53,1,Smart TV,Net Banking,Kids,6.5,5,4,3,0,1,1,0
CUST104177,53,Male,South India,Premium,813.16,45,4,Smart TV,Gift Card,Thriller,11.2,31,0,2,1,1,0,1
CUST104178,24,Male,East India,Basic,185.3,13,2,Tablet,Credit Card,Documentary,9.3,1,2,3,0,1,0,1
CUST104179,47,Male,West India,Premium,779.96,6,3,Laptop,Net Banking,Comedy,2.5,15,1,1,0,0,1,1
CUST104180,55,Male,East India,Basic,209.53,35,1,Mobile,UPI,Thriller,10.6,54,0,3,0,0,0,1
CUST104181,13,Male,Central India,Standard,487.48,31,3,Smart TV,Debit Card,Kids,9.6,67,2,1,1,0,0,1
CUST104182,67,Female,East India,Premium,790.02,42,3,Smart TV,Gift Card,Thriller,6.3,27,4,4,0,0,0,1
CUST104183,57,Female,Central India,Premium,820.04,53,4,Laptop,Net Banking,Drama,15.1,79,1,3,0,0,0,1
CUST104184,27,Female,Central India,Premium,806.7,37,3,Mobile,Credit Card,Thriller,9.4,22,0,1,1,1,0,1
CUST104185,38,Female,East India,Premium,807.96,43,1,Smart TV,Credit Card,Comedy,12.4,46,1,3,1,0,0,1
CUST104186,49,Male,South India,Basic,178.35,4,5,Smart TV,UPI,Romance,20.6,9,1,3,1,1,0,1
CUST104187,33,Female,South India,Standard,509.58,42,3,Tablet,Debit Card,Romance,21.3,60,2,1,1,1,0,0
CUST104188,61,Male,West India,Standard,494.84,4,4,Laptop,Credit Card,Drama,2.5,81,2,4,0,1,0,0
CUST104189,43,Female,East India,Premium,792.34,60,2,Smart TV,Debit Card,Comedy,14.4,52,1,1,1,1,0,0
CUST104190,37,Female,East India,Basic,205.13,45,3,Smart TV,Net Banking,Thriller,8.9,67,0,3,0,1,0,1
CUST104191,35,Female,North India,Premium,799.12,8,4,Laptop,Gift Card,Kids,12.0,84,2,4,1,0,0,1
CUST104192,36,Male,South India,Standard,477.05,38,3,Laptop,UPI,Comedy,17.0,58,1,4,1,1,0,1
CUST104193,69,Female,Central India,Standard,513.28,11,5,Laptop,Credit Card,Documentary,14.3,89,0,2,0,0,1,0
CUST104194,50,Male,North India,Basic,214.71,2,5,Laptop,Gift Card,Thriller,9.3,15,0,3,0,0,0,1
CUST104195,40,Male,East India,Standard,490.19,18,1,Laptop,Credit Card,Kids,16.1,35,0,3,0,1,0,0
CUST104196,33,Female,North India,Standard,508.13,18,5,Mobile,UPI,Action,7.1,18,5,2,0,0,0,1
CUST104197,66,Male,South India,Standard,512.7,22,4,Mobile,Credit Card,Action,11.5,20,2,3,0,1,0,1
CUST104198,55,Male,East India,Premium,770.97,12,5,Smart TV,UPI,Romance,14.3,38,1,2,0,1,0,0
CUST104199,30,Female,South India,Standard,491.27,17,4,Smart TV,Gift Card,Documentary,14.7,36,3,4,0,0,0,1
CUST104200,48,Female,North India,Standard,466.34,51,3,Mobile,Net Banking,Action,0.0,56,2,4,0,0,0,0
CUST104201,47,Female,West India,Premium,808.51,17,1,Mobile,UPI,Action,5.1,20,2,4,0,1,1,1
CUST104202,57,Female,Central India,Standard,505.7,36,1,Smart TV,Net Banking,Drama,5.4,84,2,3,0,1,0,1
CUST104203,67,Female,Central India,Standard,489.17,29,5,Tablet,Debit Card,Kids,8.7,12,0,4,0,1,0,0
CUST104204,21,Female,West India,Basic,196.75,49,2,Smart TV,Gift Card,Kids,14.2,0,2,2,1,0,1,0
CUST104205,65,Male,West India,Standard,493.48,16,5,Mobile,UPI,Comedy,11.4,34,2,4,1,0,0,1
CUST104206,50,Female,West India,Standard,468.39,41,2,Mobile,Gift Card,Romance,15.2,49,1,4,0,1,0,0
CUST104207,42,Female,South India,Premium,818.5,11,5,Mobile,Net Banking,Kids,20.8,52,0,4,0,1,0,1
CUST104208,56,Male,East India,Basic,202.83,44,4,Tablet,Net Banking,Thriller,10.1,8,3,3,0,0,0,1
CUST104209,46,Female,West India,Basic,196.84,43,4,Tablet,Gift Card,Romance,11.5,85,1,3,0,1,1,1
CUST104210,44,Male,South India,Standard,496.93,45,2,Smart TV,Gift Card,Kids,17.8,56,1,4,1,1,0,0
CUST104211,15,Female,North India,Basic,209.62,22,1,Smart TV,Net Banking,Action,4.1,5,1,1,0,0,1,0
CUST104212,15,Female,North India,Standard,475.2,30,2,Laptop,Gift Card,Thriller,12.8,47,2,4,0,1,0,0
CUST104213,40,Male,West India,Standard,485.87,8,3,Mobile,Net Banking,Documentary,10.1,58,2,4,0,1,0,1
CUST104214,56,Female,North India,Standard,502.19,46,1,Mobile,Debit Card,Action,1.2,86,0,4,0,0,0,1
CUST104215,27,Male,West India,Premium,815.73,18,2,Smart TV,Net Banking,Drama,15.8,66,0,1,0,1,0,1
CUST104216,53,Female,North India,Standard,462.85,46,3,Laptop,Credit Card,Thriller,17.7,83,1,1,0,1,0,1
CUST104217,35,Female,North India,Standard,513.94,16,3,Laptop,Net Banking,Documentary,15.6,21,0,4,1,1,0,0
CUST104218,52,Male,East India,Basic,188.38,47,5,Mobile,Debit Card,Drama,5.5,20,1,2,0,1,1,0
CUST104219,23,Female,East India,Standard,494.7,54,2,Tablet,Net Banking,Kids,23.2,14,0,3,0,0,1,0
CUST104220,60,Female,North India,Premium,799.51,20,4,Smart TV,Gift Card,Kids,16.0,48,3,1,0,1,0,0
CUST104221,44,Male,East India,Basic,182.43,39,5,Laptop,Debit Card,Comedy,14.2,78,0,4,1,0,0,0
CUST104222,69,Female,West India,Standard,480.4,8,1,Mobile,UPI,Documentary,15.6,49,1,3,0,0,0,1
CUST104223,66,Male,Central India,Basic,202.11,30,4,Mobile,Net Banking,Drama,13.5,46,1,1,1,0,0,1
CUST104224,48,Female,West India,Basic,227.42,38,3,Mobile,Gift Card,Thriller,8.4,78,1,2,0,1,0,1
CUST104225,45,Male,East India,Basic,184.81,29,1,Tablet,UPI,Romance,12.8,68,4,3,0,1,0,1
CUST104226,36,Female,South India,Basic,184.69,13,5,Mobile,UPI,Romance,14.0,40,1,3,1,0,0,1
CUST104227,51,Male,North India,Premium,780.64,17,3,Smart TV,UPI,Drama,10.6,83,1,2,0,1,0,0
CUST104228,46,Male,East India,Standard,495.62,40,3,Smart TV,Credit Card,Documentary,5.6,21,0,3,1,1,1,0
CUST104229,68,Female,East India,Basic,184.26,43,3,Smart TV,Gift Card,Comedy,11.3,76,0,1,0,0,0,0
CUST104230,40,Female,East India,Premium,784.58,17,4,Smart TV,Credit Card,Comedy,15.8,61,3,3,1,1,0,1
CUST104231,49,Male,West India,Basic,202.15,9,5,Mobile,Gift Card,Romance,10.0,77,1,2,0,1,0,0
CUST104232,19,Female,North India,Standard,477.33,2,5,Mobile,Gift Card,Documentary,16.7,9,1,1,0,1,1,1
CUST104233,16,Male,Central India,Basic,223.33,59,4,Mobile,Debit Card,Kids,8.3,73,1,3,1,1,0,0
CUST104234,49,Female,East India,Basic,181.36,42,5,Mobile,UPI,Thriller,9.8,18,4,3,1,1,1,0
CUST104235,68,Female,South India,Premium,815.97,54,3,Mobile,Net Banking,Comedy,0.0,87,1,4,1,1,1,0
CUST104236,13,Male,North India,Basic,228.59,24,3,Smart TV,Debit Card,Action,12.5,42,1,1,1,1,0,0
CUST104237,13,Male,Central India,Premium,816.97,21,3,Mobile,Net Banking,Kids,0.0,64,0,3,1,1,0,0
CUST104238,59,Female,South India,Standard,515.11,46,5,Mobile,UPI,Action,10.4,26,1,1,1,1,0,0
CUST104239,32,Female,Central India,Basic,210.94,2,2,Smart TV,Gift Card,Comedy,12.0,7,1,1,0,0,0,0
CUST104240,31,Female,Central India,Standard,502.21,5,1,Mobile,Debit Card,Thriller,10.2,53,2,4,0,1,0,0
CUST104241,41,Female,North India,Standard,516.68,17,2,Tablet,Credit Card,Thriller,2.2,80,1,3,1,1,0,0
CUST104242,22,Female,West India,Basic,195.09,24,4,Smart TV,Gift Card,Thriller,15.0,27,0,4,1,1,0,1
CUST104243,30,Male,South India,Basic,211.98,8,2,Tablet,Credit Card,Thriller,19.5,43,2,4,1,0,1,0
CUST104244,40,Female,East India,Basic,215.62,30,2,Mobile,Gift Card,Thriller,22.3,23,0,4,0,0,0,0
CUST104245,47,Female,Central India,Premium,806.63,50,4,Mobile,Gift Card,Drama,10.1,64,0,1,0,0,0,1
CUST104246,55,Male,South India,Standard,494.96,22,2,Smart TV,UPI,Comedy,8.6,7,2,1,0,1,0,0
CUST104247,59,Male,North India,Basic,206.32,59,1,Mobile,Debit Card,Romance,2.6,1,0,2,0,1,0,0
CUST104248,43,Male,South India,Premium,793.46,24,5,Smart TV,Net Banking,Documentary,12.9,17,3,2,0,0,0,0
CUST104249,39,Female,East India,Basic,190.84,26,4,Smart TV,UPI,Kids,19.2,78,1,2,0,1,0,1
CUST104250,23,Male,East India,Basic,210.82,8,2,Smart TV,Net Banking,Action,9.3,60,0,3,0,1,1,0
CUST104251,61,Male,North India,Basic,201.19,12,3,Laptop,Gift Card,Comedy,15.3,41,0,1,0,0,0,1
CUST104252,61,Male,South India,Standard,510.64,14,3,Mobile,Credit Card,Romance,0.0,39,4,1,1,1,0,0
CUST104253,50,Male,West India,Basic,201.29,30,4,Smart TV,Net Banking,Romance,4.2,3,1,1,1,0,1,1
CUST104254,17,Female,West India,Standard,506.64,55,3,Smart TV,Credit Card,Action,13.4,63,2,1,0,1,0,1
CUST104255,20,Female,Central India,Premium,819.97,35,1,Smart TV,Net Banking,Comedy,0.9,38,3,1,1,1,0,1
CUST104256,46,Female,Central India,Basic,196.57,31,2,Mobile,Credit Card,Comedy,5.2,78,2,4,0,0,1,0
CUST104257,60,Male,South India,Basic,192.95,28,1,Smart TV,UPI,Action,5.8,89,2,1,1,1,0,1
CUST104258,64,Male,Central India,Standard,505.45,46,1,Smart TV,Net Banking,Romance,13.3,76,1,3,1,1,0,0
CUST104259,68,Male,East India,Standard,460.32,27,5,Tablet,UPI,Romance,10.9,9,0,3,0,0,0,1
CUST104260,24,Male,North India,Premium,809.63,36,2,Laptop,UPI,Thriller,6.7,33,0,4,1,0,0,1
CUST104261,50,Male,Central India,Standard,486.07,1,4,Mobile,Credit Card,Action,6.9,26,1,4,0,0,0,1
CUST104262,13,Male,West India,Basic,224.14,41,3,Smart TV,Net Banking,Action,3.8,44,1,4,0,0,0,1
CUST104263,43,Female,East India,Basic,210.85,14,5,Laptop,Net Banking,Romance,10.3,87,3,1,1,1,0,1
CUST104264,16,Female,West India,Basic,212.74,58,1,Smart TV,Debit Card,Action,13.0,9,1,4,0,1,1,0
CUST104265,61,Male,Central India,Standard,513.1,10,3,Mobile,Credit Card,Romance,14.9,76,4,4,0,0,0,1
CUST104266,57,Female,Central India,Basic,192.11,50,2,Mobile,Net Banking,Thriller,20.3,82,0,1,0,1,1,0
CUST104267,62,Male,East India,Basic,195.1,42,1,Mobile,Gift Card,Comedy,13.4,36,2,2,0,1,0,0
CUST104268,17,Male,West India,Standard,473.62,7,1,Mobile,Debit Card,Documentary,3.9,2,3,1,1,1,0,1
CUST104269,42,Female,North India,Basic,221.42,40,2,Laptop,Net Banking,Documentary,13.3,14,1,4,1,1,1,0
CUST104270,68,Male,North India,Standard,479.68,14,4,Smart TV,Credit Card,Comedy,1.6,61,1,3,0,1,0,0
CUST104271,36,Female,East India,Basic,198.78,36,5,Mobile,Gift Card,Action,9.1,8,0,4,0,0,1,0
CUST104272,15,Male,Central India,Premium,817.38,27,2,Smart TV,Net Banking,Comedy,10.6,66,1,2,1,1,0,0
CUST104273,23,Male,East India,Basic,222.01,11,3,Mobile,UPI,Romance,14.7,3,0,1,0,1,0,1
CUST104274,57,Female,West India,Premium,795.24,42,3,Mobile,UPI,Drama,14.4,28,0,3,1,1,0,1
CUST104275,16,Male,North India,Basic,173.41,49,1,Laptop,Gift Card,Comedy,8.8,28,0,2,0,0,1,1
CUST104276,38,Male,Central India,Premium,802.47,37,5,Laptop,Gift Card,Drama,10.1,30,2,2,0,1,0,0
CUST104277,39,Male,West India,Basic,204.0,42,4,Smart TV,Gift Card,Kids,15.5,59,1,2,0,0,0,0
CUST104278,58,Female,North India,Standard,505.36,10,4,Laptop,Gift Card,Kids,3.2,21,1,4,0,1,0,1
CUST104279,66,Male,North India,Basic,194.42,54,3,Mobile,Credit Card,Documentary,17.0,81,0,2,0,1,0,0
CUST104280,55,Male,South India,Standard,496.93,7,4,Mobile,UPI,Documentary,12.9,65,0,4,1,0,0,0
CUST104281,39,Male,Central India,Standard,488.59,17,3,Smart TV,Net Banking,Documentary,0.0,43,1,1,1,0,0,1
CUST104282,54,Female,East India,Standard,501.38,52,5,Mobile,Net Banking,Action,11.9,34,1,4,0,1,0,0
CUST104283,63,Female,South India,Standard,511.03,12,1,Laptop,UPI,Drama,16.6,11,3,4,0,1,0,0
CUST104284,62,Female,North India,Basic,202.95,37,3,Mobile,Net Banking,Drama,22.1,21,0,2,0,1,0,0
CUST104285,18,Female,Central India,Basic,198.34,37,5,Smart TV,UPI,Drama,7.0,89,2,1,0,1,1,0
CUST104286,27,Female,Central India,Standard,515.86,55,3,Smart TV,Debit Card,Comedy,13.3,88,0,2,1,1,0,1
CUST104287,65,Male,South India,Basic,202.85,36,2,Laptop,UPI,Action,13.6,31,1,2,0,1,0,1
CUST104288,42,Female,West India,Basic,199.47,58,3,Laptop,Net Banking,Kids,13.6,8,0,3,1,1,1,0
CUST104289,54,Female,West India,Basic,200.16,7,5,Mobile,Debit Card,Romance,8.9,63,2,2,0,0,1,1
CUST104290,49,Male,East India,Basic,180.84,24,4,Mobile,Net Banking,Documentary,9.8,58,1,2,0,1,0,1
CUST104291,49,Female,Central India,Standard,482.65,34,3,Laptop,Credit Card,Kids,8.0,73,1,1,0,0,1,0
CUST104292,54,Male,South India,Standard,497.14,1,1,Smart TV,Net Banking,Comedy,11.6,63,0,3,0,1,0,0
CUST104293,49,Female,North India,Premium,787.94,29,5,Smart TV,Debit Card,Action,13.4,47,0,3,1,1,1,0
CUST104294,47,Male,West India,Standard,498.32,26,4,Mobile,UPI,Romance,5.1,52,1,3,1,0,0,0
CUST104295,35,Male,South India,Premium,811.85,10,5,Smart TV,Net Banking,Documentary,12.9,31,3,3,0,1,0,0
CUST104296,18,Female,East India,Standard,509.59,1,3,Mobile,UPI,Drama,12.7,53,4,4,1,1,1,0
CUST104297,16,Female,East India,Premium,804.89,45,2,Laptop,Net Banking,Drama,10.5,40,1,3,1,1,0,1
CUST104298,30,Male,Central India,Premium,811.67,17,2,Mobile,Gift Card,Kids,6.1,66,0,4,1,0,0,0
CUST104299,21,Male,East India,Standard,514.45,41,1,Mobile,Net Banking,Drama,3.5,54,0,3,0,1,0,1
CUST104300,61,Male,East India,Standard,513.91,36,1,Mobile,Gift Card,Thriller,0.5,34,2,2,0,0,0,1
CUST104301,41,Male,West India,Basic,213.54,9,4,Smart TV,Net Banking,Drama,2.4,57,0,3,1,1,0,0
CUST104302,25,Male,West India,Basic,181.02,39,2,Tablet,Net Banking,Documentary,2.1,68,1,1,1,1,0,1
CUST104303,59,Male,East India,Premium,770.63,23,3,Mobile,Gift Card,Comedy,13.8,0,0,4,1,1,1,1
CUST104304,64,Male,Central India,Premium,787.3,29,5,Mobile,Credit Card,Romance,0.0,8,3,2,1,0,0,1
CUST104305,29,Female,West India,Standard,492.15,2,5,Smart TV,UPI,Comedy,10.9,48,0,2,0,1,1,1
CUST104306,57,Male,West India,Premium,812.93,18,2,Laptop,Debit Card,Thriller,2.4,67,2,4,0,1,0,1
CUST104307,44,Female,East India,Premium,797.55,28,2,Tablet,Net Banking,Thriller,14.2,45,1,3,0,0,0,0
CUST104308,60,Female,Central India,Standard,491.8,53,5,Mobile,Debit Card,Documentary,19.9,83,1,3,1,1,0,1
CUST104309,34,Male,East India,Standard,501.45,47,4,Laptop,Credit Card,Action,12.2,87,2,3,1,1,0,1
CUST104310,16,Male,North India,Standard,507.04,42,5,Mobile,Net Banking,Thriller,15.3,36,1,4,0,1,0,1
CUST104311,17,Female,North India,Standard,510.64,49,1,Mobile,Gift Card,Kids,13.1,76,1,3,0,0,0,1
CUST104312,49,Male,Central India,Basic,192.8,7,3,Mobile,Gift Card,Thriller,1.7,76,0,1,0,1,0,0
CUST104313,53,Male,North India,Standard,484.64,11,2,Tablet,Net Banking,Documentary,14.6,18,2,3,1,0,0,1
CUST104314,61,Female,Central India,Standard,487.32,7,2,Laptop,Gift Card,Kids,13.0,80,0,1,1,1,1,0
CUST104315,25,Female,North India,Standard,500.8,43,4,Mobile,Credit Card,Comedy,12.9,19,0,2,1,0,0,0
CUST104316,46,Female,South India,Premium,783.22,24,1,Tablet,UPI,Documentary,10.7,38,3,4,1,1,1,0
CUST104317,57,Male,West India,Basic,213.22,55,5,Mobile,UPI,Drama,6.7,14,2,3,1,1,0,1
CUST104318,34,Male,East India,Basic,183.36,56,1,Mobile,Credit Card,Action,11.7,71,1,2,1,1,0,1
CUST104319,65,Female,Central India,Premium,775.64,15,1,Smart TV,Gift Card,Romance,16.6,20,5,3,0,1,0,0
CUST104320,35,Male,North India,Standard,501.33,31,4,Tablet,UPI,Thriller,5.4,53,0,3,1,1,0,0
CUST104321,63,Female,South India,Basic,194.86,51,4,Smart TV,Gift Card,Action,9.2,9,3,1,1,0,0,0
CUST104322,15,Male,North India,Standard,506.07,19,5,Laptop,Gift Card,Documentary,8.1,48,1,3,0,1,0,1
CUST104323,54,Female,South India,Standard,491.51,56,5,Tablet,Debit Card,Comedy,11.0,0,0,1,0,0,0,1
CUST104324,46,Male,East India,Premium,805.05,57,3,Mobile,UPI,Action,14.6,31,0,4,0,1,1,1
CUST104325,44,Female,West India,Standard,514.11,10,1,Mobile,Gift Card,Thriller,11.1,87,1,4,0,1,0,0
CUST104326,57,Male,West India,Basic,189.65,48,5,Mobile,Debit Card,Drama,18.7,13,1,2,0,1,0,1
CUST104327,63,Male,South India,Standard,506.69,52,4,Laptop,Credit Card,Action,7.4,27,0,2,0,1,0,1
CUST104328,61,Female,North India,Premium,825.94,8,3,Smart TV,UPI,Documentary,14.0,39,1,2,0,0,0,1
CUST104329,33,Male,West India,Standard,510.57,1,3,Mobile,Credit Card,Kids,7.6,51,2,1,0,0,0,1
CUST104330,58,Male,North India,Premium,787.1,2,4,Smart TV,Credit Card,Documentary,4.0,26,2,1,0,1,0,0
CUST104331,56,Female,Central India,Basic,204.02,29,5,Smart TV,Net Banking,Action,18.8,14,1,4,0,0,0,0
CUST104332,33,Male,North India,Premium,779.48,42,4,Smart TV,UPI,Documentary,8.7,60,0,1,1,0,0,0
CUST104333,56,Male,Central India,Premium,781.63,10,5,Laptop,Credit Card,Kids,5.4,88,2,1,0,1,0,0
CUST104334,23,Male,Central India,Standard,521.38,42,4,Mobile,Credit Card,Action,7.3,61,1,3,0,1,1,1
CUST104335,51,Female,West India,Basic,205.12,9,4,Smart TV,Credit Card,Action,15.4,0,1,1,1,1,0,0
CUST104336,16,Female,Central India,Premium,822.08,50,2,Mobile,Gift Card,Comedy,17.4,3,1,4,0,1,1,0
CUST104337,63,Female,North India,Standard,505.39,31,5,Laptop,UPI,Documentary,18.7,38,0,4,0,0,1,0
CUST104338,13,Female,East India,Premium,790.82,32,1,Smart TV,UPI,Kids,7.7,26,4,3,1,0,1,0
CUST104339,40,Female,North India,Standard,499.65,2,2,Laptop,UPI,Comedy,9.1,30,3,1,0,1,0,1
CUST104340,36,Male,South India,Basic,203.02,24,2,Mobile,UPI,Kids,11.3,50,1,1,0,1,0,0
CUST104341,47,Male,South India,Basic,232.2,37,2,Smart TV,UPI,Documentary,3.2,83,2,4,0,0,1,0
CUST104342,25,Female,North India,Standard,509.55,53,2,Laptop,Credit Card,Romance,11.5,41,1,2,0,0,0,1
CUST104343,59,Male,South India,Standard,487.85,43,1,Laptop,Debit Card,Comedy,9.0,62,2,2,1,1,0,1
CUST104344,46,Male,East India,Standard,496.1,6,2,Laptop,Net Banking,Drama,20.0,87,4,3,1,1,1,0
CUST104345,23,Male,South India,Standard,506.09,8,1,Mobile,UPI,Romance,7.5,80,1,3,1,1,0,0
CUST104346,48,Male,West India,Premium,782.68,40,1,Mobile,Gift Card,Documentary,9.8,29,1,4,0,1,0,0
CUST104347,63,Female,East India,Basic,198.73,25,2,Smart TV,Debit Card,Comedy,20.4,6,0,2,0,1,0,0
CUST104348,29,Female,West India,Basic,195.93,42,3,Smart TV,Gift Card,Kids,5.9,53,1,4,1,0,0,0
CUST104349,47,Male,West India,Premium,806.29,43,1,Mobile,Credit Card,Drama,11.1,58,0,2,0,0,0,0
CUST104350,30,Male,East India,Standard,497.52,51,2,Mobile,Net Banking,Drama,14.2,67,3,4,1,1,0,1
CUST104351,52,Female,West India,Standard,478.03,25,4,Smart TV,Credit Card,Kids,7.1,71,1,1,1,0,1,0
CUST104352,34,Male,South India,Standard,498.32,46,4,Smart TV,Credit Card,Drama,15.2,65,2,1,0,1,0,0
CUST104353,69,Male,North India,Standard,510.52,11,5,Mobile,UPI,Comedy,8.6,28,0,3,1,1,0,1
CUST104354,36,Male,East India,Basic,220.68,35,1,Tablet,Gift Card,Drama,9.7,58,1,4,1,1,0,1
CUST104355,31,Female,North India,Standard,513.43,1,1,Smart TV,UPI,Romance,0.0,33,1,2,0,1,0,0
CUST104356,49,Female,East India,Premium,775.06,60,4,Smart TV,Credit Card,Thriller,11.0,52,2,3,0,0,1,1
CUST104357,51,Male,East India,Standard,478.96,59,1,Tablet,Net Banking,Documentary,5.4,80,0,1,1,1,0,0
CUST104358,33,Male,West India,Basic,183.14,53,1,Mobile,Debit Card,Thriller,4.6,39,3,4,1,0,0,1
CUST104359,20,Male,North India,Premium,821.58,23,4,Smart TV,Credit Card,Thriller,14.8,57,1,1,0,0,0,1
CUST104360,40,Male,South India,Standard,506.42,3,2,Laptop,Credit Card,Romance,12.7,83,1,3,1,0,0,0
CUST104361,17,Male,North India,Basic,238.59,41,4,Mobile,Credit Card,Documentary,3.6,28,1,4,0,0,0,0
CUST104362,29,Male,East India,Premium,818.27,1,3,Laptop,Gift Card,Thriller,2.1,69,0,4,0,0,1,1
CUST104363,49,Female,South India,Basic,200.43,54,4,Laptop,Debit Card,Drama,0.0,83,2,2,0,1,1,1
CUST104364,48,Female,West India,Premium,792.17,44,4,Mobile,Net Banking,Action,17.4,69,1,4,0,1,0,1
CUST104365,66,Male,South India,Standard,504.61,12,2,Mobile,Credit Card,Thriller,0.0,48,0,3,0,1,0,1
CUST104366,31,Female,South India,Standard,511.62,38,4,Mobile,Debit Card,Kids,12.0,5,1,4,0,0,1,1
CUST104367,39,Male,North India,Standard,517.16,40,4,Smart TV,Credit Card,Romance,2.1,6,0,1,0,0,0,0
CUST104368,65,Male,East India,Basic,194.66,31,2,Mobile,Debit Card,Documentary,16.1,35,1,1,0,1,1,0
CUST104369,46,Female,East India,Standard,531.88,29,4,Mobile,Debit Card,Comedy,15.5,69,1,1,0,1,1,0
CUST104370,23,Female,East India,Premium,798.33,35,2,Laptop,Gift Card,Comedy,5.3,0,3,1,0,1,1,1
CUST104371,66,Male,Central India,Premium,816.75,28,3,Smart TV,Gift Card,Drama,6.5,21,3,4,1,1,0,0
CUST104372,57,Male,West India,Standard,504.05,21,2,Mobile,Debit Card,Thriller,9.3,80,1,1,0,1,1,1
CUST104373,59,Female,North India,Premium,793.69,11,1,Tablet,UPI,Action,6.3,41,1,3,1,0,1,1
CUST104374,24,Female,East India,Basic,169.55,26,1,Laptop,Credit Card,Comedy,15.7,83,1,3,0,1,0,0
CUST104375,66,Male,South India,Basic,180.42,11,2,Mobile,Gift Card,Action,10.1,31,0,3,0,1,0,1
CUST104376,33,Male,Central India,Basic,216.65,5,4,Laptop,Debit Card,Kids,15.7,31,0,4,0,0,0,0
CUST104377,66,Male,West India,Standard,510.29,56,5,Smart TV,UPI,Drama,8.8,5,1,2,1,0,0,1
CUST104378,23,Female,East India,Premium,807.89,7,5,Smart TV,Debit Card,Kids,18.7,5,0,1,0,0,1,0
CUST104379,51,Male,Central India,Standard,522.31,51,3,Mobile,Net Banking,Documentary,0.8,71,3,2,1,1,0,0
CUST104380,40,Female,West India,Premium,784.31,31,3,Mobile,Debit Card,Documentary,7.4,10,2,2,0,1,1,0
CUST104381,17,Male,South India,Standard,491.92,39,5,Mobile,Net Banking,Drama,14.0,28,1,2,0,1,0,1
CUST104382,29,Female,Central India,Standard,492.93,42,5,Mobile,Gift Card,Kids,5.1,32,2,1,0,0,0,1
CUST104383,68,Female,North India,Basic,178.92,8,2,Smart TV,Gift Card,Action,3.1,0,1,4,1,0,1,1
CUST104384,32,Female,West India,Premium,787.01,53,5,Smart TV,Debit Card,Romance,0.0,71,2,3,0,1,0,1
CUST104385,53,Female,Central India,Basic,182.91,27,1,Mobile,Gift Card,Kids,11.8,76,2,4,0,1,0,0
CUST104386,58,Male,Central India,Standard,475.45,21,3,Laptop,Debit Card,Action,15.6,36,0,3,1,0,0,0
CUST104387,24,Female,West India,Basic,185.55,30,3,Smart TV,Debit Card,Action,7.9,36,2,3,0,0,0,1
CUST104388,18,Female,Central India,Basic,198.01,14,1,Smart TV,Net Banking,Romance,13.5,25,0,3,1,0,0,0
CUST104389,29,Female,Central India,Standard,525.81,59,3,Tablet,Credit Card,Drama,21.5,40,1,3,1,1,0,0
CUST104390,63,Male,West India,Basic,183.71,1,5,Tablet,Debit Card,Comedy,15.6,89,1,4,0,1,1,1
CUST104391,31,Male,South India,Premium,815.1,45,3,Mobile,Credit Card,Comedy,14.9,41,1,3,0,0,1,1
CUST104392,38,Male,North India,Standard,502.32,24,1,Smart TV,UPI,Thriller,7.4,59,1,3,0,0,1,0
CUST104393,60,Male,West India,Standard,505.55,6,3,Laptop,Gift Card,Documentary,7.6,87,1,4,1,0,1,0
CUST104394,56,Male,East India,Standard,501.17,6,5,Mobile,UPI,Kids,12.2,2,2,2,0,0,1,0
CUST104395,56,Male,Central India,Standard,471.2,53,2,Mobile,UPI,Documentary,9.8,12,1,3,0,0,0,0
CUST104396,64,Female,North India,Premium,783.23,5,5,Mobile,Debit Card,Thriller,12.8,10,0,1,0,0,0,0
CUST104397,44,Female,North India,Basic,207.6,35,3,Mobile,UPI,Action,0.0,56,2,2,1,1,1,0
CUST104398,18,Female,West India,Basic,199.69,44,4,Tablet,Debit Card,Drama,6.5,68,1,4,0,1,0,1
CUST104399,67,Male,East India,Basic,174.31,15,3,Laptop,Gift Card,Documentary,16.6,64,2,2,1,0,1,1
CUST104400,48,Female,East India,Premium,795.74,35,3,Mobile,Gift Card,Action,0.0,31,0,1,1,1,1,1
CUST104401,50,Female,South India,Premium,807.89,48,1,Laptop,UPI,Comedy,5.4,12,1,3,1,0,0,0
CUST104402,23,Male,East India,Basic,180.19,50,4,Mobile,Debit Card,Action,8.5,16,0,2,1,1,1,0
CUST104403,45,Female,West India,Standard,493.05,41,1,Mobile,Net Banking,Thriller,0.0,65,2,4,0,0,1,1
CUST104404,36,Male,North India,Basic,221.78,8,1,Mobile,Net Banking,Drama,13.5,20,0,4,0,0,0,1
CUST104405,35,Female,North India,Basic,207.84,43,5,Mobile,Credit Card,Kids,12.3,84,2,1,1,1,1,0
CUST104406,27,Male,East India,Standard,522.8,35,2,Mobile,Credit Card,Documentary,0.0,69,1,3,1,1,1,1
CUST104407,39,Male,Central India,Basic,193.35,5,3,Laptop,Credit Card,Thriller,8.0,53,2,4,0,0,0,1
CUST104408,23,Male,South India,Standard,515.23,31,4,Mobile,UPI,Comedy,8.5,14,2,4,0,1,0,1
CUST104409,69,Female,East India,Standard,483.53,42,3,Laptop,Debit Card,Romance,13.9,14,0,3,0,1,0,1
CUST104410,63,Female,West India,Premium,811.45,31,1,Mobile,Credit Card,Comedy,14.4,8,2,4,0,1,0,0
CUST104411,62,Male,South India,Standard,488.28,37,2,Smart TV,Debit Card,Romance,14.9,75,0,4,0,0,0,1
CUST104412,29,Male,East India,Standard,505.86,8,1,Laptop,UPI,Kids,16.3,70,2,4,1,0,1,1
CUST104413,63,Female,South India,Standard,506.62,6,3,Mobile,Debit Card,Drama,11.3,87,0,3,0,1,0,1
CUST104414,65,Female,Central India,Basic,209.32,23,5,Smart TV,Debit Card,Kids,19.0,20,3,2,0,0,1,1
CUST104415,26,Male,West India,Standard,483.88,53,3,Smart TV,UPI,Kids,13.5,8,1,4,1,1,0,0
CUST104416,39,Female,East India,Basic,203.75,16,1,Mobile,Net Banking,Romance,9.7,65,1,4,0,1,0,1
CUST104417,30,Female,North India,Basic,199.38,44,4,Mobile,Debit Card,Romance,20.4,70,1,2,0,0,1,1
CUST104418,40,Female,West India,Standard,517.82,49,4,Smart TV,Debit Card,Kids,5.5,1,2,4,0,1,1,1
CUST104419,63,Male,Central India,Premium,789.4,8,4,Mobile,Gift Card,Documentary,10.6,55,2,2,0,1,0,1
CUST104420,59,Male,Central India,Basic,179.41,4,4,Mobile,Gift Card,Comedy,11.3,11,0,3,1,1,1,0
CUST104421,59,Female,North India,Basic,174.32,32,4,Laptop,Credit Card,Thriller,13.1,55,4,3,1,1,0,1
CUST104422,16,Male,West India,Basic,194.71,53,2,Tablet,Credit Card,Comedy,7.2,78,2,4,1,0,0,1
CUST104423,19,Female,East India,Standard,492.6,49,2,Mobile,UPI,Documentary,6.3,50,3,4,0,1,1,0
CUST104424,57,Female,North India,Standard,494.49,3,5,Laptop,UPI,Action,16.9,69,1,1,0,1,0,1
CUST104425,47,Male,East India,Basic,194.56,50,4,Tablet,Gift Card,Comedy,3.1,58,1,3,0,1,0,0
CUST104426,60,Male,South India,Premium,819.92,16,1,Mobile,Gift Card,Comedy,17.3,70,1,4,1,1,0,0
CUST104427,21,Male,East India,Premium,796.79,60,1,Smart TV,Credit Card,Comedy,9.5,10,1,3,1,1,0,0
CUST104428,20,Female,South India,Standard,515.97,34,3,Mobile,Gift Card,Action,11.5,2,2,1,0,1,0,0
CUST104429,64,Female,East India,Standard,504.76,13,4,Laptop,Debit Card,Documentary,7.0,33,2,3,1,1,0,1
CUST104430,57,Male,South India,Standard,485.31,33,1,Mobile,Debit Card,Thriller,8.7,84,1,4,1,1,0,1
CUST104431,29,Male,West India,Standard,499.13,22,5,Mobile,Gift Card,Documentary,16.1,18,2,3,1,0,0,1
CUST104432,29,Male,Central India,Standard,522.18,31,1,Smart TV,UPI,Drama,7.3,6,2,3,1,0,0,1
CUST104433,61,Female,West India,Basic,214.23,24,5,Laptop,Credit Card,Kids,0.0,10,0,4,0,0,1,0
CUST104434,45,Female,North India,Standard,517.04,3,4,Mobile,Debit Card,Thriller,10.3,62,3,1,1,0,0,1
CUST104435,44,Female,West India,Standard,506.57,33,3,Smart TV,UPI,Action,5.5,66,2,4,1,1,0,0
CUST104436,20,Male,West India,Basic,191.84,30,3,Tablet,Gift Card,Drama,4.4,55,3,3,1,0,0,1
CUST104437,31,Male,Central India,Basic,223.6,26,2,Laptop,Credit Card,Comedy,6.0,42,1,2,0,1,0,0
CUST104438,50,Female,West India,Basic,207.39,34,4,Laptop,Credit Card,Comedy,22.9,55,1,1,0,1,1,1
CUST104439,15,Male,North India,Premium,812.96,51,1,Tablet,UPI,Kids,8.9,44,0,4,0,0,1,0
CUST104440,17,Male,West India,Basic,200.63,22,3,Laptop,UPI,Documentary,7.1,59,0,4,0,0,1,1
CUST104441,25,Male,West India,Premium,783.5,30,5,Laptop,UPI,Action,15.1,32,3,2,0,1,0,1
CUST104442,59,Male,West India,Standard,504.92,35,5,Tablet,Gift Card,Action,13.3,27,0,3,1,0,0,1
CUST104443,58,Female,West India,Premium,824.41,25,1,Laptop,Gift Card,Comedy,17.0,56,2,1,0,1,0,0
CUST104444,43,Male,Central India,Standard,511.12,28,1,Smart TV,UPI,Comedy,18.7,51,1,2,1,1,0,1
CUST104445,67,Female,Central India,Premium,807.31,33,4,Smart TV,Gift Card,Kids,24.7,3,1,4,0,1,0,1
CUST104446,28,Female,North India,Basic,186.1,23,1,Mobile,Credit Card,Kids,5.6,16,1,1,1,1,0,1
CUST104447,62,Male,North India,Standard,521.85,26,1,Mobile,Net Banking,Kids,15.9,34,0,4,0,0,1,0
CUST104448,44,Female,North India,Basic,219.21,56,1,Laptop,Gift Card,Action,5.7,41,0,1,1,0,0,1
CUST104449,34,Female,West India,Standard,472.27,9,3,Smart TV,Credit Card,Action,8.9,59,0,2,0,0,0,1
CUST104450,41,Male,East India,Standard,512.93,8,4,Laptop,Net Banking,Documentary,13.2,25,3,3,0,1,1,0
CUST104451,34,Female,West India,Standard,495.26,37,1,Tablet,Net Banking,Comedy,10.5,47,0,4,1,0,1,0
CUST104452,55,Female,East India,Standard,503.38,33,1,Smart TV,UPI,Action,12.1,63,2,1,0,0,0,1
CUST104453,15,Female,North India,Basic,186.74,15,5,Mobile,UPI,Romance,8.9,16,2,1,1,0,0,1
CUST104454,66,Female,West India,Standard,500.81,49,3,Smart TV,Credit Card,Drama,4.6,71,2,3,1,0,0,1
CUST104455,22,Female,North India,Standard,482.5,47,1,Mobile,UPI,Drama,14.7,72,1,1,1,0,0,1
CUST104456,54,Female,Central India,Basic,186.95,8,3,Smart TV,Net Banking,Romance,2.9,6,1,1,0,1,0,1
CUST104457,33,Female,North India,Premium,806.77,55,4,Smart TV,Credit Card,Drama,18.6,64,0,2,1,1,0,0
CUST104458,28,Female,West India,Premium,787.65,21,4,Laptop,Credit Card,Romance,9.7,51,2,1,0,1,1,0
CUST104459,24,Male,Central India,Premium,805.43,58,2,Mobile,Credit Card,Thriller,16.1,40,0,2,0,1,0,0
CUST104460,14,Male,Central India,Premium,800.65,3,5,Mobile,UPI,Drama,21.7,15,1,4,1,0,0,1
CUST104461,53,Male,East India,Basic,234.73,9,2,Mobile,UPI,Romance,11.2,65,0,1,1,1,1,1
CUST104462,36,Female,South India,Premium,789.3,52,3,Smart TV,UPI,Action,3.7,71,1,2,1,1,1,0
CUST104463,47,Female,Central India,Standard,493.96,14,5,Smart TV,Gift Card,Thriller,17.2,85,1,3,0,1,0,0
CUST104464,68,Female,South India,Basic,188.25,38,1,Smart TV,Gift Card,Romance,8.6,55,2,3,0,0,0,1
CUST104465,42,Male,North India,Premium,820.45,27,5,Mobile,Gift Card,Kids,2.9,26,0,3,1,0,1,0
CUST104466,69,Male,North India,Basic,200.6,20,5,Laptop,Credit Card,Comedy,15.7,17,3,2,1,0,0,0
CUST104467,42,Male,Central India,Standard,496.58,57,4,Tablet,UPI,Action,13.7,62,1,3,0,1,0,0
CUST104468,59,Female,East India,Basic,210.55,4,2,Mobile,Gift Card,Drama,11.1,79,1,1,1,1,0,0
CUST104469,47,Male,North India,Standard,485.95,24,4,Laptop,Credit Card,Kids,5.1,25,0,2,0,0,0,0
CUST104470,31,Male,South India,Standard,478.87,27,4,Mobile,Net Banking,Kids,17.4,21,2,4,1,1,0,0
CUST104471,62,Female,Central India,Standard,503.28,12,2,Laptop,Gift Card,Comedy,16.3,57,0,4,1,1,0,1
CUST104472,20,Male,Central India,Basic,201.43,28,4,Smart TV,Credit Card,Kids,9.8,0,0,4,1,1,1,1
CUST104473,38,Female,East India,Standard,487.95,35,5,Smart TV,Debit Card,Drama,19.7,45,2,2,0,0,0,1
CUST104474,61,Male,Central India,Standard,504.33,24,3,Mobile,Gift Card,Documentary,15.9,85,1,2,0,1,0,0
CUST104475,52,Female,West India,Basic,226.75,31,1,Laptop,Net Banking,Thriller,5.9,26,0,1,0,1,0,0
CUST104476,19,Female,South India,Premium,805.71,59,1,Mobile,Credit Card,Kids,7.2,43,0,4,0,0,0,0
CUST104477,42,Female,West India,Standard,469.27,3,4,Tablet,Gift Card,Comedy,12.1,32,3,4,0,0,1,1
CUST104478,19,Female,West India,Premium,820.26,30,2,Mobile,Gift Card,Drama,9.0,82,1,3,1,1,0,1
CUST104479,15,Female,South India,Basic,228.84,27,5,Mobile,Debit Card,Documentary,11.4,32,1,1,0,1,0,0
CUST104480,13,Male,Central India,Basic,206.94,53,4,Smart TV,Credit Card,Thriller,3.9,53,2,1,0,0,0,0
CUST104481,48,Female,Central India,Basic,201.57,17,5,Laptop,Credit Card,Drama,5.9,24,0,2,1,1,1,1
CUST104482,37,Female,West India,Standard,475.79,6,5,Smart TV,Credit Card,Action,10.4,5,1,2,1,1,0,0
CUST104483,49,Female,South India,Basic,186.02,47,1,Mobile,UPI,Documentary,11.5,47,3,3,1,1,0,0
CUST104484,13,Female,North India,Standard,494.4,43,3,Laptop,Debit Card,Comedy,11.3,59,0,4,0,1,0,0
CUST104485,27,Male,South India,Standard,487.98,18,3,Smart TV,Credit Card,Drama,2.3,61,1,3,0,1,1,1
CUST104486,49,Female,West India,Basic,191.36,60,2,Mobile,Debit Card,Comedy,11.0,14,1,2,0,1,1,1
CUST104487,25,Male,South India,Standard,500.85,35,3,Smart TV,UPI,Action,16.0,75,2,4,1,1,0,0
CUST104488,52,Female,South India,Premium,788.73,27,4,Smart TV,Credit Card,Comedy,7.6,58,0,4,1,1,0,0
CUST104489,20,Female,North India,Basic,221.79,17,1,Smart TV,Debit Card,Documentary,5.8,37,2,4,1,1,0,1
CUST104490,17,Male,East India,Standard,500.12,11,1,Laptop,Debit Card,Thriller,7.4,14,2,3,0,1,0,1
CUST104491,21,Male,East India,Standard,506.57,38,5,Laptop,UPI,Romance,8.1,30,1,3,1,1,0,0
CUST104492,13,Male,North India,Standard,506.64,37,4,Laptop,Debit Card,Romance,17.1,64,2,2,0,1,1,0
CUST104493,48,Female,South India,Premium,804.74,42,4,Smart TV,UPI,Drama,2.4,19,1,3,0,1,0,1
CUST104494,47,Male,West India,Premium,799.71,34,5,Mobile,Gift Card,Romance,4.0,28,2,2,0,1,1,0
CUST104495,14,Female,North India,Standard,513.99,47,5,Laptop,Debit Card,Kids,0.0,74,0,2,0,0,0,1
CUST104496,52,Male,East India,Standard,517.14,32,1,Tablet,UPI,Thriller,17.1,72,3,1,0,1,0,1
CUST104497,35,Male,East India,Standard,468.05,43,4,Mobile,Net Banking,Drama,11.8,15,3,1,1,0,1,0
CUST104498,21,Female,North India,Standard,477.44,56,3,Smart TV,Credit Card,Romance,2.6,79,1,4,1,0,0,0
CUST104499,46,Male,South India,Basic,190.86,57,3,Laptop,Credit Card,Comedy,8.7,32,1,4,0,1,1,0
CUST104500,58,Male,Central India,Premium,782.27,46,1,Smart TV,Credit Card,Comedy,12.7,54,1,4,0,1,0,0
CUST104501,26,Female,West India,Premium,787.97,46,3,Tablet,UPI,Romance,13.6,18,2,1,1,1,1,0
CUST104502,16,Female,Central India,Basic,192.21,35,3,Smart TV,UPI,Documentary,16.1,88,0,3,0,1,1,0
CUST104503,42,Female,West India,Basic,195.15,28,4,Smart TV,Credit Card,Comedy,0.3,49,1,2,0,1,1,0
CUST104504,43,Male,Central India,Premium,776.63,54,4,Mobile,UPI,Action,16.4,33,1,4,0,0,0,1
CUST104505,50,Male,Central India,Basic,192.79,22,2,Tablet,Debit Card,Documentary,0.0,63,2,4,0,0,0,1
CUST104506,23,Male,West India,Standard,520.34,16,4,Mobile,Debit Card,Drama,15.8,23,2,4,0,1,0,1
CUST104507,47,Male,West India,Basic,195.23,46,2,Tablet,Debit Card,Comedy,15.2,31,3,2,0,1,1,1
CUST104508,20,Male,East India,Basic,207.88,42,4,Mobile,Gift Card,Drama,24.4,2,1,2,0,1,0,0
CUST104509,15,Female,South India,Basic,197.99,54,5,Mobile,Credit Card,Comedy,7.6,12,1,3,0,1,0,1
CUST104510,26,Male,South India,Standard,500.72,40,4,Smart TV,Net Banking,Documentary,5.6,86,1,3,0,1,0,1
CUST104511,25,Female,East India,Basic,197.27,12,2,Smart TV,Credit Card,Kids,11.8,11,1,4,0,1,0,0
CUST104512,57,Male,Central India,Standard,510.14,5,3,Smart TV,Debit Card,Action,11.0,61,2,2,0,0,0,1
CUST104513,44,Female,West India,Standard,486.69,26,4,Mobile,Credit Card,Drama,23.3,44,0,4,0,0,0,0
CUST104514,46,Male,North India,Standard,501.57,26,3,Smart TV,Gift Card,Thriller,1.5,23,3,4,0,0,0,1
CUST104515,57,Male,Central India,Standard,490.35,13,3,Tablet,Debit Card,Comedy,5.7,23,0,2,0,0,1,0
CUST104516,31,Female,South India,Standard,509.05,24,4,Tablet,Gift Card,Documentary,3.7,80,2,1,1,0,0,1
CUST104517,50,Male,West India,Standard,482.38,44,4,Mobile,Gift Card,Romance,12.6,14,1,1,0,0,0,0
CUST104518,28,Female,East India,Standard,508.76,3,5,Smart TV,Gift Card,Drama,7.2,49,1,3,1,0,1,0
CUST104519,14,Male,Central India,Standard,502.13,32,2,Laptop,Debit Card,Romance,12.6,87,1,4,1,1,1,0
CUST104520,52,Male,North India,Premium,780.03,23,4,Smart TV,Gift Card,Documentary,13.9,87,1,2,0,1,1,1
CUST104521,29,Female,Central India,Standard,525.19,49,3,Mobile,Gift Card,Drama,13.3,66,2,3,0,1,1,0
CUST104522,67,Male,East India,Basic,207.37,52,3,Smart TV,Net Banking,Action,9.6,44,2,4,0,0,0,1
CUST104523,46,Female,North India,Standard,482.71,37,4,Laptop,Credit Card,Romance,14.2,64,2,2,0,0,0,0
CUST104524,54,Male,Central India,Basic,201.35,55,2,Mobile,Net Banking,Kids,11.1,19,1,4,0,1,1,1
CUST104525,28,Male,East India,Basic,174.41,38,3,Mobile,Credit Card,Comedy,7.3,20,1,4,0,0,0,0
CUST104526,50,Male,Central India,Standard,473.28,45,5,Mobile,Debit Card,Romance,7.0,11,1,3,0,1,0,1
CUST104527,14,Male,West India,Premium,816.94,38,3,Laptop,Net Banking,Drama,8.4,84,0,4,0,0,1,0
CUST104528,14,Male,Central India,Standard,481.0,13,2,Laptop,UPI,Romance,18.9,82,2,4,0,1,1,0
CUST104529,38,Male,East India,Premium,810.81,15,1,Mobile,Debit Card,Thriller,10.2,18,0,1,1,1,0,0
CUST104530,25,Male,South India,Standard,516.51,2,5,Laptop,Debit Card,Comedy,10.6,1,2,1,1,1,1,0
CUST104531,68,Female,East India,Basic,184.24,11,5,Mobile,Credit Card,Comedy,9.5,32,6,1,1,1,0,1
CUST104532,59,Male,Central India,Premium,830.2,16,1,Smart TV,Credit Card,Documentary,3.9,36,2,4,1,0,0,1
CUST104533,43,Male,West India,Standard,500.39,18,5,Smart TV,Gift Card,Comedy,0.2,9,0,2,0,1,1,0
CUST104534,46,Male,South India,Premium,799.73,34,5,Smart TV,UPI,Drama,12.1,31,2,2,0,1,0,0
CUST104535,51,Female,East India,Premium,784.03,10,5,Laptop,Debit Card,Action,4.6,80,0,1,0,1,0,1
CUST104536,15,Female,South India,Premium,784.3,13,3,Smart TV,Debit Card,Drama,12.8,29,2,3,0,1,1,0
CUST104537,20,Male,West India,Basic,166.09,32,3,Mobile,Net Banking,Kids,10.0,13,1,4,0,1,1,0
CUST104538,35,Male,North India,Basic,187.35,60,4,Mobile,Credit Card,Comedy,16.2,4,5,4,0,1,0,0
CUST104539,26,Male,South India,Premium,816.49,8,4,Tablet,Net Banking,Thriller,14.8,35,0,3,0,1,1,0
CUST104540,68,Female,East India,Standard,483.73,7,3,Mobile,Credit Card,Kids,13.8,76,0,2,0,0,0,0
CUST104541,67,Male,West India,Standard,485.03,48,5,Laptop,Credit Card,Thriller,4.6,57,3,1,0,0,0,0
CUST104542,39,Female,East India,Basic,179.71,17,2,Smart TV,Net Banking,Kids,0.0,79,2,2,1,1,0,0
CUST104543,66,Male,West India,Basic,178.58,41,1,Mobile,Net Banking,Drama,17.5,12,1,1,0,0,0,0
CUST104544,41,Female,East India,Standard,512.31,27,4,Laptop,Net Banking,Drama,10.5,87,2,3,0,1,0,0
CUST104545,51,Female,West India,Basic,180.78,59,5,Tablet,Credit Card,Drama,9.3,17,2,2,1,0,0,1
CUST104546,65,Male,Central India,Basic,197.02,8,4,Mobile,UPI,Drama,8.6,7,0,4,0,1,0,1
CUST104547,51,Male,East India,Basic,193.67,29,2,Mobile,Net Banking,Romance,13.2,68,0,3,1,0,1,1
CUST104548,13,Male,West India,Basic,213.35,57,5,Laptop,Credit Card,Documentary,17.1,47,3,1,0,0,1,1
CUST104549,29,Male,North India,Premium,786.46,52,3,Smart TV,Net Banking,Drama,6.7,77,1,4,0,0,1,0
CUST104550,53,Male,West India,Standard,492.54,37,2,Smart TV,UPI,Documentary,0.3,2,1,1,1,1,0,1
CUST104551,42,Male,North India,Basic,182.61,27,4,Smart TV,UPI,Comedy,20.7,69,1,1,0,1,0,0
CUST104552,65,Male,South India,Basic,189.4,37,5,Smart TV,Gift Card,Drama,12.3,16,3,4,0,0,0,0
CUST104553,25,Female,West India,Standard,485.48,59,5,Mobile,Gift Card,Romance,12.7,50,1,2,0,0,0,1
CUST104554,33,Male,South India,Basic,196.83,57,1,Smart TV,UPI,Drama,0.0,56,2,1,1,1,0,0
CUST104555,31,Male,South India,Premium,823.01,24,1,Mobile,Net Banking,Romance,11.6,42,0,4,0,1,0,1
CUST104556,65,Female,Central India,Premium,795.95,45,1,Laptop,Gift Card,Thriller,0.0,41,0,1,0,0,0,0
CUST104557,31,Male,West India,Premium,816.62,16,3,Smart TV,Credit Card,Comedy,8.2,28,1,1,1,0,0,0
CUST104558,69,Male,Central India,Standard,513.18,26,5,Laptop,UPI,Comedy,14.2,85,0,4,0,1,1,1
CUST104559,37,Male,Central India,Standard,498.36,54,5,Tablet,Net Banking,Drama,11.9,54,0,2,0,0,0,0
CUST104560,34,Male,South India,Standard,513.42,31,4,Tablet,Credit Card,Romance,14.2,69,2,1,1,0,1,0
CUST104561,43,Female,East India,Basic,202.46,27,3,Smart TV,UPI,Comedy,6.8,42,1,1,1,0,0,0
CUST104562,29,Female,South India,Basic,177.57,26,1,Mobile,UPI,Action,4.5,59,0,3,0,1,1,1
CUST104563,67,Male,South India,Basic,198.42,43,5,Mobile,Net Banking,Kids,7.9,40,3,3,1,0,1,1
CUST104564,35,Male,North India,Standard,502.09,15,1,Smart TV,Net Banking,Thriller,9.8,48,2,2,0,0,0,1
CUST104565,44,Female,East India,Basic,225.44,58,2,Laptop,Debit Card,Comedy,6.5,77,1,3,0,1,0,1
CUST104566,22,Male,South India,Basic,185.03,49,3,Mobile,Net Banking,Action,9.4,83,1,2,0,1,1,0
CUST104567,22,Female,East India,Standard,505.87,15,1,Tablet,Credit Card,Romance,10.1,26,2,1,0,1,1,0
CUST104568,48,Female,North India,Premium,780.54,23,3,Mobile,Gift Card,Drama,11.6,2,2,1,0,0,0,1
CUST104569,20,Female,East India,Basic,222.14,25,5,Smart TV,Net Banking,Thriller,22.9,80,0,4,0,1,0,1
CUST104570,66,Male,West India,Standard,517.36,44,2,Smart TV,Net Banking,Kids,4.2,67,1,2,0,1,1,1
CUST104571,64,Male,North India,Basic,181.02,4,4,Smart TV,Gift Card,Thriller,14.2,41,1,3,0,1,0,0
CUST104572,32,Male,East India,Premium,825.12,36,2,Smart TV,Gift Card,Thriller,10.2,76,0,4,1,1,0,0
CUST104573,44,Female,Central India,Basic,215.16,53,3,Mobile,UPI,Action,21.0,53,0,2,0,1,0,0
CUST104574,62,Male,East India,Premium,817.98,16,2,Tablet,UPI,Documentary,4.8,0,0,2,1,1,0,0
CUST104575,26,Male,North India,Basic,222.55,47,5,Tablet,Gift Card,Thriller,8.6,20,1,3,0,1,0,1
CUST104576,62,Female,Central India,Premium,815.89,40,3,Smart TV,Gift Card,Action,7.8,66,0,3,1,0,0,0
CUST104577,40,Male,East India,Basic,193.96,59,3,Mobile,Gift Card,Kids,0.0,46,0,2,0,0,1,0
CUST104578,58,Male,East India,Basic,221.53,21,5,Mobile,Credit Card,Romance,10.0,88,1,2,1,0,0,0
CUST104579,64,Male,North India,Basic,185.6,52,1,Mobile,Debit Card,Documentary,10.7,58,2,4,0,0,1,1
CUST104580,65,Female,Central India,Basic,187.37,40,4,Smart TV,Credit Card,Romance,6.2,0,0,1,0,0,1,0
CUST104581,36,Male,Central India,Premium,792.17,43,2,Smart TV,Debit Card,Action,0.0,13,1,2,0,0,0,1
CUST104582,27,Female,East India,Standard,504.0,53,4,Smart TV,UPI,Action,15.3,39,2,2,0,1,0,0
CUST104583,34,Female,West India,Standard,485.23,56,4,Smart TV,Gift Card,Action,20.3,66,1,3,0,0,1,0
CUST104584,42,Female,North India,Premium,781.03,17,5,Laptop,Credit Card,Thriller,17.5,8,1,2,0,1,1,0
CUST104585,16,Male,North India,Standard,485.26,3,1,Mobile,Gift Card,Drama,10.2,68,3,1,0,1,0,0
CUST104586,25,Male,South India,Premium,793.55,7,4,Smart TV,Gift Card,Kids,9.2,24,3,2,0,0,0,1
CUST104587,35,Male,Central India,Basic,200.06,12,3,Laptop,Gift Card,Thriller,17.4,63,0,3,1,1,1,0
CUST104588,20,Female,Central India,Premium,787.58,1,1,Tablet,Credit Card,Kids,17.3,59,1,1,1,0,0,0
CUST104589,30,Female,South India,Basic,180.83,43,5,Laptop,Gift Card,Kids,11.2,32,2,2,0,0,1,0
CUST104590,24,Male,East India,Standard,504.85,37,4,Smart TV,UPI,Thriller,10.5,4,1,4,0,1,1,1
CUST104591,67,Female,East India,Standard,526.07,6,5,Laptop,Debit Card,Thriller,13.9,75,1,4,1,0,0,0
CUST104592,43,Male,North India,Standard,492.78,46,2,Tablet,Net Banking,Thriller,11.2,51,0,1,1,1,0,0
CUST104593,26,Male,East India,Standard,512.38,60,5,Laptop,UPI,Documentary,18.1,74,1,3,1,1,0,0
CUST104594,46,Male,West India,Standard,499.03,49,3,Mobile,Debit Card,Documentary,13.4,32,2,1,0,0,0,1
CUST104595,30,Male,West India,Premium,808.56,23,5,Smart TV,Net Banking,Action,14.3,15,0,4,1,0,0,0
CUST104596,68,Male,West India,Premium,811.23,25,1,Laptop,Gift Card,Comedy,14.0,2,0,2,1,0,1,0
CUST104597,46,Male,South India,Premium,799.07,25,2,Smart TV,UPI,Kids,9.5,4,2,1,0,0,0,1
CUST104598,23,Male,West India,Premium,784.25,3,3,Smart TV,Net Banking,Comedy,20.8,61,1,1,1,1,1,0
CUST104599,53,Female,South India,Premium,780.54,4,2,Mobile,Net Banking,Drama,9.5,18,0,4,1,1,0,0
CUST104600,24,Male,North India,Premium,816.25,30,3,Smart TV,Net Banking,Romance,8.9,10,0,1,1,1,0,0
CUST104601,61,Female,North India,Premium,808.46,33,2,Smart TV,Gift Card,Action,8.5,84,1,1,1,0,0,0
CUST104602,27,Female,West India,Standard,513.7,29,4,Mobile,Debit Card,Kids,20.8,72,1,3,0,1,0,1
CUST104603,69,Male,South India,Premium,809.14,4,5,Laptop,Debit Card,Drama,0.0,17,2,1,0,1,0,0
CUST104604,43,Female,West India,Premium,815.08,14,1,Mobile,UPI,Documentary,6.3,11,2,3,0,0,0,1
CUST104605,61,Female,East India,Standard,502.33,21,1,Smart TV,Gift Card,Thriller,14.3,42,0,4,0,1,0,0
CUST104606,41,Female,South India,Standard,476.21,7,4,Laptop,Debit Card,Romance,12.1,86,1,3,0,0,1,0
CUST104607,38,Male,South India,Basic,203.22,21,2,Smart TV,UPI,Romance,11.5,49,2,2,1,1,0,0
CUST104608,30,Male,South India,Premium,825.9,56,5,Smart TV,Debit Card,Drama,12.7,39,0,2,0,1,1,0
CUST104609,44,Male,South India,Premium,804.27,7,4,Mobile,Credit Card,Drama,16.9,76,0,1,0,1,0,0
CUST104610,34,Male,East India,Standard,480.56,1,2,Smart TV,Gift Card,Documentary,11.4,34,2,1,1,1,0,1
CUST104611,50,Male,West India,Basic,210.02,60,5,Tablet,Credit Card,Action,11.2,56,2,2,1,0,1,0
CUST104612,29,Female,North India,Basic,231.52,34,2,Laptop,Debit Card,Thriller,18.0,55,1,2,1,1,0,0
CUST104613,35,Female,Central India,Standard,490.63,23,1,Smart TV,Debit Card,Romance,11.4,27,0,4,0,0,0,0
CUST104614,36,Male,Central India,Basic,203.89,3,5,Smart TV,Credit Card,Thriller,14.4,61,2,3,0,1,0,1
CUST104615,62,Female,South India,Standard,506.13,18,1,Mobile,Gift Card,Action,0.0,86,0,2,0,1,0,0
CUST104616,20,Female,South India,Premium,802.05,43,1,Smart TV,UPI,Kids,7.4,14,1,1,0,0,0,1
CUST104617,53,Female,North India,Standard,510.97,12,5,Mobile,Net Banking,Documentary,5.9,7,0,3,0,0,0,0
CUST104618,18,Female,Central India,Standard,492.92,14,4,Laptop,Credit Card,Kids,5.6,14,3,4,0,1,0,0
CUST104619,17,Male,South India,Premium,808.4,41,2,Mobile,Gift Card,Documentary,7.9,64,1,2,0,0,0,0
CUST104620,56,Male,East India,Standard,516.51,28,5,Mobile,Gift Card,Drama,7.8,34,3,1,1,0,0,1
CUST104621,69,Male,Central India,Basic,195.46,42,1,Mobile,Net Banking,Comedy,15.3,57,0,1,0,0,1,0
CUST104622,41,Female,East India,Standard,511.08,45,2,Smart TV,UPI,Romance,5.5,75,1,1,0,0,1,1
CUST104623,40,Female,North India,Standard,493.32,24,5,Smart TV,UPI,Comedy,15.7,8,2,2,1,0,0,1
CUST104624,23,Male,North India,Premium,778.35,24,4,Mobile,Debit Card,Documentary,14.6,38,0,4,0,0,0,1
CUST104625,69,Male,Central India,Premium,778.3,3,5,Laptop,Debit Card,Action,3.7,20,1,4,0,1,1,1
CUST104626,13,Female,West India,Basic,205.92,59,5,Smart TV,Credit Card,Kids,1.3,59,0,1,0,0,0,1
CUST104627,55,Male,Central India,Basic,170.86,58,3,Mobile,UPI,Action,8.2,42,1,4,0,1,0,1
CUST104628,31,Male,East India,Basic,200.39,9,2,Mobile,Credit Card,Comedy,16.9,62,1,2,0,1,0,1
CUST104629,21,Female,West India,Standard,487.14,24,5,Laptop,Debit Card,Kids,11.9,41,1,3,0,1,0,0
CUST104630,39,Female,East India,Premium,766.09,60,1,Mobile,Credit Card,Action,20.9,82,0,2,1,1,0,1
CUST104631,46,Male,East India,Standard,509.24,2,1,Laptop,Net Banking,Action,1.5,33,6,1,1,1,0,1
CUST104632,56,Female,East India,Standard,477.95,55,3,Smart TV,Credit Card,Romance,2.4,16,1,4,1,1,1,0
CUST104633,16,Male,South India,Premium,833.63,40,1,Laptop,Debit Card,Romance,3.2,64,3,2,0,0,0,1
CUST104634,48,Female,West India,Premium,823.56,28,5,Smart TV,Debit Card,Kids,14.3,24,0,4,0,1,0,0
CUST104635,30,Female,South India,Basic,198.0,7,2,Mobile,Net Banking,Thriller,14.1,57,0,3,1,1,0,1
CUST104636,27,Male,South India,Premium,768.86,9,3,Tablet,Net Banking,Romance,13.0,9,1,1,1,1,0,1
CUST104637,63,Female,East India,Standard,503.44,45,3,Mobile,UPI,Kids,11.7,77,3,4,0,1,0,1
CUST104638,25,Male,North India,Basic,226.52,39,4,Mobile,Net Banking,Action,18.9,5,1,1,1,1,0,0
CUST104639,31,Female,Central India,Standard,514.93,60,4,Smart TV,Net Banking,Thriller,9.8,49,2,2,1,0,0,1
CUST104640,61,Male,North India,Basic,215.88,39,2,Tablet,UPI,Kids,16.9,19,2,4,0,1,0,1
CUST104641,18,Female,East India,Basic,222.15,33,2,Mobile,Net Banking,Thriller,23.7,45,4,2,0,1,0,0
CUST104642,60,Female,Central India,Standard,480.2,34,3,Smart TV,Gift Card,Kids,6.1,75,0,4,1,1,0,1
CUST104643,68,Male,Central India,Standard,515.3,21,5,Smart TV,Gift Card,Comedy,7.2,10,1,4,0,1,0,0
CUST104644,24,Female,East India,Standard,528.12,29,5,Mobile,Gift Card,Romance,0.0,78,1,3,0,1,0,1
CUST104645,63,Male,South India,Standard,489.7,27,4,Smart TV,Net Banking,Thriller,14.2,27,0,3,0,1,0,0
CUST104646,49,Female,Central India,Basic,192.97,17,2,Smart TV,Debit Card,Documentary,8.1,1,1,1,1,1,1,0
CUST104647,29,Female,Central India,Standard,522.3,60,2,Smart TV,Debit Card,Drama,9.5,63,1,2,0,0,0,0
CUST104648,35,Male,Central India,Standard,519.92,42,5,Mobile,UPI,Romance,22.1,13,1,1,1,0,0,0
CUST104649,38,Female,Central India,Standard,485.95,47,4,Tablet,Debit Card,Thriller,13.8,68,2,3,0,1,0,1
CUST104650,41,Female,West India,Premium,779.59,48,5,Mobile,Debit Card,Documentary,5.0,73,0,4,0,0,0,1
CUST104651,45,Male,South India,Basic,197.29,23,5,Smart TV,UPI,Documentary,7.7,77,0,1,0,1,0,0
CUST104652,39,Female,West India,Standard,476.9,53,3,Laptop,Gift Card,Action,5.7,81,1,4,0,0,0,0
CUST104653,37,Male,West India,Standard,486.12,45,2,Mobile,UPI,Documentary,12.4,80,2,1,0,1,1,0
CUST104654,68,Male,East India,Premium,788.75,21,3,Mobile,Debit Card,Action,11.2,27,2,2,1,1,0,0
CUST104655,67,Male,South India,Premium,815.85,8,3,Mobile,Debit Card,Documentary,17.9,37,3,4,1,0,1,0
CUST104656,22,Female,North India,Basic,219.92,9,5,Laptop,UPI,Comedy,12.2,32,1,1,1,0,1,1
CUST104657,59,Female,South India,Standard,515.92,58,4,Laptop,Net Banking,Comedy,8.6,53,0,2,1,1,0,0
CUST104658,35,Male,North India,Basic,186.64,33,5,Laptop,Debit Card,Comedy,11.8,59,0,1,0,1,0,1
CUST104659,33,Female,Central India,Premium,797.72,58,4,Mobile,Debit Card,Comedy,3.7,3,0,3,0,0,0,0
CUST104660,33,Male,North India,Basic,192.22,4,2,Tablet,UPI,Kids,7.5,53,1,2,1,1,1,1
CUST104661,55,Female,North India,Premium,802.2,59,1,Mobile,Debit Card,Comedy,10.6,86,0,3,1,1,0,0
CUST104662,25,Male,North India,Basic,210.27,18,2,Laptop,Net Banking,Romance,19.4,20,0,1,0,1,0,0
CUST104663,49,Male,Central India,Standard,491.85,32,5,Mobile,Net Banking,Romance,15.3,24,2,2,0,0,0,0
CUST104664,45,Female,Central India,Premium,783.78,30,4,Mobile,UPI,Documentary,11.6,50,2,4,1,1,1,1
CUST104665,36,Male,West India,Premium,822.6,25,1,Mobile,Credit Card,Thriller,13.1,14,0,1,0,1,1,1
CUST104666,56,Male,North India,Basic,215.1,57,4,Mobile,Gift Card,Thriller,17.1,77,1,1,0,0,0,1
CUST104667,23,Female,South India,Standard,504.09,33,4,Mobile,Net Banking,Thriller,9.7,12,1,2,1,1,1,1
CUST104668,29,Male,East India,Basic,183.05,35,1,Mobile,Net Banking,Comedy,15.7,60,1,3,0,1,0,0
CUST104669,16,Male,West India,Standard,512.0,42,1,Mobile,Gift Card,Comedy,7.7,20,0,1,0,1,0,1
CUST104670,59,Female,North India,Basic,196.46,56,2,Smart TV,UPI,Documentary,12.0,43,0,3,0,1,0,1
CUST104671,37,Male,West India,Basic,165.69,34,3,Mobile,Debit Card,Romance,16.6,60,0,2,1,0,0,1
CUST104672,42,Male,North India,Standard,491.11,50,1,Smart TV,UPI,Kids,16.1,23,1,3,0,1,0,1
CUST104673,21,Male,North India,Basic,205.88,2,3,Tablet,Credit Card,Romance,0.0,88,1,2,1,1,1,1
CUST104674,33,Male,West India,Standard,495.76,13,3,Mobile,Credit Card,Thriller,11.5,34,1,1,0,1,0,0
CUST104675,32,Male,North India,Basic,206.64,53,3,Mobile,Gift Card,Romance,14.5,22,0,3,0,1,0,1
CUST104676,31,Male,North India,Basic,206.0,41,3,Mobile,Credit Card,Romance,7.3,67,0,3,0,0,0,0
CUST104677,31,Male,East India,Standard,482.6,23,1,Laptop,Credit Card,Romance,15.9,54,0,2,0,0,0,0
CUST104678,24,Male,South India,Basic,209.26,23,4,Mobile,Gift Card,Kids,3.9,20,0,4,1,1,0,0
CUST104679,49,Female,Central India,Standard,510.63,31,1,Mobile,Gift Card,Action,4.8,23,0,4,0,1,0,0
CUST104680,54,Male,East India,Standard,498.54,2,1,Laptop,Gift Card,Comedy,0.0,89,1,3,1,1,0,0
CUST104681,29,Male,Central India,Standard,499.22,2,5,Mobile,Gift Card,Drama,7.8,60,1,4,0,1,0,0
CUST104682,49,Female,Central India,Standard,499.15,5,5,Smart TV,Gift Card,Drama,0.0,88,0,4,0,0,1,1
CUST104683,66,Male,South India,Standard,521.69,60,2,Mobile,Net Banking,Drama,17.2,7,2,1,1,1,0,0
CUST104684,60,Male,East India,Basic,204.74,14,3,Mobile,Debit Card,Romance,21.7,69,1,2,0,0,0,1
CUST104685,51,Male,North India,Premium,800.87,23,3,Mobile,Gift Card,Documentary,4.4,61,1,3,1,1,0,1
CUST104686,40,Male,South India,Premium,806.05,55,5,Smart TV,Debit Card,Action,8.9,2,2,1,1,1,0,1
CUST104687,53,Male,North India,Basic,205.73,57,4,Laptop,Credit Card,Comedy,10.6,15,2,2,1,1,0,0
CUST104688,47,Male,North India,Standard,497.52,35,2,Mobile,Net Banking,Documentary,4.9,5,0,4,0,0,0,0
CUST104689,59,Female,North India,Basic,178.97,46,4,Mobile,Gift Card,Thriller,12.5,20,1,3,1,0,0,0
CUST104690,60,Female,North India,Basic,200.63,1,5,Mobile,Net Banking,Thriller,9.0,2,0,3,1,1,0,1
CUST104691,30,Female,East India,Basic,207.86,41,4,Mobile,UPI,Romance,1.9,64,0,2,0,0,0,1
CUST104692,26,Female,Central India,Standard,503.36,48,3,Smart TV,Debit Card,Comedy,12.4,70,1,4,0,0,1,0
CUST104693,47,Female,Central India,Basic,191.53,49,5,Laptop,Gift Card,Romance,13.1,23,2,2,0,0,0,0
CUST104694,56,Male,East India,Premium,796.07,40,4,Mobile,Debit Card,Romance,0.0,19,1,4,1,1,0,1
CUST104695,53,Male,Central India,Standard,513.89,15,2,Smart TV,Debit Card,Kids,9.9,33,3,4,0,1,0,1
CUST104696,19,Male,South India,Basic,173.72,30,2,Laptop,UPI,Comedy,7.4,45,0,4,1,0,0,0
CUST104697,53,Male,North India,Premium,787.84,21,1,Smart TV,Debit Card,Drama,11.7,71,1,4,0,1,1,0
CUST104698,25,Male,North India,Basic,200.98,8,5,Smart TV,Credit Card,Action,18.0,88,1,2,1,1,0,1
CUST104699,30,Female,North India,Standard,514.59,7,5,Smart TV,Debit Card,Drama,17.0,37,1,2,0,1,0,0
CUST104700,49,Female,West India,Standard,526.22,41,5,Mobile,UPI,Romance,16.2,27,1,2,1,1,0,0
CUST104701,25,Male,South India,Basic,212.34,34,3,Mobile,UPI,Action,10.9,36,1,2,1,0,0,0
CUST104702,48,Male,West India,Basic,190.11,57,3,Mobile,Gift Card,Documentary,8.4,60,0,2,0,1,0,0
CUST104703,43,Male,East India,Basic,172.57,42,5,Mobile,Credit Card,Documentary,0.0,24,1,1,1,1,1,0
CUST104704,14,Female,West India,Basic,227.02,37,4,Laptop,Debit Card,Romance,14.8,75,1,4,0,1,0,1
CUST104705,28,Female,Central India,Basic,186.38,48,3,Smart TV,UPI,Kids,15.8,42,0,1,0,0,1,0
CUST104706,21,Male,Central India,Premium,801.19,53,5,Laptop,UPI,Action,0.0,19,1,4,0,0,0,0
CUST104707,21,Female,South India,Basic,197.25,32,3,Mobile,Debit Card,Documentary,12.7,81,2,1,0,0,0,1
CUST104708,50,Male,West India,Basic,197.96,33,1,Laptop,Debit Card,Action,16.2,32,1,4,0,1,0,0
CUST104709,23,Female,West India,Premium,781.51,6,2,Mobile,Gift Card,Romance,4.7,32,1,1,1,1,0,1
CUST104710,66,Female,North India,Standard,525.94,42,1,Mobile,Gift Card,Kids,14.8,38,0,3,1,1,0,1
CUST104711,68,Male,South India,Standard,485.88,10,5,Smart TV,Credit Card,Kids,3.1,11,3,1,0,1,0,1
CUST104712,34,Female,North India,Basic,201.38,26,2,Tablet,Gift Card,Kids,7.2,77,1,2,0,1,1,1
CUST104713,45,Female,South India,Standard,492.32,58,4,Smart TV,Gift Card,Documentary,3.0,19,0,1,0,0,0,1
CUST104714,48,Male,South India,Basic,208.21,51,5,Smart TV,Net Banking,Kids,14.9,17,1,2,0,1,0,1
CUST104715,57,Female,West India,Standard,495.86,45,4,Smart TV,Debit Card,Thriller,14.9,73,2,3,1,1,0,0
CUST104716,35,Male,North India,Premium,794.3,26,4,Smart TV,Gift Card,Romance,6.8,16,0,4,0,0,1,1
CUST104717,57,Female,East India,Standard,515.31,19,3,Mobile,Net Banking,Comedy,2.5,4,3,4,0,1,1,0
CUST104718,57,Male,North India,Basic,194.15,35,3,Smart TV,Net Banking,Documentary,25.8,63,1,1,1,0,1,0
CUST104719,46,Male,East India,Standard,520.16,45,2,Smart TV,Gift Card,Documentary,10.5,27,1,1,0,1,0,1
CUST104720,21,Female,Central India,Standard,480.5,4,2,Laptop,UPI,Thriller,9.7,32,1,3,1,0,0,0
CUST104721,36,Female,South India,Standard,495.26,25,3,Mobile,Gift Card,Drama,5.3,37,2,4,0,1,1,0
CUST104722,20,Male,North India,Standard,486.1,8,2,Smart TV,Gift Card,Thriller,4.1,84,1,2,1,0,0,0
CUST104723,19,Female,South India,Standard,499.46,12,1,Smart TV,Debit Card,Documentary,13.2,38,1,2,0,1,1,0
CUST104724,48,Female,North India,Standard,478.4,54,5,Mobile,UPI,Thriller,12.1,64,0,1,0,1,0,1
CUST104725,30,Female,Central India,Premium,808.29,24,1,Smart TV,Credit Card,Thriller,6.9,2,0,1,1,0,0,1
CUST104726,15,Male,North India,Premium,809.79,24,5,Laptop,Gift Card,Kids,15.0,76,2,1,1,0,0,0
CUST104727,40,Male,Central India,Basic,221.59,17,3,Smart TV,Gift Card,Thriller,8.7,25,1,1,0,1,0,1
CUST104728,18,Male,South India,Standard,511.71,25,1,Mobile,Debit Card,Romance,13.8,69,0,1,1,0,0,1
CUST104729,56,Female,West India,Basic,211.54,33,4,Laptop,Credit Card,Action,12.4,88,1,1,1,1,0,0
CUST104730,56,Female,East India,Premium,809.21,27,1,Tablet,Net Banking,Thriller,9.1,34,1,2,0,0,0,1
CUST104731,33,Male,South India,Basic,195.73,2,2,Mobile,UPI,Thriller,14.5,18,2,2,1,1,0,0
CUST104732,40,Male,West India,Standard,523.28,9,1,Laptop,Credit Card,Romance,16.6,49,1,4,1,1,0,0
CUST104733,52,Female,South India,Premium,807.31,55,3,Smart TV,Gift Card,Romance,16.1,34,1,3,1,1,0,0
CUST104734,66,Female,South India,Basic,236.11,58,3,Smart TV,Net Banking,Documentary,1.3,85,1,3,0,1,0,1
CUST104735,66,Female,North India,Premium,825.31,33,2,Laptop,Debit Card,Action,16.6,10,3,1,0,1,1,0
CUST104736,13,Female,Central India,Standard,504.2,19,5,Tablet,Gift Card,Drama,13.0,88,0,1,0,0,0,0
CUST104737,48,Male,Central India,Standard,504.93,49,2,Mobile,Debit Card,Action,13.7,25,0,4,0,1,0,0
CUST104738,33,Female,North India,Standard,511.48,5,5,Mobile,UPI,Action,0.0,9,0,4,0,0,0,0
CUST104739,55,Female,North India,Premium,822.76,47,3,Laptop,Debit Card,Romance,1.2,45,2,3,1,0,1,0
CUST104740,47,Male,South India,Basic,175.98,20,3,Smart TV,Credit Card,Romance,8.5,27,0,4,0,0,0,1
CUST104741,25,Male,Central India,Standard,518.69,24,5,Mobile,Credit Card,Action,0.0,82,2,4,0,1,0,0
CUST104742,69,Female,South India,Standard,504.6,57,1,Tablet,UPI,Documentary,20.3,18,1,3,1,1,0,0
CUST104743,61,Male,West India,Premium,815.2,31,1,Mobile,UPI,Kids,4.9,35,1,3,0,0,0,1
CUST104744,66,Female,West India,Standard,488.21,44,2,Smart TV,UPI,Comedy,2.9,17,1,2,0,0,1,1
CUST104745,66,Female,North India,Standard,487.53,4,3,Smart TV,Credit Card,Documentary,7.6,25,0,4,0,0,0,1
CUST104746,22,Male,Central India,Premium,804.09,32,1,Smart TV,Gift Card,Romance,8.7,48,1,3,0,1,0,0
CUST104747,65,Male,West India,Premium,813.64,47,3,Mobile,Credit Card,Documentary,11.5,54,0,3,0,1,1,0
CUST104748,56,Female,Central India,Standard,480.53,35,2,Mobile,Debit Card,Drama,0.0,7,3,1,0,1,1,1
CUST104749,59,Male,Central India,Basic,193.02,14,4,Mobile,UPI,Kids,2.0,4,3,2,0,1,0,1
CUST104750,65,Female,East India,Standard,481.03,36,3,Laptop,Net Banking,Drama,6.5,71,2,4,1,0,1,0
CUST104751,22,Female,West India,Standard,505.27,51,4,Smart TV,Credit Card,Romance,13.4,29,0,1,0,0,0,0
CUST104752,58,Female,West India,Standard,528.9,6,3,Laptop,Net Banking,Drama,8.5,7,1,3,0,1,1,0
CUST104753,25,Male,South India,Basic,193.97,17,5,Smart TV,Gift Card,Comedy,11.0,35,1,3,0,1,1,1
CUST104754,49,Female,South India,Basic,210.77,18,4,Mobile,Credit Card,Action,16.7,73,1,3,1,1,0,1
CUST104755,50,Female,Central India,Standard,500.82,8,5,Tablet,Gift Card,Comedy,9.5,26,2,4,0,0,1,0
CUST104756,36,Female,North India,Basic,204.53,51,5,Mobile,Gift Card,Romance,12.9,14,3,3,0,0,0,1
CUST104757,14,Male,South India,Basic,190.06,52,2,Mobile,Credit Card,Action,9.5,83,1,1,1,0,0,1
CUST104758,34,Female,South India,Standard,508.82,12,2,Laptop,Credit Card,Comedy,17.9,37,0,1,0,1,1,0
CUST104759,29,Female,Central India,Premium,795.98,17,1,Mobile,Gift Card,Kids,14.1,81,0,3,0,1,1,0
CUST104760,48,Female,West India,Standard,525.88,31,4,Mobile,UPI,Documentary,0.0,38,1,3,0,1,0,0
CUST104761,26,Male,South India,Basic,191.34,51,1,Laptop,Credit Card,Documentary,12.3,75,1,2,0,1,1,1
CUST104762,22,Female,North India,Basic,213.68,1,4,Mobile,Gift Card,Action,21.6,42,1,3,1,1,1,0
CUST104763,47,Female,Central India,Standard,528.6,11,2,Smart TV,Debit Card,Action,17.3,81,2,4,1,0,1,0
CUST104764,37,Male,West India,Premium,816.83,42,2,Laptop,Net Banking,Action,7.1,34,1,4,1,0,0,1
CUST104765,15,Male,East India,Standard,485.46,16,2,Tablet,Debit Card,Romance,14.7,50,3,4,1,1,1,0
CUST104766,59,Female,North India,Basic,184.04,37,4,Mobile,Credit Card,Thriller,4.7,37,0,2,1,1,0,1
CUST104767,50,Female,West India,Standard,505.8,49,2,Mobile,Credit Card,Drama,8.8,71,0,1,1,1,1,0
CUST104768,29,Female,Central India,Premium,799.93,28,1,Laptop,Credit Card,Thriller,5.7,34,1,4,0,0,0,1
CUST104769,24,Male,East India,Basic,206.73,9,5,Mobile,Credit Card,Thriller,10.8,51,4,3,1,0,1,1
CUST104770,66,Male,North India,Standard,516.93,55,4,Smart TV,Debit Card,Documentary,22.5,8,1,1,0,1,0,0
CUST104771,64,Female,South India,Standard,500.31,59,5,Smart TV,UPI,Kids,0.0,43,2,4,0,0,1,1
CUST104772,36,Male,South India,Basic,189.57,8,1,Smart TV,Gift Card,Documentary,14.3,7,1,4,1,0,0,0
CUST104773,41,Female,North India,Basic,202.11,25,3,Smart TV,Gift Card,Action,5.7,71,1,4,1,1,1,1
CUST104774,55,Female,South India,Standard,521.79,10,2,Laptop,Gift Card,Documentary,4.7,0,6,3,0,0,0,1
CUST104775,37,Male,Central India,Basic,199.54,40,1,Mobile,Net Banking,Action,12.6,24,1,3,1,1,1,0
CUST104776,48,Female,North India,Basic,231.27,3,3,Smart TV,Credit Card,Kids,10.2,70,3,2,0,1,0,0
CUST104777,38,Male,North India,Basic,212.28,55,4,Mobile,Debit Card,Kids,12.1,31,1,4,0,1,1,1
CUST104778,50,Male,South India,Basic,210.85,23,1,Mobile,Debit Card,Thriller,9.7,61,1,1,0,1,1,1
CUST104779,13,Female,North India,Standard,490.82,23,4,Mobile,Debit Card,Drama,9.1,9,0,1,1,1,1,1
CUST104780,32,Male,East India,Basic,197.12,44,5,Smart TV,UPI,Documentary,10.6,85,1,1,0,0,0,0
CUST104781,67,Female,North India,Basic,206.83,56,5,Tablet,Credit Card,Thriller,9.4,16,1,2,0,0,0,0
CUST104782,40,Male,South India,Premium,798.55,4,4,Laptop,Gift Card,Kids,8.6,10,0,4,0,0,1,1
CUST104783,28,Female,South India,Standard,517.92,59,5,Mobile,Gift Card,Action,10.3,46,1,1,1,1,1,1
CUST104784,59,Female,South India,Standard,502.2,54,5,Laptop,Credit Card,Documentary,7.0,55,1,3,0,1,0,0
CUST104785,29,Female,South India,Basic,190.15,50,2,Mobile,Gift Card,Kids,18.9,40,0,2,0,0,0,0
CUST104786,52,Male,Central India,Standard,504.29,23,4,Laptop,Gift Card,Romance,0.3,15,2,2,0,0,0,0
CUST104787,40,Female,South India,Basic,194.18,9,4,Laptop,Credit Card,Drama,1.4,24,0,3,0,0,0,1
CUST104788,24,Male,East India,Basic,209.88,53,3,Mobile,Debit Card,Documentary,19.5,29,0,1,1,1,0,1
CUST104789,39,Male,North India,Standard,491.93,4,2,Mobile,Net Banking,Action,14.3,75,2,2,1,1,1,1
CUST104790,66,Male,West India,Premium,827.48,34,1,Mobile,Credit Card,Thriller,2.5,40,3,1,0,0,0,1
CUST104791,65,Male,West India,Standard,477.43,39,2,Mobile,Gift Card,Kids,14.3,60,2,2,0,1,1,1
CUST104792,54,Male,Central India,Basic,194.89,18,1,Smart TV,Gift Card,Romance,5.6,48,2,1,0,0,0,1
CUST104793,59,Female,West India,Premium,802.66,34,4,Mobile,Net Banking,Romance,12.5,89,0,3,0,1,0,1
CUST104794,42,Male,South India,Basic,192.68,57,2,Mobile,Net Banking,Thriller,9.8,89,2,2,1,1,0,1
CUST104795,53,Female,West India,Premium,766.15,34,3,Smart TV,Net Banking,Drama,12.9,75,2,3,0,1,1,0
CUST104796,46,Female,East India,Standard,529.04,42,5,Laptop,Credit Card,Drama,10.9,41,0,1,0,1,0,0
CUST104797,49,Male,South India,Standard,511.48,3,1,Smart TV,Debit Card,Thriller,4.9,62,1,2,0,0,1,0
CUST104798,18,Female,West India,Standard,481.73,19,5,Mobile,Net Banking,Comedy,6.9,25,0,4,0,1,1,0
CUST104799,19,Female,South India,Premium,783.88,34,4,Mobile,UPI,Thriller,10.5,37,0,4,1,1,0,0
CUST104800,44,Male,Central India,Premium,778.48,26,4,Mobile,Debit Card,Action,1.5,27,2,3,0,0,0,0
CUST104801,44,Female,East India,Standard,498.37,35,4,Mobile,Net Banking,Documentary,6.3,69,0,4,0,1,1,1
CUST104802,65,Male,North India,Standard,522.6,41,5,Tablet,Gift Card,Comedy,8.7,0,0,4,0,1,0,0
CUST104803,37,Male,South India,Standard,496.16,43,4,Mobile,Credit Card,Romance,10.1,65,1,1,0,1,1,0
CUST104804,45,Male,East India,Standard,493.67,31,4,Mobile,Gift Card,Thriller,6.2,41,5,3,0,0,0,1
CUST104805,67,Female,Central India,Premium,815.04,43,5,Mobile,Gift Card,Documentary,14.5,7,3,3,0,1,0,1
CUST104806,19,Female,Central India,Basic,205.34,27,4,Laptop,Credit Card,Kids,0.8,49,1,4,1,0,1,1
CUST104807,64,Female,East India,Basic,199.67,3,1,Smart TV,Debit Card,Drama,10.1,9,1,2,0,1,0,0
CUST104808,69,Female,West India,Premium,811.58,37,2,Laptop,Gift Card,Kids,13.6,72,2,1,0,1,0,1
CUST104809,24,Male,East India,Premium,774.08,12,1,Smart TV,Debit Card,Thriller,28.2,51,2,3,0,1,0,0
CUST104810,28,Male,West India,Basic,207.65,47,4,Tablet,Credit Card,Comedy,2.0,10,1,2,1,1,1,1
CUST104811,28,Female,West India,Basic,219.84,23,4,Mobile,Net Banking,Action,0.0,3,0,4,0,1,0,1
CUST104812,55,Male,East India,Premium,782.04,17,4,Mobile,Gift Card,Documentary,15.9,29,1,2,0,1,1,0
CUST104813,65,Female,Central India,Standard,495.02,16,4,Laptop,Gift Card,Kids,12.6,36,2,4,0,1,0,1
CUST104814,48,Male,North India,Standard,471.36,17,5,Smart TV,Credit Card,Romance,12.1,16,1,3,0,0,1,0
CUST104815,25,Male,North India,Basic,194.11,15,2,Smart TV,Credit Card,Documentary,0.0,8,2,1,0,1,0,1
CUST104816,19,Male,East India,Premium,790.93,26,5,Smart TV,Net Banking,Thriller,8.6,5,0,4,0,0,0,1
CUST104817,48,Male,South India,Basic,226.21,45,5,Smart TV,Credit Card,Action,11.5,68,0,4,1,0,1,1
CUST104818,59,Male,East India,Basic,193.69,2,4,Tablet,UPI,Action,1.8,48,2,1,0,1,0,1
CUST104819,63,Female,North India,Basic,205.05,17,1,Tablet,UPI,Drama,1.2,0,1,1,0,1,1,1
CUST104820,21,Female,East India,Premium,820.78,1,1,Mobile,Credit Card,Thriller,6.0,17,0,4,0,1,0,0
CUST104821,44,Male,Central India,Standard,467.84,30,3,Smart TV,Net Banking,Kids,4.9,13,4,2,1,0,1,0
CUST104822,23,Female,North India,Premium,802.52,32,2,Smart TV,UPI,Romance,13.8,11,1,2,0,1,0,1
CUST104823,20,Male,North India,Standard,484.01,30,3,Mobile,Gift Card,Documentary,6.9,67,1,3,1,1,0,0
CUST104824,45,Male,North India,Premium,784.36,42,5,Mobile,Net Banking,Drama,3.9,71,1,4,0,0,0,0
CUST104825,35,Male,Central India,Premium,787.69,4,3,Smart TV,Credit Card,Documentary,22.7,69,0,1,0,0,1,0
CUST104826,37,Male,North India,Premium,793.17,42,3,Tablet,UPI,Kids,13.5,59,0,4,0,1,0,1
CUST104827,68,Female,South India,Premium,785.09,44,3,Mobile,Net Banking,Drama,12.5,83,0,4,0,1,0,0
CUST104828,20,Male,North India,Standard,494.33,32,2,Laptop,Gift Card,Kids,4.2,86,3,3,0,1,0,1
CUST104829,57,Female,East India,Standard,515.03,60,1,Mobile,Credit Card,Thriller,3.6,80,1,1,0,1,0,0
CUST104830,34,Male,South India,Premium,807.79,35,1,Smart TV,Debit Card,Kids,8.1,64,0,2,1,1,0,0
CUST104831,16,Male,West India,Premium,841.29,1,3,Mobile,UPI,Drama,17.9,52,3,1,0,0,0,1
CUST104832,52,Female,North India,Standard,503.3,19,2,Mobile,Gift Card,Drama,3.1,38,1,1,1,1,0,0
CUST104833,15,Male,West India,Basic,209.5,33,1,Laptop,Net Banking,Action,0.0,48,0,1,0,0,0,0
CUST104834,41,Male,West India,Standard,519.36,19,4,Tablet,UPI,Kids,0.1,77,1,3,0,1,0,0
CUST104835,53,Female,Central India,Standard,482.76,36,1,Mobile,UPI,Action,0.0,1,1,2,0,1,0,1
CUST104836,41,Female,East India,Basic,219.02,27,1,Smart TV,Credit Card,Kids,5.7,15,1,2,0,0,1,1
CUST104837,46,Female,East India,Premium,785.8,13,2,Smart TV,Gift Card,Documentary,17.2,47,1,4,0,1,0,1
CUST104838,46,Male,West India,Basic,206.89,27,2,Mobile,UPI,Romance,0.0,44,1,1,1,1,1,1
CUST104839,40,Male,Central India,Standard,514.21,46,1,Mobile,UPI,Action,9.4,25,1,4,0,0,0,0
CUST104840,25,Female,South India,Standard,471.26,14,4,Laptop,Gift Card,Thriller,5.9,10,1,3,1,1,0,1
CUST104841,27,Female,North India,Standard,494.27,24,4,Mobile,Net Banking,Thriller,8.9,54,0,1,1,0,0,1
CUST104842,35,Male,South India,Basic,198.73,35,3,Mobile,Credit Card,Drama,6.2,12,2,3,0,1,1,0
CUST104843,56,Male,North India,Standard,482.96,19,3,Tablet,UPI,Documentary,0.0,26,0,1,0,1,0,1
CUST104844,38,Female,West India,Basic,204.75,25,1,Mobile,Gift Card,Romance,7.0,61,0,3,1,0,0,0
CUST104845,16,Female,Central India,Basic,225.2,11,1,Mobile,Debit Card,Thriller,15.6,11,0,1,1,1,1,0
CUST104846,38,Female,Central India,Basic,185.2,9,1,Laptop,Net Banking,Drama,11.1,62,0,2,1,1,0,0
CUST104847,52,Female,East India,Basic,217.55,6,4,Smart TV,Credit Card,Documentary,8.3,2,3,2,0,0,0,1
CUST104848,21,Male,East India,Basic,207.12,58,5,Smart TV,Debit Card,Thriller,14.3,3,4,2,0,1,0,0
CUST104849,67,Male,South India,Standard,479.42,36,3,Mobile,Net Banking,Comedy,8.7,14,4,4,0,1,0,1
CUST104850,17,Male,East India,Premium,793.5,58,3,Tablet,UPI,Drama,5.6,46,2,1,1,0,1,1
CUST104851,68,Male,North India,Standard,503.64,37,5,Mobile,Credit Card,Thriller,5.1,77,2,2,1,1,1,0
CUST104852,44,Female,Central India,Standard,523.56,29,1,Mobile,Net Banking,Comedy,8.4,23,2,3,1,1,0,1
CUST104853,32,Male,Central India,Standard,511.77,9,3,Mobile,Net Banking,Kids,18.5,40,0,3,0,1,0,0
CUST104854,62,Female,West India,Premium,789.46,33,4,Smart TV,Net Banking,Drama,3.7,69,1,4,0,1,0,1
CUST104855,23,Male,West India,Standard,505.68,23,5,Laptop,Net Banking,Thriller,3.8,74,3,1,1,1,0,1
CUST104856,27,Male,South India,Standard,457.7,15,4,Mobile,Debit Card,Drama,15.5,15,1,2,0,0,0,0
CUST104857,44,Male,West India,Basic,213.29,11,1,Mobile,Credit Card,Action,11.1,76,1,3,1,1,0,1
CUST104858,40,Female,North India,Basic,188.26,23,3,Smart TV,UPI,Kids,18.9,74,0,1,0,0,0,0
CUST104859,34,Male,East India,Standard,483.91,26,4,Tablet,Credit Card,Comedy,18.8,81,2,2,0,1,1,0
CUST104860,53,Female,East India,Standard,495.03,1,5,Mobile,Debit Card,Documentary,15.0,56,2,2,0,0,0,0
CUST104861,29,Female,South India,Premium,781.07,30,1,Smart TV,Credit Card,Documentary,14.8,40,1,1,0,1,0,0
CUST104862,38,Male,East India,Basic,196.8,17,3,Smart TV,Debit Card,Romance,10.5,46,1,3,1,1,0,0
CUST104863,56,Female,Central India,Basic,215.55,47,3,Laptop,Debit Card,Drama,0.0,45,0,3,0,1,0,1
CUST104864,19,Male,East India,Standard,470.14,46,1,Laptop,Debit Card,Drama,4.8,73,1,4,0,0,0,1
CUST104865,54,Female,West India,Premium,798.67,41,1,Mobile,Debit Card,Action,5.4,61,0,4,0,0,0,1
CUST104866,69,Male,Central India,Standard,497.39,23,1,Smart TV,Net Banking,Comedy,16.4,35,1,4,0,0,1,1
CUST104867,38,Female,West India,Standard,507.54,36,4,Mobile,Credit Card,Drama,20.6,29,2,3,0,1,0,1
CUST104868,37,Female,West India,Basic,196.96,41,2,Smart TV,Gift Card,Documentary,10.0,14,0,4,0,1,0,1
CUST104869,22,Male,South India,Standard,514.09,60,3,Mobile,Debit Card,Comedy,11.4,17,1,3,0,1,0,1
CUST104870,57,Male,South India,Premium,820.28,5,4,Mobile,Debit Card,Comedy,6.4,28,1,1,1,0,1,0
CUST104871,31,Male,Central India,Premium,815.3,35,5,Mobile,Credit Card,Action,8.4,57,5,4,0,1,1,0
CUST104872,23,Male,East India,Basic,188.85,50,3,Tablet,Net Banking,Kids,7.4,21,1,2,1,1,1,1
CUST104873,25,Female,North India,Standard,528.92,9,2,Laptop,UPI,Drama,20.4,54,2,4,0,1,0,0
CUST104874,65,Female,East India,Standard,482.56,4,5,Mobile,Debit Card,Comedy,19.4,22,1,2,1,1,1,1
CUST104875,20,Female,Central India,Basic,210.6,7,3,Mobile,Net Banking,Action,2.0,43,3,3,0,1,0,1
CUST104876,52,Female,North India,Standard,517.17,1,2,Mobile,Net Banking,Documentary,10.7,69,4,3,0,1,0,1
CUST104877,16,Male,West India,Standard,531.12,16,1,Mobile,Gift Card,Action,8.4,59,2,3,0,1,0,0
CUST104878,59,Female,West India,Basic,215.04,57,2,Smart TV,Debit Card,Romance,0.0,87,3,1,0,1,0,0
CUST104879,43,Male,North India,Premium,788.55,60,3,Laptop,Net Banking,Romance,17.9,4,0,4,0,1,0,0
CUST104880,40,Female,West India,Basic,213.7,25,2,Laptop,Gift Card,Romance,24.8,86,0,1,0,1,0,0
CUST104881,23,Male,East India,Premium,797.92,58,3,Tablet,Net Banking,Action,16.0,33,0,4,0,1,0,1
CUST104882,55,Male,South India,Premium,816.48,6,3,Mobile,Gift Card,Kids,7.8,11,3,2,0,1,1,0
CUST104883,13,Male,East India,Standard,502.84,38,2,Laptop,Gift Card,Romance,17.7,74,1,2,0,0,0,1
CUST104884,61,Male,West India,Basic,221.38,14,2,Laptop,Gift Card,Action,12.8,66,1,3,1,1,0,1
CUST104885,59,Male,South India,Premium,800.38,54,5,Smart TV,Net Banking,Romance,21.9,87,1,2,0,1,0,1
CUST104886,64,Female,East India,Premium,814.04,37,5,Tablet,UPI,Drama,12.1,40,0,4,0,1,0,0
CUST104887,50,Male,West India,Basic,190.68,11,4,Tablet,Credit Card,Action,10.0,7,0,3,0,0,0,1
CUST104888,36,Female,East India,Standard,517.7,1,3,Laptop,Gift Card,Documentary,9.7,1,1,3,0,0,0,0
CUST104889,66,Female,West India,Basic,167.75,52,5,Mobile,Debit Card,Comedy,8.3,57,3,3,1,0,0,0
CUST104890,69,Male,Central India,Premium,810.54,42,4,Mobile,Credit Card,Romance,13.3,36,2,1,0,1,0,1
CUST104891,59,Female,North India,Premium,805.48,1,3,Tablet,UPI,Romance,19.0,79,0,2,1,1,0,1
CUST104892,43,Female,West India,Premium,802.23,53,4,Mobile,Credit Card,Thriller,3.5,59,2,4,0,1,0,1
CUST104893,53,Female,East India,Premium,767.46,36,5,Laptop,Credit Card,Romance,15.0,40,0,2,0,1,0,1
CUST104894,58,Male,West India,Standard,492.56,8,4,Smart TV,UPI,Kids,28.3,71,1,1,0,1,0,1
CUST104895,62,Male,West India,Basic,218.04,32,2,Laptop,Debit Card,Drama,4.1,35,1,4,0,0,1,0
CUST104896,38,Male,East India,Basic,187.35,33,4,Mobile,Gift Card,Thriller,15.6,77,1,2,1,1,0,0
CUST104897,61,Male,East India,Basic,177.97,8,1,Smart TV,Net Banking,Romance,9.4,75,1,4,1,1,0,1
CUST104898,62,Female,South India,Standard,483.85,14,1,Laptop,Debit Card,Kids,1.4,18,1,3,1,0,0,1
CUST104899,17,Female,West India,Premium,817.83,24,4,Smart TV,Debit Card,Kids,0.0,50,1,1,0,0,0,1
CUST104900,32,Female,Central India,Premium,806.86,49,1,Smart TV,Gift Card,Action,14.3,53,1,1,0,0,0,0
CUST104901,64,Female,North India,Basic,221.32,41,4,Laptop,Debit Card,Drama,2.4,76,1,1,0,1,0,1
CUST104902,53,Female,West India,Standard,510.43,29,4,Mobile,Debit Card,Documentary,15.1,28,0,3,0,1,1,0
CUST104903,23,Female,East India,Standard,486.97,25,4,Mobile,Credit Card,Thriller,10.6,66,0,4,0,1,0,1
CUST104904,68,Male,South India,Standard,527.38,6,1,Laptop,Credit Card,Comedy,21.4,7,1,3,0,1,0,0
CUST104905,66,Female,West India,Standard,490.84,1,3,Mobile,UPI,Kids,4.5,60,1,1,1,0,1,1
CUST104906,45,Female,Central India,Standard,487.58,55,4,Mobile,UPI,Documentary,3.9,55,2,4,1,1,0,0
CUST104907,62,Female,East India,Premium,803.76,23,4,Tablet,UPI,Documentary,17.0,77,2,4,1,0,0,0
CUST104908,50,Male,Central India,Standard,506.21,41,2,Smart TV,Net Banking,Thriller,8.3,6,1,4,0,1,0,1
CUST104909,39,Female,Central India,Premium,812.5,33,2,Tablet,Gift Card,Comedy,15.4,67,1,1,0,1,1,0
CUST104910,46,Female,North India,Basic,194.89,14,5,Mobile,Net Banking,Drama,17.8,20,1,2,0,1,1,1
CUST104911,27,Male,North India,Basic,221.08,56,1,Smart TV,Net Banking,Romance,19.3,44,1,3,1,1,0,0
CUST104912,44,Female,West India,Standard,490.16,28,3,Mobile,UPI,Documentary,2.4,11,1,4,0,0,1,1
CUST104913,33,Male,North India,Premium,783.5,29,4,Mobile,Gift Card,Drama,8.1,72,1,2,1,1,0,0
CUST104914,58,Male,West India,Premium,770.56,43,4,Tablet,Net Banking,Documentary,0.0,6,0,4,0,0,0,1
CUST104915,17,Female,West India,Standard,496.44,40,1,Mobile,Credit Card,Romance,17.7,44,3,4,1,0,0,1
CUST104916,18,Female,East India,Premium,812.44,23,5,Mobile,Net Banking,Action,9.2,34,1,3,1,0,1,1
CUST104917,50,Male,East India,Standard,510.64,44,5,Laptop,Credit Card,Romance,0.0,39,2,2,0,0,0,1
CUST104918,34,Female,South India,Basic,204.54,38,2,Laptop,Net Banking,Kids,17.0,10,1,1,0,0,1,1
CUST104919,30,Female,North India,Standard,492.69,49,1,Tablet,Gift Card,Romance,15.4,41,0,4,1,0,1,0
CUST104920,26,Male,South India,Premium,818.45,43,5,Mobile,Credit Card,Documentary,4.0,1,1,2,0,0,0,1
CUST104921,22,Male,Central India,Basic,200.96,10,5,Mobile,Credit Card,Drama,8.9,33,0,3,0,0,0,1
CUST104922,58,Female,West India,Basic,205.64,27,3,Smart TV,UPI,Comedy,13.8,53,1,4,0,0,1,0
CUST104923,25,Male,West India,Standard,482.14,8,2,Smart TV,Credit Card,Thriller,16.5,79,1,2,0,0,1,0
CUST104924,43,Female,East India,Basic,171.8,44,2,Mobile,Net Banking,Comedy,6.3,50,3,3,0,1,0,0
CUST104925,42,Female,Central India,Premium,812.66,53,2,Mobile,Net Banking,Documentary,16.0,31,1,1,1,0,0,0
CUST104926,15,Female,West India,Standard,537.5,4,5,Laptop,UPI,Drama,8.6,78,0,1,0,1,0,1
CUST104927,42,Female,West India,Basic,206.39,21,4,Smart TV,Debit Card,Action,12.4,73,1,2,1,0,0,1
CUST104928,18,Male,Central India,Basic,212.75,21,5,Mobile,Credit Card,Comedy,11.9,11,1,1,0,1,0,1
CUST104929,41,Female,Central India,Premium,812.42,30,5,Tablet,Credit Card,Action,0.0,12,1,4,0,1,0,0
CUST104930,20,Male,West India,Standard,500.85,13,1,Mobile,Credit Card,Thriller,5.7,29,0,2,0,1,0,1
CUST104931,56,Female,Central India,Standard,476.44,58,2,Laptop,Net Banking,Romance,2.7,85,0,2,0,1,0,1
CUST104932,57,Female,North India,Basic,210.76,3,2,Tablet,Gift Card,Action,5.1,70,0,1,0,1,1,0
CUST104933,55,Male,Central India,Premium,822.68,20,3,Smart TV,Gift Card,Romance,11.9,79,0,1,0,1,0,0
CUST104934,56,Female,South India,Standard,507.93,36,2,Smart TV,Gift Card,Thriller,5.3,44,1,3,1,1,0,0
CUST104935,45,Male,South India,Standard,496.67,40,5,Mobile,UPI,Action,12.0,86,1,3,0,0,0,1
CUST104936,29,Male,West India,Premium,806.45,5,1,Laptop,UPI,Documentary,3.4,69,0,3,0,1,0,0
CUST104937,60,Female,West India,Basic,199.22,22,3,Mobile,Net Banking,Action,8.0,45,0,2,0,0,0,0
CUST104938,23,Female,East India,Standard,519.93,58,5,Smart TV,Gift Card,Kids,18.9,31,0,1,1,1,1,1
CUST104939,25,Female,Central India,Basic,203.56,2,5,Smart TV,Debit Card,Comedy,5.1,82,2,1,1,1,0,1
CUST104940,62,Female,South India,Standard,511.23,25,3,Mobile,Credit Card,Romance,14.7,35,2,1,0,0,0,0
CUST104941,23,Male,East India,Basic,217.41,40,5,Tablet,Gift Card,Comedy,1.2,29,1,1,0,1,0,0
CUST104942,43,Female,West India,Premium,811.31,24,5,Laptop,Debit Card,Comedy,15.0,2,1,3,1,1,0,0
CUST104943,40,Female,North India,Standard,501.44,58,1,Mobile,Credit Card,Thriller,4.7,36,0,2,1,1,0,1
CUST104944,56,Female,Central India,Standard,477.85,5,1,Smart TV,Credit Card,Thriller,5.7,81,1,4,0,0,1,1
CUST104945,18,Female,East India,Premium,807.1,16,1,Mobile,UPI,Documentary,16.2,79,0,2,0,1,0,1
CUST104946,53,Female,North India,Premium,814.45,53,2,Laptop,Debit Card,Thriller,0.0,3,1,1,1,1,1,0
CUST104947,28,Male,West India,Standard,476.45,15,3,Mobile,Gift Card,Documentary,8.9,67,0,2,0,1,0,1
CUST104948,16,Female,South India,Standard,506.8,51,1,Tablet,Gift Card,Action,15.6,42,6,1,1,0,0,0
CUST104949,47,Male,East India,Basic,200.66,13,5,Mobile,Net Banking,Drama,0.0,6,0,4,1,0,1,0
CUST104950,60,Female,East India,Basic,166.53,11,2,Mobile,Debit Card,Romance,9.1,81,1,4,0,0,0,0
CUST104951,68,Female,West India,Standard,505.51,16,3,Smart TV,Credit Card,Comedy,2.6,42,0,2,1,0,0,1
CUST104952,38,Female,West India,Basic,221.24,18,1,Mobile,UPI,Comedy,5.8,36,1,1,0,0,0,1
CUST104953,69,Male,South India,Standard,500.94,25,1,Laptop,Net Banking,Documentary,10.6,65,3,4,0,0,1,0
CUST104954,24,Female,South India,Basic,169.35,47,3,Mobile,UPI,Thriller,12.9,45,1,3,1,1,0,1
CUST104955,23,Male,South India,Standard,505.88,38,1,Tablet,Credit Card,Kids,12.8,68,0,1,0,0,0,0
CUST104956,49,Male,North India,Standard,516.96,40,3,Laptop,Credit Card,Romance,17.2,2,0,2,0,1,0,0
CUST104957,37,Female,North India,Basic,187.71,4,3,Laptop,UPI,Action,8.6,34,2,1,0,1,0,0
CUST104958,30,Male,West India,Basic,196.9,53,5,Smart TV,Net Banking,Documentary,6.3,14,0,3,0,1,0,1
CUST104959,31,Female,East India,Standard,494.95,58,3,Smart TV,Credit Card,Comedy,12.4,79,2,2,1,0,1,1
CUST104960,35,Female,North India,Standard,501.84,48,4,Smart TV,Gift Card,Kids,16.6,26,1,3,1,1,1,0
CUST104961,67,Male,West India,Standard,494.49,21,1,Tablet,Gift Card,Romance,5.8,75,1,3,1,1,0,1
CUST104962,50,Female,North India,Premium,820.28,11,5,Mobile,Gift Card,Romance,11.6,68,4,2,1,1,0,1
CUST104963,66,Female,South India,Basic,219.9,58,2,Mobile,Net Banking,Documentary,12.7,52,1,2,1,1,0,0
CUST104964,30,Male,West India,Basic,190.97,52,4,Tablet,Net Banking,Drama,10.2,66,1,4,1,1,0,0
CUST104965,38,Male,South India,Basic,220.26,59,3,Mobile,Debit Card,Drama,12.1,74,0,2,0,1,0,0
CUST104966,18,Male,Central India,Standard,475.3,34,2,Mobile,Debit Card,Drama,14.2,38,3,4,0,0,1,0
CUST104967,16,Male,East India,Standard,487.87,30,2,Smart TV,Gift Card,Action,11.5,5,1,4,1,1,0,1
CUST104968,56,Male,South India,Basic,209.39,54,2,Tablet,UPI,Drama,9.9,13,4,3,0,1,0,0
CUST104969,63,Male,East India,Standard,501.36,4,2,Mobile,UPI,Action,9.2,86,1,2,1,0,1,1
CUST104970,41,Female,West India,Standard,502.22,14,5,Tablet,Gift Card,Kids,16.1,3,1,1,0,1,1,1
CUST104971,46,Male,Central India,Premium,805.72,11,5,Mobile,Debit Card,Documentary,12.2,15,0,1,1,0,1,0
CUST104972,29,Male,East India,Standard,492.8,4,2,Laptop,Net Banking,Action,16.8,6,3,4,1,1,0,0
CUST104973,55,Female,North India,Standard,518.85,26,4,Mobile,UPI,Comedy,10.7,26,1,4,1,1,1,1
CUST104974,55,Female,West India,Standard,510.5,3,1,Mobile,Net Banking,Thriller,13.9,66,2,1,1,1,0,0
CUST104975,65,Male,Central India,Premium,798.55,56,1,Laptop,Gift Card,Drama,13.3,2,3,4,1,1,1,0
CUST104976,28,Male,North India,Premium,814.0,54,5,Smart TV,Net Banking,Thriller,6.5,31,1,4,1,0,0,0
CUST104977,14,Female,North India,Standard,506.95,57,4,Mobile,UPI,Documentary,0.0,47,1,1,0,1,0,1
CUST104978,46,Male,Central India,Standard,496.48,37,4,Smart TV,Debit Card,Action,0.1,67,3,2,1,1,0,0
CUST104979,67,Male,South India,Standard,495.84,38,3,Smart TV,UPI,Action,15.0,9,3,4,1,1,0,0
CUST104980,20,Female,Central India,Standard,482.88,41,5,Mobile,Credit Card,Thriller,13.3,0,1,1,0,1,0,0
CUST104981,25,Male,Central India,Standard,490.94,4,4,Mobile,Net Banking,Romance,10.0,17,0,3,0,0,0,0
CUST104982,54,Female,Central India,Basic,197.34,26,4,Smart TV,Net Banking,Documentary,11.5,27,1,4,1,1,1,1
CUST104983,20,Male,East India,Premium,801.38,39,1,Mobile,Net Banking,Thriller,6.0,42,2,3,0,1,1,1
CUST104984,42,Female,South India,Standard,486.46,45,4,Smart TV,Gift Card,Comedy,5.6,79,1,4,1,0,0,1
CUST104985,44,Female,West India,Premium,800.73,42,4,Laptop,Gift Card,Drama,8.3,21,1,4,0,0,0,1
CUST104986,48,Female,North India,Standard,491.99,44,2,Laptop,UPI,Drama,14.8,63,0,4,0,1,0,0
CUST104987,59,Male,East India,Standard,489.43,42,1,Smart TV,Debit Card,Action,16.2,29,1,3,0,1,0,0
CUST104988,42,Female,South India,Basic,207.89,11,1,Smart TV,Credit Card,Kids,12.0,40,2,2,0,0,0,1
CUST104989,13,Male,Central India,Standard,502.71,11,2,Mobile,Debit Card,Documentary,10.6,38,1,3,0,0,0,0
CUST104990,55,Female,East India,Standard,498.11,54,1,Tablet,Debit Card,Romance,9.7,73,1,4,0,1,1,1
CUST104991,51,Female,East India,Standard,507.78,38,3,Smart TV,Credit Card,Documentary,7.6,24,1,1,0,1,0,1
CUST104992,29,Female,North India,Premium,780.87,38,3,Mobile,Gift Card,Action,0.0,10,2,3,0,1,0,1
CUST104993,32,Male,West India,Basic,182.09,20,5,Mobile,Net Banking,Documentary,15.2,86,1,2,0,1,0,0
CUST104994,36,Male,South India,Standard,494.05,26,1,Smart TV,Gift Card,Romance,14.2,21,2,1,1,1,0,0
CUST104995,62,Female,South India,Basic,197.45,38,1,Smart TV,Net Banking,Documentary,11.8,19,3,3,0,0,1,1
CUST104996,34,Male,South India,Premium,810.46,12,3,Mobile,Net Banking,Romance,13.7,4,1,1,0,1,0,1
CUST104997,41,Male,Central India,Basic,189.58,55,5,Smart TV,Gift Card,Drama,20.6,21,2,2,1,1,1,0
CUST104998,34,Male,Central India,Standard,489.9,29,5,Smart TV,Debit Card,Comedy,6.9,80,1,2,1,0,0,0
CUST104999,56,Female,East India,Basic,215.33,14,3,Mobile,Net Banking,Comedy,11.9,17,0,2,0,0,0,1
CUST105000,21,Male,West India,Standard,482.75,50,3,Smart TV,Gift Card,Action,2.6,78,2,2,0,1,0,1
CUST105001,49,Female,North India,Premium,814.24,59,2,Mobile,Debit Card,Comedy,20.4,75,3,1,1,1,1,0
CUST105002,22,Female,North India,Basic,199.13,25,5,Mobile,Credit Card,Comedy,10.5,1,3,3,1,1,0,0
CUST105003,48,Female,West India,Standard,487.33,55,5,Mobile,Net Banking,Drama,0.0,2,2,1,1,0,1,1
CUST105004,49,Male,South India,Basic,182.56,51,2,Laptop,Debit Card,Comedy,7.8,43,3,2,0,1,1,1
CUST105005,40,Female,West India,Standard,496.2,42,3,Mobile,Net Banking,Comedy,17.8,77,0,3,1,0,1,0
CUST105006,40,Male,North India,Standard,508.79,42,2,Laptop,Debit Card,Comedy,14.4,35,1,1,0,0,1,0
CUST105007,54,Male,Central India,Standard,498.79,39,2,Smart TV,Credit Card,Kids,19.9,36,2,4,0,0,0,0
CUST105008,55,Female,West India,Standard,512.76,26,4,Smart TV,Net Banking,Romance,9.3,77,0,4,1,0,0,1
CUST105009,33,Female,East India,Standard,512.33,10,5,Tablet,Gift Card,Kids,15.0,22,2,4,1,0,0,0
CUST105010,36,Female,Central India,Basic,211.08,14,3,Laptop,Debit Card,Romance,12.2,52,0,3,0,1,0,0
CUST105011,54,Male,East India,Standard,511.72,5,4,Smart TV,Credit Card,Thriller,12.1,78,2,3,0,1,0,0
CUST105012,52,Male,East India,Basic,191.0,57,4,Smart TV,Net Banking,Comedy,4.1,61,2,1,1,1,0,1
CUST105013,14,Female,West India,Premium,810.72,22,4,Mobile,Credit Card,Thriller,0.0,70,0,2,1,1,1,1
CUST105014,67,Female,East India,Premium,830.97,11,3,Tablet,Credit Card,Drama,9.7,57,2,4,1,1,0,1
CUST105015,20,Male,South India,Basic,213.66,29,2,Laptop,Net Banking,Comedy,0.0,32,0,2,0,1,0,0
CUST105016,60,Male,West India,Basic,193.18,7,3,Laptop,Net Banking,Documentary,13.6,56,1,3,1,1,0,0
CUST105017,39,Female,North India,Basic,190.3,52,5,Mobile,Debit Card,Thriller,7.5,48,0,2,1,1,0,0
CUST105018,34,Male,South India,Premium,800.71,18,5,Laptop,Gift Card,Comedy,5.0,37,2,1,0,0,0,1
CUST105019,49,Male,Central India,Premium,810.56,31,2,Mobile,Credit Card,Kids,4.8,75,0,4,1,1,0,1
CUST105020,39,Male,West India,Standard,501.68,43,3,Mobile,Net Banking,Documentary,10.5,50,1,1,0,1,1,0
CUST105021,69,Male,North India,Standard,482.39,20,2,Laptop,Credit Card,Action,15.7,57,0,2,0,0,0,1
CUST105022,41,Male,North India,Basic,210.37,57,2,Tablet,Debit Card,Thriller,8.2,23,3,2,1,0,0,1
CUST105023,15,Male,West India,Standard,513.07,35,3,Mobile,Debit Card,Drama,5.5,77,2,2,0,1,1,0
CUST105024,56,Female,South India,Standard,485.83,7,5,Mobile,Debit Card,Action,5.5,41,1,3,1,1,0,0
CUST105025,25,Male,North India,Standard,513.41,30,3,Mobile,Gift Card,Documentary,19.7,70,3,4,0,1,1,0
CUST105026,57,Female,West India,Premium,800.82,4,5,Tablet,UPI,Thriller,9.7,19,4,4,0,1,1,1
CUST105027,22,Female,West India,Standard,506.31,51,1,Smart TV,UPI,Thriller,0.0,43,1,4,0,1,1,1
CUST105028,48,Male,East India,Basic,206.57,30,1,Smart TV,UPI,Comedy,7.6,53,1,4,0,1,1,0
CUST105029,21,Female,West India,Standard,503.32,30,1,Smart TV,Gift Card,Romance,1.4,46,0,3,0,1,0,1
CUST105030,66,Female,North India,Standard,493.01,30,4,Smart TV,Gift Card,Action,6.3,6,3,4,0,0,0,0
CUST105031,68,Female,East India,Premium,806.5,53,5,Mobile,Credit Card,Comedy,2.9,4,0,1,0,1,0,0
CUST105032,67,Male,North India,Standard,499.69,18,5,Mobile,Credit Card,Romance,21.4,51,1,1,0,1,1,1
CUST105033,39,Female,South India,Standard,503.94,43,3,Laptop,Debit Card,Drama,11.9,76,1,3,0,0,0,1
CUST105034,46,Male,South India,Standard,494.91,46,5,Smart TV,Gift Card,Action,16.4,31,1,4,0,0,0,0
CUST105035,63,Female,North India,Standard,504.93,10,3,Mobile,UPI,Thriller,21.4,26,1,4,1,1,0,0
CUST105036,13,Female,Central India,Standard,498.99,14,4,Smart TV,UPI,Documentary,11.8,49,2,1,0,0,1,0
CUST105037,44,Female,Central India,Premium,783.97,36,3,Mobile,Credit Card,Drama,25.3,65,2,3,0,0,0,1
CUST105038,37,Female,Central India,Basic,207.05,23,1,Smart TV,Debit Card,Comedy,0.8,76,0,3,1,1,1,1
CUST105039,41,Male,North India,Basic,215.21,12,3,Mobile,Debit Card,Comedy,18.5,37,1,3,1,0,1,1
CUST105040,19,Female,West India,Premium,805.16,12,3,Laptop,Net Banking,Kids,11.2,55,1,4,1,0,0,1
CUST105041,61,Female,East India,Basic,196.44,34,3,Mobile,Gift Card,Drama,15.2,62,0,3,0,0,1,1
CUST105042,15,Male,West India,Basic,205.13,26,5,Smart TV,UPI,Action,9.1,29,2,1,0,0,1,1
CUST105043,32,Male,North India,Standard,489.1,6,2,Laptop,UPI,Drama,13.9,45,0,1,0,1,0,0
CUST105044,32,Male,West India,Basic,211.04,37,2,Smart TV,Credit Card,Action,12.5,69,1,4,1,0,0,1
CUST105045,65,Female,South India,Premium,812.41,51,2,Mobile,Credit Card,Drama,9.4,66,1,2,1,1,1,1
CUST105046,42,Male,East India,Standard,498.62,53,5,Mobile,Gift Card,Kids,10.9,50,0,3,0,1,0,1
CUST105047,47,Male,North India,Standard,501.03,15,1,Tablet,Credit Card,Kids,20.5,58,0,3,0,1,0,1
CUST105048,47,Male,East India,Basic,184.0,42,2,Mobile,Credit Card,Drama,5.6,82,0,4,0,1,0,1
CUST105049,61,Male,Central India,Basic,207.92,39,2,Laptop,UPI,Thriller,19.3,58,2,2,1,1,1,1
CUST105050,51,Male,Central India,Standard,495.81,19,4,Tablet,Gift Card,Action,5.5,49,0,2,0,1,0,1
CUST105051,39,Male,South India,Standard,461.15,40,4,Mobile,UPI,Drama,14.0,79,1,2,1,0,0,1
CUST105052,38,Female,North India,Premium,800.97,47,1,Mobile,UPI,Comedy,9.7,67,0,2,0,1,1,0
CUST105053,26,Male,Central India,Basic,197.62,23,3,Mobile,Credit Card,Comedy,13.8,51,0,3,0,1,0,1
CUST105054,29,Female,East India,Standard,484.12,36,3,Mobile,UPI,Kids,11.8,44,0,4,1,1,0,0
CUST105055,30,Male,East India,Basic,213.87,13,4,Smart TV,Gift Card,Action,13.1,8,1,1,1,0,0,1
CUST105056,57,Male,South India,Standard,492.8,31,4,Smart TV,Credit Card,Drama,13.8,63,1,1,1,0,1,0
CUST105057,64,Male,Central India,Standard,488.33,37,1,Laptop,Gift Card,Action,11.2,7,1,1,1,1,1,1
CUST105058,41,Female,West India,Basic,215.85,26,1,Tablet,Debit Card,Drama,17.5,48,1,2,0,1,0,1
CUST105059,32,Male,Central India,Standard,505.35,43,5,Smart TV,Gift Card,Thriller,13.1,54,1,3,0,0,0,1
CUST105060,65,Male,South India,Basic,184.63,48,3,Laptop,Gift Card,Documentary,20.5,89,0,1,1,1,0,0
CUST105061,39,Male,Central India,Standard,499.11,52,5,Mobile,Net Banking,Comedy,8.7,8,0,3,0,1,0,1
CUST105062,30,Male,North India,Standard,487.54,18,2,Mobile,Gift Card,Kids,5.6,11,0,3,0,1,0,0
CUST105063,16,Female,South India,Basic,180.44,60,1,Mobile,UPI,Action,12.8,68,3,4,0,0,1,0
CUST105064,13,Female,West India,Premium,779.35,47,3,Smart TV,UPI,Comedy,1.4,79,2,1,0,1,1,0
CUST105065,62,Female,East India,Standard,509.56,57,3,Tablet,Credit Card,Drama,16.5,18,2,4,0,1,1,0
CUST105066,13,Female,Central India,Premium,787.39,33,5,Laptop,Debit Card,Comedy,7.9,86,2,3,0,0,1,0
CUST105067,38,Female,East India,Basic,184.55,40,4,Mobile,Credit Card,Drama,15.5,7,1,4,0,0,0,1
CUST105068,57,Male,South India,Premium,795.91,32,4,Mobile,Gift Card,Action,12.2,17,0,2,1,0,0,0
CUST105069,32,Male,East India,Basic,237.81,4,1,Mobile,Gift Card,Kids,9.8,25,1,3,1,0,0,1
CUST105070,64,Male,North India,Standard,506.31,41,4,Mobile,UPI,Kids,12.0,42,1,2,0,1,0,0
CUST105071,35,Female,South India,Premium,811.61,19,2,Mobile,Gift Card,Documentary,1.4,25,0,3,0,0,0,1
CUST105072,22,Male,South India,Basic,185.09,7,3,Mobile,Gift Card,Thriller,7.5,78,3,1,0,1,0,1
CUST105073,23,Female,Central India,Basic,205.72,47,4,Mobile,UPI,Thriller,14.8,13,0,2,1,0,0,0
CUST105074,53,Male,South India,Premium,799.23,35,1,Mobile,Debit Card,Comedy,2.0,6,1,4,0,1,0,0
CUST105075,53,Female,North India,Standard,488.75,26,2,Mobile,Gift Card,Action,13.5,88,1,4,1,1,0,1
CUST105076,17,Male,Central India,Standard,496.04,44,5,Smart TV,Net Banking,Action,15.2,1,1,3,0,0,0,0
CUST105077,13,Male,North India,Basic,189.66,23,5,Smart TV,Debit Card,Kids,6.1,47,4,3,0,1,1,0
CUST105078,29,Male,West India,Standard,501.28,34,2,Tablet,Debit Card,Thriller,18.0,69,2,1,0,0,1,0
CUST105079,34,Male,Central India,Basic,196.05,51,1,Smart TV,UPI,Drama,14.9,72,1,1,0,1,0,0
CUST105080,46,Female,South India,Premium,789.7,56,5,Smart TV,Credit Card,Romance,18.3,55,0,2,1,1,0,0
CUST105081,68,Male,South India,Standard,495.6,7,3,Mobile,Gift Card,Thriller,12.2,20,1,4,0,1,1,1
CUST105082,57,Male,South India,Standard,512.3,11,3,Mobile,Gift Card,Kids,7.5,74,0,3,0,1,1,0
CUST105083,53,Male,West India,Basic,181.94,51,1,Smart TV,Credit Card,Comedy,17.0,6,1,4,1,1,0,1
CUST105084,41,Female,North India,Premium,791.05,8,1,Mobile,Gift Card,Thriller,10.1,39,1,3,0,1,1,1
CUST105085,16,Male,South India,Standard,504.14,13,3,Laptop,Net Banking,Romance,15.6,26,2,4,1,1,1,1
CUST105086,17,Male,East India,Premium,790.18,32,1,Laptop,Credit Card,Drama,7.3,76,3,3,0,1,0,1
CUST105087,23,Male,South India,Basic,217.99,41,2,Laptop,UPI,Kids,6.7,1,4,1,0,0,0,1
CUST105088,68,Male,Central India,Premium,816.35,34,1,Smart TV,Credit Card,Comedy,5.5,12,0,2,0,1,1,0
CUST105089,63,Male,Central India,Standard,517.15,18,3,Laptop,Debit Card,Drama,18.5,3,3,1,0,1,0,0
CUST105090,33,Female,East India,Basic,208.84,15,4,Smart TV,UPI,Documentary,13.9,67,0,2,0,0,1,1
CUST105091,47,Female,West India,Standard,513.65,55,1,Smart TV,Debit Card,Comedy,1.1,25,1,1,1,1,0,1
CUST105092,24,Female,Central India,Basic,199.36,43,5,Smart TV,UPI,Drama,8.1,86,1,2,1,1,0,0
CUST105093,38,Male,West India,Standard,490.52,24,2,Mobile,Credit Card,Thriller,11.3,19,0,4,0,1,0,1
CUST105094,63,Female,West India,Standard,491.39,47,2,Mobile,Debit Card,Documentary,19.1,88,0,4,0,0,0,1
CUST105095,31,Male,East India,Standard,475.73,21,2,Smart TV,UPI,Drama,8.3,56,1,4,1,1,1,1
CUST105096,57,Male,Central India,Standard,493.76,18,5,Mobile,Gift Card,Kids,16.4,26,2,3,0,1,1,1
CUST105097,19,Male,South India,Standard,494.65,14,5,Laptop,Debit Card,Thriller,20.2,63,1,1,0,0,0,0
CUST105098,59,Male,West India,Basic,196.44,58,2,Mobile,Net Banking,Documentary,2.6,19,4,3,0,1,1,0
CUST105099,67,Female,West India,Premium,836.84,53,2,Mobile,UPI,Action,10.4,79,2,3,1,1,1,0
CUST105100,19,Female,Central India,Premium,788.12,19,2,Smart TV,Gift Card,Action,6.1,3,0,1,1,1,0,0
CUST105101,38,Female,Central India,Basic,195.71,13,1,Laptop,Gift Card,Documentary,18.8,72,0,1,0,1,1,0
CUST105102,52,Male,East India,Basic,231.32,57,5,Mobile,Credit Card,Romance,13.4,70,1,2,0,1,1,1
CUST105103,17,Female,North India,Standard,488.68,16,3,Mobile,Credit Card,Drama,7.4,46,0,3,0,0,0,1
CUST105104,33,Female,North India,Standard,483.56,2,1,Smart TV,Debit Card,Drama,4.2,19,2,1,0,1,0,1
CUST105105,26,Male,North India,Standard,496.14,57,3,Smart TV,Debit Card,Romance,6.3,40,1,4,1,0,0,0
CUST105106,16,Female,West India,Standard,488.63,34,1,Laptop,Net Banking,Comedy,4.3,60,1,1,0,1,0,1
CUST105107,35,Male,East India,Basic,215.39,49,1,Laptop,Gift Card,Drama,6.7,64,0,4,1,1,1,0
CUST105108,54,Female,North India,Premium,801.26,26,3,Laptop,UPI,Drama,6.3,72,1,4,0,1,0,1
CUST105109,32,Female,Central India,Standard,482.6,54,2,Mobile,Net Banking,Action,13.3,39,1,1,0,1,0,1
CUST105110,27,Female,West India,Basic,203.79,59,3,Mobile,Net Banking,Action,5.3,82,1,4,0,0,0,1
CUST105111,62,Male,West India,Basic,201.91,22,4,Tablet,Net Banking,Drama,13.0,39,0,4,0,1,0,0
CUST105112,64,Female,Central India,Standard,478.4,20,5,Mobile,UPI,Thriller,5.9,53,1,3,0,1,0,0
CUST105113,57,Female,East India,Standard,505.69,29,4,Mobile,Net Banking,Action,2.9,22,0,1,0,0,0,0
CUST105114,41,Female,East India,Standard,506.49,18,1,Laptop,Credit Card,Kids,8.5,64,0,1,0,1,1,0
CUST105115,20,Female,North India,Premium,778.81,29,3,Smart TV,Credit Card,Kids,6.2,35,2,4,0,0,1,1
CUST105116,53,Male,Central India,Basic,180.82,42,2,Smart TV,Credit Card,Kids,3.1,55,1,2,1,1,1,1
CUST105117,60,Male,South India,Premium,793.75,44,2,Mobile,Net Banking,Drama,6.3,86,0,4,0,1,0,0
CUST105118,31,Female,East India,Standard,489.67,27,4,Mobile,Net Banking,Romance,19.5,63,1,2,0,1,0,0
CUST105119,60,Female,North India,Standard,507.95,35,4,Laptop,Gift Card,Action,7.5,86,2,4,0,0,0,1
CUST105120,51,Female,West India,Premium,792.51,29,1,Mobile,Debit Card,Drama,11.8,46,3,4,1,0,0,0
CUST105121,58,Male,East India,Standard,496.36,6,5,Smart TV,Gift Card,Documentary,5.9,86,0,3,1,1,0,0
CUST105122,40,Female,South India,Basic,183.12,52,1,Laptop,Credit Card,Action,14.7,41,3,4,1,1,0,1
CUST105123,58,Female,West India,Premium,813.23,37,2,Tablet,Debit Card,Drama,2.1,26,1,3,0,1,0,1
CUST105124,69,Male,West India,Standard,487.61,59,3,Laptop,Gift Card,Action,16.9,22,0,1,1,1,1,0
CUST105125,39,Male,Central India,Standard,483.52,25,4,Laptop,UPI,Thriller,15.5,86,2,4,0,1,1,0
CUST105126,16,Male,Central India,Premium,799.78,21,2,Mobile,UPI,Romance,9.3,84,4,1,1,0,0,1
CUST105127,27,Female,East India,Standard,515.1,58,1,Tablet,UPI,Documentary,19.7,70,1,4,0,0,1,0
CUST105128,47,Male,South India,Standard,505.79,31,5,Smart TV,Credit Card,Drama,14.8,84,0,3,0,0,0,0
CUST105129,49,Male,Central India,Standard,490.53,59,3,Laptop,Debit Card,Documentary,24.1,44,1,4,0,0,0,1
CUST105130,13,Female,North India,Standard,492.92,40,5,Mobile,Credit Card,Drama,14.6,83,2,3,0,1,0,0
CUST105131,15,Male,West India,Basic,178.76,50,1,Mobile,UPI,Documentary,3.4,31,3,2,0,1,1,0
CUST105132,59,Female,North India,Premium,827.87,16,1,Smart TV,Net Banking,Documentary,6.2,38,1,1,0,1,0,1
CUST105133,36,Female,West India,Basic,222.28,60,2,Laptop,Credit Card,Romance,15.5,53,0,1,0,1,1,0
CUST105134,39,Male,North India,Standard,503.33,14,3,Smart TV,Debit Card,Comedy,1.1,43,2,4,1,0,0,1
CUST105135,52,Female,West India,Premium,798.82,6,1,Laptop,Credit Card,Drama,9.6,63,1,4,1,1,1,1
CUST105136,48,Male,Central India,Basic,182.11,11,2,Mobile,Debit Card,Romance,0.0,69,2,4,0,0,1,1
CUST105137,46,Male,North India,Basic,196.81,27,1,Mobile,Net Banking,Action,15.6,81,3,2,1,0,1,0
CUST105138,41,Male,East India,Basic,212.37,38,2,Laptop,Gift Card,Action,9.3,5,0,1,0,0,0,0
CUST105139,36,Female,East India,Standard,509.94,5,5,Smart TV,Debit Card,Action,7.4,7,3,2,0,0,0,1
CUST105140,36,Male,South India,Premium,792.24,15,2,Smart TV,Debit Card,Documentary,9.5,65,1,2,0,1,1,1
CUST105141,54,Female,South India,Standard,511.01,38,5,Laptop,UPI,Thriller,5.7,39,1,3,0,0,0,0
CUST105142,16,Female,South India,Basic,216.36,53,4,Laptop,UPI,Action,3.4,62,1,3,0,1,0,1
CUST105143,15,Female,North India,Standard,499.52,16,1,Mobile,Net Banking,Kids,10.3,83,0,4,1,1,0,1
CUST105144,46,Male,West India,Standard,513.73,18,4,Laptop,Credit Card,Documentary,7.5,41,1,3,0,1,0,1
CUST105145,69,Female,South India,Standard,523.75,53,3,Mobile,Gift Card,Kids,4.1,76,1,3,1,0,1,0
CUST105146,61,Female,Central India,Standard,527.73,33,4,Smart TV,Gift Card,Kids,21.4,71,0,2,0,1,0,0
CUST105147,35,Male,East India,Basic,189.99,35,2,Mobile,Net Banking,Action,9.4,89,0,3,0,1,0,0
CUST105148,65,Male,East India,Premium,805.65,55,2,Mobile,Gift Card,Comedy,7.4,61,2,1,1,1,0,0
CUST105149,68,Female,Central India,Basic,209.55,52,3,Smart TV,Credit Card,Documentary,9.8,73,1,3,0,1,0,0
CUST105150,64,Female,East India,Basic,198.72,24,3,Mobile,UPI,Romance,9.4,72,2,1,0,1,1,0
CUST105151,35,Male,North India,Premium,817.65,35,1,Mobile,Net Banking,Drama,8.7,6,1,4,0,1,0,0
CUST105152,57,Female,Central India,Standard,499.84,7,2,Smart TV,Gift Card,Documentary,1.5,0,1,4,1,1,1,1
CUST105153,17,Female,North India,Basic,196.71,14,3,Smart TV,Net Banking,Kids,18.0,42,1,1,1,0,0,0
CUST105154,43,Female,East India,Premium,779.28,50,4,Mobile,Net Banking,Comedy,5.1,12,1,2,0,1,0,0
CUST105155,65,Female,Central India,Standard,473.65,30,2,Mobile,Debit Card,Drama,19.5,10,1,2,0,1,1,0
CUST105156,53,Male,Central India,Basic,193.75,24,3,Mobile,Debit Card,Action,3.0,34,1,3,0,1,1,0
CUST105157,69,Female,Central India,Standard,455.49,15,1,Mobile,Net Banking,Documentary,15.5,37,2,3,0,1,0,0
CUST105158,69,Male,East India,Premium,817.67,13,5,Mobile,Debit Card,Comedy,16.2,88,3,1,0,1,0,1
CUST105159,66,Female,East India,Standard,512.33,19,2,Mobile,Gift Card,Drama,10.5,44,0,3,0,1,0,1
CUST105160,18,Male,East India,Basic,209.35,29,2,Tablet,Net Banking,Kids,0.0,50,1,1,0,0,0,1
CUST105161,49,Female,South India,Standard,515.69,22,2,Mobile,Debit Card,Thriller,10.7,14,0,2,0,0,0,0
CUST105162,69,Male,South India,Standard,494.87,2,2,Mobile,Gift Card,Documentary,17.9,58,2,1,0,1,0,1
CUST105163,22,Female,West India,Premium,802.32,39,5,Smart TV,UPI,Kids,1.7,65,3,3,0,1,1,1
CUST105164,52,Male,Central India,Basic,193.43,13,5,Mobile,UPI,Documentary,7.7,13,1,4,0,1,0,0
CUST105165,19,Female,East India,Standard,515.64,36,1,Mobile,Net Banking,Kids,4.4,13,0,1,1,1,0,1
CUST105166,51,Female,Central India,Basic,160.73,38,2,Laptop,Credit Card,Action,13.2,40,2,2,1,0,0,0
CUST105167,50,Male,North India,Standard,515.63,18,3,Smart TV,Gift Card,Thriller,19.8,23,0,1,1,1,0,0
CUST105168,33,Male,North India,Premium,771.69,51,4,Mobile,Net Banking,Action,10.0,4,0,3,0,1,1,0
CUST105169,32,Male,East India,Basic,195.91,15,2,Smart TV,Debit Card,Thriller,5.6,33,0,2,0,0,0,1
CUST105170,15,Male,South India,Basic,183.26,35,5,Mobile,UPI,Romance,21.3,31,1,2,1,0,0,0
CUST105171,63,Male,West India,Standard,496.96,52,1,Mobile,Debit Card,Romance,11.4,45,1,3,1,1,0,0
CUST105172,34,Female,South India,Standard,490.71,17,2,Mobile,Gift Card,Drama,9.8,76,0,3,0,1,0,0
CUST105173,59,Male,Central India,Basic,193.23,48,1,Laptop,Net Banking,Drama,8.8,15,2,3,0,1,0,1
CUST105174,16,Male,South India,Standard,507.21,13,3,Laptop,UPI,Kids,3.3,84,2,3,0,1,0,1
CUST105175,40,Female,East India,Premium,802.37,22,3,Laptop,Gift Card,Documentary,14.1,21,1,1,0,1,0,1
CUST105176,24,Male,South India,Standard,513.99,59,3,Mobile,UPI,Documentary,15.4,86,2,2,0,0,0,1
CUST105177,50,Male,North India,Standard,505.28,54,3,Smart TV,UPI,Kids,8.4,31,1,1,0,0,1,1
CUST105178,63,Male,East India,Standard,475.16,52,4,Mobile,Net Banking,Drama,14.2,75,0,1,1,1,0,0
CUST105179,48,Female,East India,Premium,834.27,40,1,Laptop,Net Banking,Thriller,0.0,40,1,3,1,0,0,1
CUST105180,59,Male,East India,Basic,169.21,21,2,Mobile,Credit Card,Romance,8.4,21,0,3,0,1,0,1
CUST105181,53,Female,South India,Basic,203.72,26,4,Mobile,Credit Card,Action,6.3,52,0,1,0,1,0,0
CUST105182,17,Female,North India,Standard,510.04,46,2,Mobile,Credit Card,Drama,11.1,22,0,1,0,1,0,0
CUST105183,25,Male,South India,Standard,503.39,4,5,Mobile,Credit Card,Drama,3.3,34,0,3,0,1,0,0
CUST105184,35,Female,Central India,Premium,796.0,7,4,Laptop,Debit Card,Comedy,0.0,88,1,4,0,1,1,1
CUST105185,62,Male,West India,Basic,221.3,10,4,Mobile,Credit Card,Documentary,8.3,42,1,4,1,1,1,0
CUST105186,42,Male,West India,Premium,815.85,15,5,Smart TV,Debit Card,Thriller,9.5,61,1,2,1,0,0,0
CUST105187,49,Male,West India,Premium,798.68,26,4,Laptop,UPI,Action,17.2,44,0,1,0,0,0,0
CUST105188,37,Male,Central India,Standard,492.26,16,1,Laptop,Debit Card,Comedy,13.2,56,0,2,1,0,0,1
CUST105189,60,Male,Central India,Premium,786.74,40,3,Tablet,UPI,Comedy,14.2,66,4,2,0,0,0,1
CUST105190,39,Female,Central India,Basic,187.94,34,2,Mobile,Credit Card,Kids,0.0,54,2,2,1,1,1,0
CUST105191,63,Female,North India,Basic,198.1,17,5,Mobile,Debit Card,Drama,16.5,30,1,4,0,1,1,0
CUST105192,26,Female,East India,Premium,774.16,38,3,Mobile,UPI,Documentary,15.9,53,2,1,0,1,1,0
CUST105193,69,Female,Central India,Standard,498.9,16,4,Mobile,Credit Card,Drama,12.9,35,2,2,0,0,0,1
CUST105194,60,Male,West India,Basic,211.05,34,1,Laptop,UPI,Comedy,0.0,34,0,3,0,1,0,0
CUST105195,59,Male,West India,Standard,490.55,59,4,Smart TV,Net Banking,Comedy,10.6,13,3,1,1,1,0,0
CUST105196,66,Female,South India,Premium,798.66,56,5,Smart TV,UPI,Romance,6.4,21,0,4,1,0,0,1
CUST105197,48,Male,East India,Standard,503.61,29,4,Smart TV,Credit Card,Action,7.8,14,2,2,0,1,1,1
CUST105198,51,Female,Central India,Basic,206.27,53,1,Laptop,Gift Card,Drama,5.4,86,0,1,1,1,1,1
CUST105199,28,Female,East India,Standard,496.0,18,4,Mobile,Net Banking,Drama,12.1,71,1,4,0,1,1,1
CUST105200,68,Female,Central India,Premium,825.41,11,4,Mobile,Debit Card,Romance,2.8,49,0,4,0,1,0,1
CUST105201,34,Female,West India,Basic,199.05,12,4,Tablet,Net Banking,Thriller,10.6,23,0,3,0,0,0,1
CUST105202,33,Male,East India,Basic,179.06,37,4,Mobile,Credit Card,Action,17.8,41,1,1,0,0,1,1
CUST105203,66,Male,East India,Standard,493.22,2,1,Laptop,UPI,Documentary,6.8,39,2,3,1,0,0,0
CUST105204,33,Female,Central India,Standard,518.47,54,2,Laptop,Gift Card,Drama,7.5,48,1,1,0,1,0,1
CUST105205,20,Female,Central India,Basic,217.3,56,3,Tablet,Credit Card,Drama,2.4,70,1,1,0,0,1,1
CUST105206,61,Female,East India,Basic,173.2,18,5,Mobile,UPI,Documentary,14.8,8,1,1,0,0,1,0
CUST105207,28,Female,Central India,Basic,194.54,54,2,Tablet,Credit Card,Action,4.4,42,4,3,0,1,0,1
CUST105208,67,Female,East India,Basic,191.09,38,1,Mobile,Gift Card,Drama,6.0,61,0,1,0,1,0,0
CUST105209,43,Male,South India,Basic,210.69,33,5,Mobile,UPI,Documentary,14.5,19,2,2,0,1,0,0
CUST105210,54,Female,East India,Standard,481.93,9,5,Mobile,Gift Card,Romance,12.6,18,1,1,0,1,0,1
CUST105211,22,Female,North India,Standard,522.4,15,4,Mobile,UPI,Thriller,0.0,20,2,1,1,1,0,1
CUST105212,44,Male,East India,Standard,476.95,28,3,Tablet,Net Banking,Romance,13.2,89,1,1,0,1,0,0
CUST105213,46,Male,South India,Standard,496.9,8,3,Laptop,Credit Card,Drama,8.4,8,0,3,0,1,0,1
CUST105214,21,Male,South India,Basic,180.93,60,1,Smart TV,Debit Card,Documentary,9.4,60,2,2,0,1,0,1
CUST105215,29,Male,West India,Standard,508.85,46,2,Mobile,Debit Card,Comedy,18.7,33,0,2,1,1,0,0
CUST105216,23,Male,West India,Basic,168.13,36,4,Smart TV,Credit Card,Drama,15.1,69,1,1,0,1,0,0
CUST105217,44,Male,North India,Basic,196.43,39,3,Mobile,Debit Card,Thriller,17.3,32,1,2,0,0,0,0
CUST105218,22,Male,Central India,Basic,196.13,52,4,Mobile,Gift Card,Documentary,4.2,78,0,2,1,1,0,0
CUST105219,34,Male,Central India,Premium,785.56,8,2,Smart TV,Debit Card,Romance,18.8,81,3,1,1,1,1,1
CUST105220,69,Male,South India,Basic,217.28,42,5,Laptop,Credit Card,Documentary,5.3,86,1,2,0,1,0,0
CUST105221,29,Female,South India,Premium,824.56,50,2,Smart TV,Net Banking,Drama,5.7,58,3,4,1,0,0,1
CUST105222,16,Male,West India,Standard,492.96,50,5,Smart TV,Credit Card,Comedy,9.4,70,0,3,0,1,0,1
CUST105223,60,Female,South India,Standard,500.94,19,2,Smart TV,Credit Card,Documentary,13.3,13,1,2,0,0,0,1
CUST105224,64,Female,East India,Premium,789.74,4,4,Mobile,UPI,Documentary,17.5,77,1,1,0,0,1,1
CUST105225,59,Female,East India,Basic,180.05,27,2,Laptop,Debit Card,Romance,9.7,52,0,1,0,1,0,1
CUST105226,37,Female,North India,Basic,182.23,13,3,Laptop,Debit Card,Comedy,20.5,53,1,2,1,1,1,0
CUST105227,33,Female,East India,Premium,782.63,38,3,Smart TV,UPI,Thriller,22.4,83,1,1,0,1,1,1
CUST105228,49,Female,North India,Standard,517.74,21,1,Mobile,Gift Card,Drama,2.9,43,3,3,0,1,0,1
CUST105229,50,Female,West India,Basic,205.45,26,3,Smart TV,Gift Card,Kids,18.1,28,2,2,0,1,0,0
CUST105230,61,Female,East India,Basic,184.7,45,3,Mobile,UPI,Drama,10.8,6,0,3,0,1,0,1
CUST105231,13,Male,North India,Premium,786.04,58,5,Laptop,Debit Card,Drama,16.1,45,5,4,1,0,1,0
CUST105232,37,Female,Central India,Premium,784.04,23,4,Mobile,Gift Card,Action,3.6,89,0,4,0,1,0,0
CUST105233,63,Female,North India,Standard,470.82,54,4,Mobile,Gift Card,Drama,17.4,68,1,2,0,1,0,1
CUST105234,48,Female,East India,Basic,206.79,30,5,Tablet,Net Banking,Kids,6.7,88,0,2,0,1,0,1
CUST105235,29,Female,North India,Premium,797.09,31,3,Smart TV,Gift Card,Comedy,16.7,33,0,1,0,0,0,1
CUST105236,53,Male,West India,Basic,224.65,31,2,Laptop,Debit Card,Drama,9.7,45,1,1,1,0,1,1
CUST105237,36,Female,South India,Standard,467.75,16,5,Smart TV,Net Banking,Kids,9.2,18,2,1,1,0,0,0
CUST105238,14,Male,Central India,Standard,511.72,52,4,Mobile,Net Banking,Thriller,10.0,29,2,1,0,1,0,1
CUST105239,52,Male,West India,Standard,513.05,59,1,Mobile,Debit Card,Action,14.5,7,2,2,0,1,0,0
CUST105240,27,Female,Central India,Standard,515.03,42,4,Laptop,UPI,Comedy,10.0,85,0,3,1,0,0,1
CUST105241,44,Female,Central India,Premium,802.68,41,2,Laptop,Credit Card,Comedy,13.6,17,0,3,1,0,0,0
CUST105242,51,Male,North India,Premium,812.84,7,4,Mobile,Gift Card,Thriller,10.0,86,1,3,1,0,0,1
CUST105243,18,Female,South India,Standard,503.59,17,5,Mobile,UPI,Drama,2.7,59,2,3,1,1,0,1
CUST105244,13,Female,North India,Basic,187.77,24,1,Laptop,Credit Card,Kids,11.9,87,2,1,0,1,1,0
CUST105245,59,Male,North India,Basic,192.98,20,4,Tablet,Debit Card,Action,12.5,43,0,1,1,0,0,0
CUST105246,35,Male,East India,Basic,192.58,39,5,Laptop,Gift Card,Kids,1.5,51,1,1,0,1,0,1
CUST105247,51,Female,North India,Standard,516.46,27,5,Smart TV,UPI,Romance,8.1,79,2,2,0,1,0,0
CUST105248,69,Female,South India,Standard,518.19,2,5,Tablet,Credit Card,Action,14.3,7,0,4,1,1,1,0
CUST105249,29,Female,West India,Basic,211.22,60,1,Mobile,Debit Card,Romance,10.8,12,0,2,1,1,1,1
CUST105250,46,Male,North India,Basic,199.92,51,5,Mobile,Net Banking,Action,12.5,41,4,3,1,0,0,0
CUST105251,53,Female,South India,Basic,168.14,1,1,Mobile,Net Banking,Comedy,7.5,77,1,1,0,0,1,1
CUST105252,41,Male,North India,Standard,511.35,34,2,Tablet,Net Banking,Thriller,6.0,19,1,3,0,1,1,0
CUST105253,21,Male,Central India,Standard,510.72,27,2,Laptop,Debit Card,Comedy,12.0,34,1,1,0,1,0,1
CUST105254,25,Female,North India,Standard,503.27,37,2,Mobile,Credit Card,Drama,0.0,71,2,1,1,1,1,0
CUST105255,18,Male,East India,Standard,506.19,50,5,Smart TV,Debit Card,Romance,13.0,65,1,1,1,1,1,0
CUST105256,18,Female,Central India,Standard,486.82,6,1,Mobile,Net Banking,Documentary,16.2,86,0,1,0,1,1,1
CUST105257,32,Female,South India,Standard,493.85,38,2,Laptop,Debit Card,Action,14.3,48,0,2,0,1,0,0
CUST105258,64,Male,North India,Basic,186.69,54,3,Mobile,Gift Card,Action,10.1,65,1,3,0,0,1,0
CUST105259,65,Female,Central India,Standard,496.67,60,2,Tablet,Credit Card,Action,16.7,68,0,2,0,1,0,0
CUST105260,15,Male,Central India,Standard,512.16,27,5,Mobile,Gift Card,Comedy,16.6,88,3,1,0,1,1,0
CUST105261,29,Male,West India,Basic,205.58,48,3,Laptop,Net Banking,Action,1.0,0,0,4,0,0,0,1
CUST105262,61,Female,Central India,Premium,783.33,16,4,Mobile,Credit Card,Action,7.7,50,0,2,0,1,0,1
CUST105263,24,Female,South India,Standard,526.48,35,3,Mobile,Gift Card,Documentary,10.6,85,0,1,1,0,0,1
CUST105264,60,Female,North India,Standard,501.6,27,4,Smart TV,Debit Card,Thriller,11.1,70,4,3,1,1,0,0
CUST105265,59,Female,Central India,Standard,488.89,35,3,Smart TV,UPI,Romance,13.2,53,0,1,0,1,0,0
CUST105266,57,Male,South India,Basic,194.48,58,1,Mobile,Debit Card,Drama,13.1,86,4,3,1,1,0,0
CUST105267,67,Male,West India,Basic,190.68,55,3,Smart TV,Net Banking,Kids,11.0,87,1,3,1,1,0,0
CUST105268,13,Male,North India,Standard,502.39,36,2,Smart TV,UPI,Comedy,13.9,25,1,3,1,0,1,0
CUST105269,29,Female,East India,Basic,179.16,38,4,Mobile,Credit Card,Romance,8.9,77,0,4,1,1,1,1
CUST105270,15,Male,Central India,Basic,203.42,28,4,Smart TV,UPI,Romance,18.3,21,3,2,0,1,0,1
CUST105271,38,Male,Central India,Premium,811.6,56,2,Laptop,Credit Card,Drama,21.1,48,0,3,0,1,1,0
CUST105272,27,Female,West India,Standard,508.9,3,1,Mobile,Gift Card,Thriller,17.6,45,2,3,0,1,0,1
CUST105273,48,Female,South India,Basic,202.97,57,3,Smart TV,Gift Card,Drama,14.4,16,1,1,1,1,0,0
CUST105274,44,Female,West India,Basic,207.63,41,1,Laptop,Gift Card,Comedy,12.2,59,0,2,0,1,0,1
CUST105275,44,Male,South India,Standard,504.89,31,2,Laptop,Gift Card,Romance,9.8,84,0,2,1,1,0,1
CUST105276,16,Female,North India,Basic,214.7,3,3,Mobile,Gift Card,Romance,14.0,7,0,1,0,1,1,0
CUST105277,30,Male,Central India,Basic,195.41,38,2,Smart TV,UPI,Documentary,11.6,60,0,4,1,1,0,1
CUST105278,61,Male,East India,Standard,485.3,53,4,Laptop,Credit Card,Drama,16.5,60,1,2,0,1,0,0
CUST105279,31,Male,West India,Basic,204.49,52,4,Mobile,Gift Card,Thriller,7.4,1,1,4,1,1,0,0
CUST105280,55,Male,East India,Standard,515.26,24,4,Smart TV,Gift Card,Comedy,16.7,47,1,3,0,1,0,1
CUST105281,64,Male,East India,Standard,493.14,26,5,Mobile,Credit Card,Thriller,12.4,45,2,1,0,1,0,0
CUST105282,47,Female,Central India,Basic,222.96,41,5,Mobile,UPI,Kids,13.5,60,1,1,1,0,0,1
CUST105283,52,Male,Central India,Basic,204.72,47,4,Smart TV,Gift Card,Romance,8.5,5,0,1,1,1,0,1
CUST105284,26,Female,East India,Standard,512.93,28,5,Mobile,UPI,Drama,9.7,12,1,3,1,0,0,0
CUST105285,45,Male,North India,Standard,481.57,9,5,Mobile,Gift Card,Comedy,14.8,28,2,1,1,1,1,0
CUST105286,26,Male,East India,Basic,210.86,37,2,Mobile,UPI,Drama,18.5,62,0,4,0,1,0,0
CUST105287,46,Female,South India,Basic,206.02,53,3,Mobile,Net Banking,Kids,0.0,45,0,3,0,1,0,0
CUST105288,67,Male,South India,Premium,830.68,27,4,Smart TV,Gift Card,Action,9.9,33,2,4,0,0,0,1
CUST105289,16,Male,South India,Basic,206.74,48,5,Laptop,Gift Card,Comedy,1.4,83,1,3,1,1,0,0
CUST105290,36,Female,South India,Premium,808.81,3,2,Mobile,Debit Card,Kids,8.4,14,3,4,1,0,1,1
CUST105291,41,Female,West India,Basic,186.7,41,2,Smart TV,Debit Card,Drama,14.8,73,1,1,1,1,0,0
CUST105292,31,Male,North India,Basic,203.76,49,3,Mobile,UPI,Comedy,14.4,23,1,2,1,1,0,0
CUST105293,18,Male,West India,Standard,516.19,28,2,Mobile,Debit Card,Documentary,18.4,81,0,1,1,1,1,0
CUST105294,69,Male,West India,Basic,193.8,32,1,Tablet,UPI,Romance,11.4,2,0,4,0,1,0,0
CUST105295,45,Female,South India,Basic,188.32,35,1,Smart TV,Gift Card,Romance,0.0,27,2,4,1,1,0,1
CUST105296,61,Male,North India,Basic,229.13,7,4,Mobile,Gift Card,Kids,11.1,49,1,4,0,0,0,1
CUST105297,52,Female,North India,Premium,794.84,7,3,Smart TV,Net Banking,Action,16.9,75,1,1,1,1,1,1
CUST105298,31,Female,East India,Standard,512.58,21,1,Mobile,Net Banking,Thriller,16.1,15,3,2,0,1,0,1
CUST105299,65,Male,West India,Standard,491.83,32,3,Laptop,Debit Card,Drama,14.4,48,1,2,0,0,1,1
CUST105300,13,Female,North India,Standard,492.43,38,4,Mobile,Gift Card,Thriller,8.4,41,1,3,1,0,0,0
CUST105301,17,Male,Central India,Standard,497.16,20,2,Laptop,UPI,Drama,17.9,2,0,2,1,0,0,1
CUST105302,39,Male,West India,Standard,507.6,8,2,Mobile,Debit Card,Comedy,10.8,32,0,2,0,1,0,1
CUST105303,28,Female,North India,Basic,216.52,4,2,Smart TV,Net Banking,Thriller,1.9,87,2,2,1,1,0,1
CUST105304,18,Female,Central India,Basic,190.59,26,1,Tablet,Credit Card,Action,6.7,0,1,1,0,1,0,0
CUST105305,52,Female,Central India,Basic,215.81,15,3,Mobile,UPI,Drama,12.4,50,1,3,0,1,1,0
CUST105306,25,Female,Central India,Basic,201.08,6,1,Mobile,Credit Card,Thriller,3.4,77,1,2,1,1,0,1
CUST105307,60,Female,South India,Basic,196.36,48,5,Smart TV,Debit Card,Drama,6.7,8,0,3,0,0,0,0
CUST105308,47,Female,East India,Basic,207.39,32,3,Mobile,Debit Card,Documentary,4.5,15,1,3,0,1,0,1
CUST105309,31,Male,East India,Premium,820.44,5,4,Laptop,Credit Card,Documentary,12.2,72,2,4,0,0,0,1
CUST105310,24,Male,North India,Premium,806.73,44,1,Smart TV,Debit Card,Thriller,6.0,75,3,4,0,1,0,1
CUST105311,28,Male,North India,Basic,188.1,46,2,Mobile,Debit Card,Documentary,13.8,30,3,3,1,1,1,0
CUST105312,55,Female,East India,Basic,201.19,58,2,Laptop,Gift Card,Action,10.2,48,0,1,1,1,0,0
CUST105313,22,Female,Central India,Basic,207.43,6,2,Mobile,UPI,Thriller,0.0,5,3,1,1,0,1,1
CUST105314,37,Female,North India,Basic,190.1,3,1,Tablet,Net Banking,Comedy,9.7,29,0,3,0,0,0,0
CUST105315,32,Male,South India,Basic,203.21,29,1,Mobile,Gift Card,Thriller,4.3,44,0,4,0,1,0,1
CUST105316,43,Male,South India,Premium,788.23,19,2,Laptop,Debit Card,Comedy,13.4,88,3,1,0,0,1,0
CUST105317,16,Female,East India,Basic,208.51,10,2,Mobile,Net Banking,Documentary,7.3,28,3,3,1,0,1,0
CUST105318,56,Female,North India,Basic,220.97,7,2,Laptop,Debit Card,Thriller,15.7,51,2,2,0,1,1,0
CUST105319,35,Female,North India,Basic,197.79,45,5,Mobile,UPI,Romance,17.5,28,1,2,0,0,0,0
CUST105320,14,Female,Central India,Premium,810.18,1,1,Mobile,Debit Card,Action,5.7,85,1,2,1,1,1,0
CUST105321,68,Male,North India,Premium,814.37,1,2,Mobile,Credit Card,Documentary,15.8,67,1,1,0,0,1,1
CUST105322,34,Male,East India,Standard,492.56,17,4,Smart TV,Credit Card,Romance,4.9,72,0,3,1,0,0,0
CUST105323,63,Male,North India,Standard,505.35,22,2,Smart TV,Credit Card,Kids,9.4,84,2,4,0,1,0,0
CUST105324,69,Female,North India,Basic,216.08,36,1,Mobile,Credit Card,Documentary,8.8,10,1,1,0,0,0,1
CUST105325,49,Male,South India,Basic,223.55,14,4,Tablet,Net Banking,Documentary,7.0,76,0,3,1,1,0,1
CUST105326,20,Female,East India,Standard,494.83,6,1,Mobile,Credit Card,Comedy,12.2,19,1,4,0,1,0,0
CUST105327,19,Female,West India,Premium,782.09,30,1,Laptop,Debit Card,Comedy,17.2,73,1,3,0,1,0,0
CUST105328,26,Female,East India,Basic,207.75,46,1,Smart TV,Gift Card,Romance,12.8,56,3,1,1,0,1,0
CUST105329,68,Male,East India,Basic,202.43,47,3,Mobile,Debit Card,Action,9.5,86,0,2,0,0,1,0
CUST105330,67,Male,West India,Standard,499.46,33,4,Mobile,Debit Card,Comedy,1.9,87,0,1,0,0,1,1
CUST105331,15,Female,West India,Basic,191.21,20,5,Smart TV,Debit Card,Romance,0.0,43,2,1,0,0,0,1
CUST105332,62,Male,South India,Standard,512.26,16,5,Mobile,Debit Card,Kids,8.1,10,1,1,0,1,0,0
CUST105333,28,Female,Central India,Standard,490.17,4,3,Laptop,Gift Card,Romance,0.2,32,1,2,0,1,1,1
CUST105334,67,Female,East India,Basic,188.87,34,1,Tablet,Credit Card,Romance,3.2,58,2,1,1,0,0,1
CUST105335,31,Female,East India,Standard,497.02,1,5,Mobile,UPI,Drama,11.4,86,2,2,0,0,0,1
CUST105336,63,Male,East India,Premium,812.93,13,4,Mobile,Net Banking,Drama,3.4,67,0,2,0,1,0,0
CUST105337,30,Male,East India,Basic,178.65,48,2,Mobile,Gift Card,Thriller,5.9,48,1,4,0,1,0,0
CUST105338,64,Female,South India,Basic,183.78,8,4,Smart TV,Gift Card,Kids,11.5,14,1,2,0,1,0,0
CUST105339,28,Male,East India,Basic,186.71,22,1,Mobile,Gift Card,Kids,11.6,2,1,2,0,0,0,0
CUST105340,20,Male,West India,Standard,528.75,4,4,Tablet,Net Banking,Kids,7.7,66,0,2,0,1,0,1
CUST105341,45,Male,West India,Premium,803.24,34,1,Laptop,Debit Card,Romance,0.8,88,2,2,1,0,0,1
CUST105342,61,Male,North India,Standard,483.36,60,4,Tablet,Net Banking,Documentary,7.5,85,1,1,0,0,0,0
CUST105343,24,Female,South India,Basic,197.04,45,3,Mobile,Gift Card,Drama,10.8,10,2,2,0,1,0,1
CUST105344,65,Male,North India,Premium,810.6,37,4,Mobile,Debit Card,Comedy,10.2,74,0,2,0,1,1,1
CUST105345,23,Female,East India,Standard,529.0,57,5,Smart TV,Gift Card,Action,16.2,54,2,4,1,1,1,0
CUST105346,17,Female,South India,Standard,475.92,23,2,Smart TV,UPI,Comedy,6.9,7,0,4,1,0,0,1
CUST105347,39,Male,South India,Basic,182.88,20,3,Laptop,Credit Card,Documentary,1.8,36,0,1,1,1,0,0
CUST105348,24,Female,Central India,Basic,193.93,53,4,Laptop,Credit Card,Documentary,8.1,27,0,3,0,1,0,0
CUST105349,29,Female,Central India,Standard,494.45,24,1,Smart TV,Gift Card,Drama,7.8,19,0,2,0,0,0,0
CUST105350,18,Male,North India,Standard,494.21,27,3,Mobile,Debit Card,Drama,10.7,21,1,3,1,0,1,0
CUST105351,45,Female,North India,Standard,497.32,13,5,Mobile,UPI,Comedy,18.0,57,3,2,1,0,1,1
CUST105352,17,Female,West India,Basic,229.43,5,2,Smart TV,UPI,Thriller,3.4,45,1,4,1,1,1,0
CUST105353,69,Male,West India,Standard,480.01,16,2,Smart TV,Debit Card,Comedy,12.0,74,2,1,0,1,0,0
CUST105354,40,Male,West India,Premium,801.4,60,4,Smart TV,Debit Card,Kids,12.5,22,1,1,1,0,0,1
CUST105355,26,Male,South India,Premium,807.41,38,5,Mobile,UPI,Romance,8.7,33,0,3,1,1,0,0
CUST105356,17,Male,East India,Basic,177.23,48,5,Laptop,Credit Card,Drama,10.4,49,1,4,1,1,0,0
CUST105357,66,Male,North India,Standard,520.51,29,2,Laptop,Credit Card,Kids,9.7,46,3,2,1,1,0,1
CUST105358,68,Female,West India,Standard,496.65,26,2,Mobile,UPI,Thriller,10.2,87,2,1,0,1,0,0
CUST105359,45,Female,South India,Premium,782.74,22,5,Mobile,Net Banking,Kids,22.7,48,1,4,0,1,1,0
CUST105360,62,Male,Central India,Premium,822.2,24,2,Smart TV,UPI,Thriller,13.1,2,3,4,1,1,1,1
CUST105361,60,Male,East India,Premium,809.22,13,1,Smart TV,Gift Card,Drama,4.2,29,2,1,0,1,0,1
CUST105362,53,Female,Central India,Premium,790.86,43,2,Mobile,Net Banking,Comedy,10.5,22,1,1,0,0,0,0
CUST105363,31,Male,Central India,Basic,209.88,21,1,Laptop,Debit Card,Action,25.2,64,1,4,0,1,1,0
CUST105364,34,Male,East India,Standard,504.82,1,2,Mobile,UPI,Drama,9.0,17,2,3,0,1,0,0
CUST105365,17,Female,South India,Standard,475.95,4,3,Smart TV,UPI,Comedy,0.0,51,1,1,1,1,0,0
CUST105366,14,Female,Central India,Basic,177.42,3,3,Mobile,Net Banking,Action,5.7,66,2,4,1,0,0,1
CUST105367,42,Female,South India,Basic,204.05,50,3,Mobile,UPI,Kids,8.7,87,3,3,0,1,1,1
CUST105368,59,Male,Central India,Basic,172.43,23,1,Smart TV,Gift Card,Documentary,8.9,24,1,1,0,0,0,1
CUST105369,51,Female,West India,Premium,814.08,16,1,Mobile,Credit Card,Documentary,19.1,1,0,1,0,0,0,1
CUST105370,16,Male,East India,Basic,178.29,45,4,Mobile,UPI,Documentary,12.9,57,5,2,0,1,0,1
CUST105371,45,Female,North India,Premium,812.81,13,4,Smart TV,Credit Card,Action,6.8,85,1,4,1,1,0,1
CUST105372,25,Male,East India,Standard,520.35,39,2,Tablet,Debit Card,Thriller,12.5,72,1,1,0,1,0,0
CUST105373,32,Male,Central India,Standard,506.34,31,1,Smart TV,Debit Card,Documentary,8.4,53,0,4,1,1,0,1
CUST105374,66,Male,Central India,Basic,143.67,24,3,Mobile,UPI,Documentary,8.5,15,4,1,1,1,0,1
CUST105375,19,Female,West India,Standard,515.8,47,3,Mobile,Debit Card,Thriller,18.5,62,0,4,1,0,1,1
CUST105376,27,Female,West India,Standard,492.45,58,3,Smart TV,UPI,Action,20.0,42,1,3,0,1,0,1
CUST105377,35,Female,East India,Basic,198.14,15,2,Mobile,Credit Card,Action,13.3,43,2,4,1,1,1,0
CUST105378,26,Male,North India,Premium,787.85,5,1,Mobile,Net Banking,Thriller,6.4,15,2,2,0,1,0,1
CUST105379,35,Female,East India,Standard,524.23,49,2,Mobile,UPI,Drama,20.0,78,0,2,1,0,0,0
CUST105380,31,Female,North India,Basic,201.66,22,5,Smart TV,Net Banking,Romance,12.8,6,3,2,0,1,1,0
CUST105381,66,Male,South India,Premium,792.91,22,5,Smart TV,Credit Card,Thriller,11.2,26,1,1,1,1,0,0
CUST105382,41,Male,Central India,Basic,219.09,11,4,Smart TV,Credit Card,Romance,5.9,17,1,2,0,0,0,0
CUST105383,68,Female,South India,Standard,512.19,24,1,Tablet,Net Banking,Comedy,9.1,6,3,4,1,1,1,0
CUST105384,32,Female,East India,Standard,482.01,45,3,Mobile,UPI,Comedy,23.7,85,1,1,1,0,1,0
CUST105385,41,Female,North India,Basic,204.01,10,1,Tablet,Net Banking,Drama,0.0,61,1,2,1,1,0,1
CUST105386,36,Male,North India,Standard,502.3,47,4,Smart TV,UPI,Kids,27.0,60,2,3,0,1,0,0
CUST105387,30,Female,South India,Standard,476.92,34,3,Mobile,UPI,Drama,20.1,61,2,4,1,1,0,0
CUST105388,22,Male,West India,Standard,511.41,11,2,Tablet,Net Banking,Romance,18.8,61,2,1,1,1,1,1
CUST105389,53,Male,West India,Basic,198.56,57,3,Smart TV,Credit Card,Comedy,12.5,12,0,1,1,1,0,1
CUST105390,69,Female,South India,Basic,231.27,43,5,Mobile,Gift Card,Thriller,7.2,58,0,3,0,0,0,0
CUST105391,20,Female,West India,Basic,220.15,29,2,Mobile,Debit Card,Action,7.0,82,4,2,0,1,0,1
CUST105392,38,Male,North India,Premium,802.33,22,3,Mobile,Gift Card,Comedy,2.3,25,0,2,0,1,0,0
CUST105393,41,Male,East India,Basic,197.69,33,2,Tablet,Credit Card,Thriller,8.3,16,0,4,1,1,0,0
CUST105394,22,Female,West India,Standard,468.33,57,5,Mobile,Debit Card,Kids,8.8,16,1,4,1,1,0,0
CUST105395,29,Female,North India,Premium,811.64,8,5,Tablet,Net Banking,Comedy,13.0,15,0,3,0,1,0,0
CUST105396,14,Female,East India,Premium,797.97,58,1,Mobile,Gift Card,Action,2.3,56,0,3,0,1,1,1
CUST105397,18,Male,North India,Premium,791.99,49,5,Mobile,UPI,Kids,4.2,12,4,3,1,1,0,0
CUST105398,17,Male,Central India,Premium,799.32,32,5,Mobile,Credit Card,Comedy,2.4,68,1,2,1,1,0,1
CUST105399,40,Female,East India,Standard,522.29,40,5,Smart TV,Credit Card,Comedy,12.0,18,3,2,1,0,0,1
CUST105400,53,Male,Central India,Basic,219.47,45,4,Mobile,Credit Card,Action,14.0,75,1,1,0,1,0,1
CUST105401,17,Male,West India,Basic,219.43,23,5,Smart TV,Gift Card,Documentary,17.9,53,2,4,1,1,1,0
CUST105402,30,Female,West India,Basic,183.43,5,1,Mobile,UPI,Comedy,5.1,68,2,3,0,1,1,1
CUST105403,38,Male,North India,Standard,522.69,31,2,Laptop,Gift Card,Comedy,8.6,60,2,1,1,1,1,1
CUST105404,32,Female,South India,Basic,191.65,29,4,Laptop,UPI,Comedy,4.4,48,0,1,1,1,0,1
CUST105405,53,Female,North India,Standard,510.19,6,2,Mobile,Debit Card,Drama,4.9,28,1,1,1,1,1,0
CUST105406,61,Male,Central India,Basic,208.41,52,2,Laptop,Net Banking,Drama,12.8,58,1,1,0,1,0,0
CUST105407,39,Male,East India,Basic,196.89,25,1,Laptop,Credit Card,Action,26.0,22,0,1,0,0,0,0
CUST105408,61,Female,South India,Standard,502.21,25,4,Smart TV,UPI,Thriller,6.8,60,3,1,1,1,1,0
CUST105409,24,Male,North India,Basic,174.35,31,3,Mobile,Gift Card,Kids,0.0,0,0,3,0,1,0,1
CUST105410,19,Female,Central India,Standard,499.88,58,5,Smart TV,Gift Card,Drama,21.6,68,1,2,1,1,0,0
CUST105411,15,Male,Central India,Premium,795.47,14,2,Laptop,Credit Card,Action,0.0,47,1,1,0,1,0,1
CUST105412,22,Male,West India,Premium,831.95,17,2,Mobile,Credit Card,Drama,7.9,3,1,4,0,1,1,1
CUST105413,46,Male,North India,Basic,199.43,16,1,Mobile,Credit Card,Kids,10.2,10,2,2,0,0,0,0
CUST105414,37,Female,North India,Premium,788.28,28,1,Mobile,Debit Card,Thriller,15.9,42,0,1,0,1,0,0
CUST105415,47,Male,Central India,Basic,200.73,9,1,Mobile,Net Banking,Drama,18.3,13,0,2,0,1,1,0
CUST105416,28,Female,North India,Standard,488.92,51,4,Mobile,UPI,Documentary,8.5,31,0,2,1,1,1,0
CUST105417,14,Female,West India,Basic,177.72,60,5,Mobile,Credit Card,Thriller,21.5,55,2,1,0,1,1,0
CUST105418,36,Female,South India,Basic,205.18,2,4,Mobile,UPI,Thriller,8.7,76,1,2,1,1,1,1
CUST105419,22,Male,Central India,Premium,799.12,4,1,Mobile,Gift Card,Drama,2.0,49,1,3,0,1,0,0
CUST105420,50,Female,West India,Standard,513.9,20,1,Mobile,Net Banking,Kids,9.6,61,1,1,0,1,0,0
CUST105421,34,Female,West India,Premium,820.84,41,2,Smart TV,Net Banking,Drama,8.4,8,1,1,0,1,1,0
CUST105422,38,Male,East India,Standard,527.34,36,4,Laptop,UPI,Comedy,7.2,30,1,1,1,0,0,1
CUST105423,55,Female,South India,Premium,802.45,37,4,Mobile,Gift Card,Romance,15.8,50,1,2,0,0,0,1
CUST105424,67,Female,West India,Premium,809.37,6,5,Mobile,Gift Card,Comedy,0.8,49,3,1,1,1,0,1
CUST105425,51,Male,East India,Standard,503.22,52,4,Mobile,Debit Card,Thriller,13.5,80,0,3,0,1,0,0
CUST105426,39,Female,East India,Standard,464.21,1,5,Laptop,Credit Card,Comedy,10.4,76,3,2,0,0,0,1
CUST105427,41,Male,North India,Standard,517.54,45,3,Smart TV,Gift Card,Comedy,3.3,29,0,3,1,0,0,1
CUST105428,59,Female,West India,Premium,807.19,50,5,Mobile,Credit Card,Comedy,10.9,25,1,2,1,1,0,1
CUST105429,50,Female,Central India,Basic,207.39,3,1,Laptop,Credit Card,Kids,19.1,10,3,2,1,1,1,0
CUST105430,32,Male,North India,Standard,491.31,52,3,Mobile,UPI,Documentary,13.8,2,0,1,0,1,0,0
CUST105431,39,Female,South India,Basic,189.36,37,2,Mobile,Credit Card,Romance,6.6,53,1,2,1,1,0,0
CUST105432,53,Female,Central India,Basic,197.98,45,2,Mobile,UPI,Comedy,15.1,82,1,4,0,1,0,0
CUST105433,66,Female,Central India,Basic,207.37,42,2,Mobile,Net Banking,Kids,2.2,21,0,4,1,0,0,0
CUST105434,32,Male,East India,Standard,469.72,58,1,Smart TV,Gift Card,Romance,12.8,48,1,1,1,1,1,1
CUST105435,56,Male,West India,Premium,802.03,3,2,Smart TV,UPI,Comedy,19.9,54,1,4,0,0,0,0
CUST105436,31,Male,East India,Standard,524.33,43,5,Laptop,Debit Card,Documentary,2.4,85,1,4,0,0,0,1
CUST105437,32,Male,East India,Standard,497.03,33,1,Smart TV,UPI,Romance,15.9,62,0,4,0,1,0,0
CUST105438,47,Male,West India,Standard,469.31,59,4,Smart TV,Credit Card,Drama,3.7,70,3,1,1,1,0,1
CUST105439,59,Female,West India,Standard,496.17,59,1,Smart TV,Debit Card,Thriller,9.7,63,1,4,0,1,0,1
CUST105440,14,Male,West India,Premium,803.42,15,1,Smart TV,Credit Card,Action,0.8,87,3,3,0,1,1,0
CUST105441,42,Male,East India,Standard,504.64,56,4,Mobile,Debit Card,Drama,16.9,72,1,4,0,1,0,0
CUST105442,65,Male,West India,Basic,201.32,56,5,Smart TV,UPI,Romance,3.2,46,1,3,0,0,1,0
CUST105443,46,Female,West India,Basic,228.04,4,3,Tablet,Credit Card,Romance,8.4,88,0,2,0,0,0,1
CUST105444,34,Female,Central India,Premium,801.11,15,4,Smart TV,UPI,Documentary,17.5,85,2,3,1,0,0,0
CUST105445,15,Male,East India,Premium,801.88,7,1,Smart TV,Gift Card,Documentary,13.3,23,1,4,1,1,1,0
CUST105446,18,Female,West India,Basic,190.46,47,2,Mobile,Debit Card,Thriller,15.5,43,1,1,1,1,1,0
CUST105447,27,Female,East India,Basic,213.16,4,4,Laptop,Net Banking,Comedy,16.2,6,3,2,0,1,1,1
CUST105448,39,Female,South India,Standard,524.46,3,4,Tablet,Net Banking,Action,12.4,52,3,1,0,1,0,1
CUST105449,22,Female,North India,Standard,489.58,23,3,Laptop,UPI,Action,21.6,22,0,3,1,1,1,0
CUST105450,21,Male,Central India,Standard,497.37,14,1,Mobile,Debit Card,Action,13.4,64,1,3,1,0,1,1
CUST105451,45,Male,Central India,Premium,764.13,6,2,Tablet,Debit Card,Drama,9.1,36,1,2,1,1,1,0
CUST105452,44,Female,East India,Premium,786.45,33,2,Mobile,UPI,Documentary,8.2,68,0,4,1,1,0,0
CUST105453,60,Female,West India,Premium,828.54,9,3,Smart TV,Net Banking,Action,8.1,22,2,1,0,1,1,0
CUST105454,18,Female,East India,Standard,494.54,12,2,Smart TV,Gift Card,Kids,9.6,41,2,4,1,0,1,1
CUST105455,53,Female,North India,Basic,202.4,50,5,Laptop,Net Banking,Romance,15.6,84,1,2,0,1,0,0
CUST105456,48,Male,Central India,Standard,488.07,35,4,Laptop,Credit Card,Action,2.0,14,2,1,1,0,1,1
CUST105457,14,Female,Central India,Standard,505.72,53,4,Laptop,Net Banking,Romance,0.0,65,0,4,0,0,0,0
CUST105458,41,Male,North India,Basic,196.38,31,2,Laptop,Credit Card,Comedy,0.0,84,1,4,0,1,1,0
CUST105459,16,Female,East India,Basic,205.16,51,2,Smart TV,Credit Card,Romance,4.4,17,1,1,0,0,0,1
CUST105460,13,Male,Central India,Standard,500.57,3,2,Laptop,Gift Card,Drama,10.2,39,0,1,1,0,0,0
CUST105461,31,Female,West India,Standard,520.65,56,4,Mobile,Gift Card,Kids,18.3,17,2,4,1,1,1,0
CUST105462,38,Male,East India,Standard,501.53,46,2,Smart TV,Net Banking,Kids,10.1,17,0,4,0,1,0,0
CUST105463,37,Male,West India,Basic,186.49,36,5,Mobile,UPI,Documentary,11.6,78,3,4,1,0,0,1
CUST105464,22,Male,South India,Standard,489.46,13,5,Tablet,Net Banking,Thriller,13.4,58,0,3,0,0,1,1
CUST105465,65,Female,North India,Basic,170.97,13,4,Tablet,Gift Card,Comedy,14.4,74,0,4,0,1,0,0
CUST105466,27,Male,Central India,Standard,500.88,58,1,Mobile,Credit Card,Comedy,18.0,75,0,4,0,1,1,1
CUST105467,34,Female,North India,Standard,498.05,34,1,Smart TV,Credit Card,Comedy,7.3,64,3,3,0,0,0,1
CUST105468,63,Male,North India,Premium,821.7,21,1,Mobile,UPI,Action,7.6,31,4,1,1,0,0,0
CUST105469,60,Male,West India,Premium,781.41,34,5,Mobile,Net Banking,Thriller,7.2,62,4,1,0,0,0,1
CUST105470,33,Female,Central India,Standard,488.54,42,3,Smart TV,UPI,Drama,18.9,9,1,4,0,0,0,1
CUST105471,68,Male,South India,Standard,488.69,43,1,Mobile,UPI,Documentary,15.0,11,1,3,1,0,1,1
CUST105472,34,Female,North India,Standard,495.2,28,3,Mobile,Net Banking,Drama,10.9,86,1,3,1,0,0,1
CUST105473,48,Female,West India,Basic,180.09,56,4,Smart TV,Debit Card,Kids,23.4,0,1,2,1,0,0,1
CUST105474,46,Female,West India,Standard,494.82,47,5,Mobile,Net Banking,Romance,8.0,18,0,3,0,1,0,0
CUST105475,42,Female,Central India,Standard,499.28,35,1,Smart TV,UPI,Romance,4.2,22,0,3,0,0,0,0
CUST105476,37,Male,East India,Standard,499.73,14,5,Mobile,Debit Card,Comedy,1.8,10,2,1,1,0,0,0
CUST105477,57,Male,East India,Standard,518.1,18,4,Laptop,UPI,Romance,13.1,48,3,4,0,0,1,0
CUST105478,40,Female,South India,Premium,798.55,19,5,Smart TV,UPI,Thriller,2.4,67,1,2,0,0,0,1
CUST105479,13,Male,West India,Basic,198.2,19,2,Laptop,UPI,Drama,14.0,66,1,3,1,0,0,1
CUST105480,61,Male,East India,Basic,216.18,33,1,Mobile,Credit Card,Drama,8.3,74,1,3,1,0,0,0
CUST105481,57,Female,North India,Premium,798.97,51,5,Mobile,Net Banking,Comedy,6.0,47,1,2,0,0,0,1
CUST105482,16,Male,South India,Premium,780.76,35,5,Tablet,Gift Card,Kids,15.0,8,1,3,0,1,0,1
CUST105483,19,Female,North India,Basic,182.84,20,5,Smart TV,Credit Card,Kids,6.4,23,2,3,1,1,0,0
CUST105484,61,Male,East India,Premium,782.98,29,4,Mobile,Net Banking,Comedy,5.6,38,0,1,1,1,1,1
CUST105485,21,Male,West India,Basic,180.72,8,1,Laptop,Credit Card,Drama,9.8,8,0,1,0,1,1,0
CUST105486,48,Female,East India,Standard,528.97,25,1,Mobile,Net Banking,Kids,6.5,14,2,4,0,1,0,0
CUST105487,31,Male,South India,Standard,482.92,17,2,Smart TV,Debit Card,Drama,14.8,0,0,3,0,1,0,0
CUST105488,13,Male,South India,Standard,498.37,1,2,Mobile,Gift Card,Romance,18.5,74,1,2,0,1,0,0
CUST105489,22,Female,North India,Standard,499.82,38,5,Mobile,Debit Card,Action,23.9,22,1,4,0,1,0,0
CUST105490,48,Male,North India,Basic,196.35,49,1,Mobile,Debit Card,Thriller,7.4,8,1,1,0,0,0,1
CUST105491,21,Female,South India,Basic,187.3,60,1,Mobile,Net Banking,Comedy,6.1,5,0,2,1,0,0,1
CUST105492,57,Male,North India,Standard,505.83,53,5,Smart TV,UPI,Documentary,1.5,11,0,2,0,1,0,0
CUST105493,58,Female,Central India,Basic,176.14,30,3,Laptop,UPI,Documentary,12.3,53,2,4,0,1,0,1
CUST105494,54,Female,South India,Premium,783.01,28,1,Tablet,UPI,Romance,17.6,14,1,3,1,1,1,0
CUST105495,44,Female,North India,Standard,515.83,33,5,Smart TV,UPI,Comedy,2.4,2,2,4,0,1,0,0
CUST105496,44,Female,East India,Basic,182.54,13,5,Mobile,Gift Card,Kids,1.2,0,0,2,1,1,0,1
CUST105497,18,Female,West India,Standard,518.46,24,3,Laptop,Debit Card,Thriller,27.3,12,1,3,0,1,0,0
CUST105498,60,Male,Central India,Basic,219.74,44,2,Smart TV,Credit Card,Romance,2.2,74,1,1,1,1,0,1
CUST105499,50,Male,Central India,Basic,220.04,37,5,Mobile,Gift Card,Kids,5.8,61,0,4,0,0,0,0
CUST105500,29,Female,West India,Standard,511.66,22,1,Mobile,Net Banking,Romance,0.0,79,1,2,0,1,1,0
CUST105501,22,Male,West India,Premium,778.31,52,2,Laptop,Gift Card,Romance,0.0,2,0,3,1,1,1,1
CUST105502,62,Female,East India,Standard,475.93,13,2,Smart TV,Gift Card,Documentary,8.7,15,0,1,1,1,0,1
CUST105503,39,Male,West India,Basic,182.2,40,2,Tablet,Net Banking,Romance,17.8,31,1,4,1,0,1,0
CUST105504,66,Male,Central India,Standard,484.71,12,5,Laptop,Credit Card,Romance,9.9,89,2,1,0,1,0,1
CUST105505,62,Female,East India,Basic,179.5,57,1,Smart TV,Debit Card,Romance,0.0,27,2,2,1,1,1,0
CUST105506,47,Female,West India,Basic,188.74,41,3,Laptop,Gift Card,Action,9.6,80,1,4,0,0,0,1
CUST105507,64,Male,East India,Premium,810.54,49,4,Smart TV,Net Banking,Comedy,0.0,47,1,4,0,1,0,0
CUST105508,33,Male,East India,Premium,808.76,46,4,Mobile,Net Banking,Documentary,3.7,47,1,4,0,1,1,0
CUST105509,37,Female,North India,Basic,203.44,7,2,Smart TV,Credit Card,Documentary,10.5,26,1,1,1,1,0,1
CUST105510,40,Male,West India,Standard,495.78,36,4,Laptop,Gift Card,Kids,9.1,11,2,3,0,0,0,1
CUST105511,59,Male,North India,Premium,797.98,29,4,Laptop,Net Banking,Comedy,11.4,34,0,3,0,1,1,0
CUST105512,27,Female,Central India,Basic,203.52,29,5,Smart TV,Credit Card,Thriller,16.3,18,1,1,1,1,0,1
CUST105513,16,Male,East India,Basic,191.9,26,3,Mobile,Credit Card,Kids,9.7,16,1,2,0,1,1,1
CUST105514,41,Female,Central India,Premium,813.66,27,4,Mobile,Net Banking,Comedy,5.4,8,0,1,1,1,0,1
CUST105515,21,Female,East India,Standard,479.28,24,3,Mobile,Net Banking,Drama,13.4,45,4,4,0,1,0,0
CUST105516,39,Female,West India,Basic,187.35,31,4,Tablet,Gift Card,Documentary,0.0,11,1,2,1,0,1,1
CUST105517,38,Male,South India,Standard,485.12,7,2,Laptop,Gift Card,Drama,10.3,32,1,2,0,0,1,1
CUST105518,31,Male,West India,Basic,205.86,17,2,Laptop,Debit Card,Thriller,17.8,78,0,2,0,1,0,0
CUST105519,68,Female,East India,Standard,481.0,49,3,Laptop,Net Banking,Drama,5.8,28,1,2,0,1,0,1
CUST105520,40,Female,South India,Premium,785.24,33,3,Smart TV,UPI,Thriller,6.4,12,1,4,1,1,0,0
CUST105521,29,Male,South India,Standard,505.37,34,3,Smart TV,UPI,Comedy,21.1,66,0,3,1,1,0,0
CUST105522,55,Male,West India,Standard,485.97,58,3,Smart TV,Debit Card,Action,11.4,57,0,4,1,1,0,1
CUST105523,69,Male,Central India,Basic,211.57,18,1,Smart TV,Net Banking,Action,10.6,84,0,2,1,1,0,0
CUST105524,53,Female,West India,Basic,211.22,41,2,Laptop,Credit Card,Comedy,11.6,76,1,4,0,0,1,1
CUST105525,54,Female,East India,Basic,190.93,5,4,Mobile,UPI,Kids,4.4,62,1,4,0,1,0,1
CUST105526,62,Male,Central India,Premium,800.91,1,1,Laptop,Gift Card,Documentary,16.9,81,1,2,0,0,0,1
CUST105527,32,Male,East India,Standard,529.89,7,3,Laptop,UPI,Thriller,19.3,17,0,4,0,1,0,0
CUST105528,57,Male,Central India,Basic,212.08,58,4,Laptop,Net Banking,Romance,8.3,9,3,1,0,1,0,0
CUST105529,52,Female,North India,Standard,506.41,34,2,Mobile,UPI,Drama,12.4,79,1,2,0,0,1,0
CUST105530,51,Female,Central India,Premium,822.28,3,3,Mobile,Debit Card,Action,15.8,86,1,4,0,1,1,0
CUST105531,61,Male,North India,Standard,484.54,36,5,Mobile,Gift Card,Drama,16.1,30,1,4,1,1,0,0
CUST105532,65,Male,East India,Basic,217.84,35,3,Laptop,Debit Card,Romance,16.9,52,0,1,1,1,0,0
CUST105533,35,Female,West India,Basic,204.33,51,4,Laptop,Credit Card,Drama,1.1,43,0,2,0,0,0,1
CUST105534,59,Female,East India,Basic,220.86,57,2,Mobile,Credit Card,Drama,14.1,28,1,1,1,1,0,0
CUST105535,44,Male,West India,Premium,791.17,12,3,Mobile,Credit Card,Kids,19.2,48,0,1,0,0,0,1
CUST105536,64,Male,North India,Standard,519.89,15,2,Laptop,Credit Card,Documentary,13.5,79,2,2,1,1,0,1
CUST105537,59,Male,West India,Standard,472.87,4,1,Mobile,Net Banking,Action,19.3,56,3,2,0,1,0,1
CUST105538,45,Female,East India,Premium,793.36,56,5,Tablet,Net Banking,Drama,10.0,88,2,2,0,1,0,0
CUST105539,69,Male,East India,Premium,803.09,33,1,Smart TV,Net Banking,Drama,12.3,36,1,4,0,0,0,0
CUST105540,58,Female,East India,Basic,208.85,16,5,Tablet,Debit Card,Kids,9.8,47,1,2,0,0,0,0
CUST105541,17,Female,Central India,Basic,167.6,29,1,Smart TV,Debit Card,Action,13.2,82,1,4,1,1,0,0
CUST105542,55,Male,East India,Standard,480.31,6,2,Mobile,UPI,Kids,14.8,58,0,3,0,0,0,1
CUST105543,60,Male,Central India,Basic,182.75,49,2,Mobile,Gift Card,Drama,2.9,11,2,2,1,1,0,1
CUST105544,46,Female,South India,Premium,784.97,37,1,Laptop,Debit Card,Thriller,10.4,14,0,4,1,1,0,0
CUST105545,52,Male,North India,Premium,787.74,23,4,Mobile,UPI,Action,10.2,55,3,4,0,0,0,1
CUST105546,23,Female,South India,Standard,501.47,13,1,Smart TV,Credit Card,Drama,6.7,78,1,2,0,1,1,0
CUST105547,62,Male,South India,Basic,221.14,44,3,Smart TV,Credit Card,Documentary,11.9,83,2,2,0,1,1,0
CUST105548,15,Male,Central India,Basic,193.37,1,4,Tablet,Debit Card,Romance,4.7,59,0,4,1,0,0,1
CUST105549,45,Male,Central India,Standard,522.19,57,2,Mobile,Net Banking,Kids,4.7,69,0,2,1,1,0,0
CUST105550,23,Male,North India,Premium,800.27,12,1,Smart TV,UPI,Thriller,6.1,18,2,3,1,1,0,0
CUST105551,28,Female,North India,Basic,195.79,27,4,Mobile,Gift Card,Kids,2.6,52,1,3,0,1,0,0
CUST105552,30,Female,North India,Basic,214.68,25,3,Smart TV,UPI,Comedy,5.7,28,3,3,1,0,0,1
CUST105553,42,Female,East India,Basic,196.66,22,5,Smart TV,Net Banking,Documentary,20.9,61,0,2,0,0,1,0
CUST105554,60,Male,East India,Premium,787.27,34,2,Mobile,Net Banking,Romance,3.3,26,0,1,0,0,0,1
CUST105555,67,Female,North India,Standard,518.89,18,4,Laptop,Debit Card,Romance,4.6,82,2,1,0,1,0,1
CUST105556,22,Female,Central India,Premium,798.43,41,4,Mobile,Net Banking,Comedy,10.8,39,2,4,0,1,1,1
CUST105557,30,Female,South India,Premium,825.87,16,4,Smart TV,Net Banking,Comedy,3.7,35,1,2,0,1,0,0
CUST105558,50,Male,North India,Standard,493.68,29,1,Smart TV,Gift Card,Drama,4.6,68,2,3,0,1,0,0
CUST105559,31,Female,North India,Basic,179.03,30,2,Smart TV,Net Banking,Thriller,2.7,19,1,2,0,1,0,0
CUST105560,48,Male,South India,Basic,187.46,30,2,Mobile,Credit Card,Romance,10.1,47,1,1,1,1,0,0
CUST105561,25,Male,West India,Standard,488.94,20,1,Laptop,Net Banking,Kids,8.6,70,0,1,1,0,0,0
CUST105562,68,Female,North India,Premium,797.57,47,1,Mobile,Credit Card,Drama,12.7,54,1,2,0,1,0,0
CUST105563,58,Male,North India,Basic,187.09,22,1,Laptop,Gift Card,Documentary,11.2,57,0,4,0,0,0,1
CUST105564,15,Female,East India,Basic,180.21,42,3,Mobile,Debit Card,Kids,17.0,38,0,4,1,0,1,1
CUST105565,22,Female,South India,Standard,494.16,34,4,Smart TV,Credit Card,Romance,6.8,85,1,1,0,0,1,1
CUST105566,50,Female,North India,Basic,200.37,4,3,Tablet,Debit Card,Comedy,3.0,40,1,3,1,1,1,1
CUST105567,13,Female,North India,Standard,505.18,50,2,Mobile,Debit Card,Drama,4.9,49,5,2,1,0,0,0
CUST105568,67,Female,West India,Basic,198.75,31,1,Mobile,Credit Card,Documentary,20.8,58,1,1,0,0,1,0
CUST105569,68,Male,South India,Basic,219.49,51,4,Mobile,UPI,Documentary,0.0,55,2,2,0,1,0,1
CUST105570,39,Female,North India,Standard,499.92,50,5,Laptop,Net Banking,Kids,16.7,52,3,2,0,1,1,0
CUST105571,58,Male,West India,Standard,466.25,14,4,Mobile,Gift Card,Romance,16.6,62,1,3,0,0,1,0
CUST105572,20,Female,North India,Standard,502.76,8,5,Tablet,Debit Card,Comedy,11.6,40,1,4,0,1,0,0
CUST105573,63,Female,Central India,Basic,199.11,37,4,Mobile,UPI,Kids,4.5,29,1,1,1,1,1,0
CUST105574,58,Female,West India,Premium,810.03,5,1,Smart TV,Debit Card,Kids,13.2,54,0,1,0,1,0,0
CUST105575,54,Male,Central India,Basic,182.21,8,5,Smart TV,UPI,Kids,5.1,84,2,3,0,1,0,1
CUST105576,29,Male,North India,Basic,214.92,11,5,Mobile,Gift Card,Drama,7.1,60,1,2,1,1,0,1
CUST105577,21,Male,West India,Standard,503.0,56,2,Smart TV,UPI,Romance,11.3,39,1,3,1,1,0,1
CUST105578,18,Male,South India,Basic,201.03,29,4,Smart TV,Gift Card,Thriller,7.0,72,3,3,0,1,0,0
CUST105579,55,Female,East India,Standard,513.08,55,3,Laptop,Net Banking,Documentary,3.4,35,0,1,0,1,0,1
CUST105580,37,Female,North India,Premium,816.39,21,3,Smart TV,UPI,Drama,8.8,12,0,2,0,1,1,0
CUST105581,51,Male,West India,Standard,514.93,39,2,Laptop,Debit Card,Romance,13.0,45,1,4,0,1,0,0
CUST105582,61,Male,Central India,Standard,463.82,13,2,Laptop,Net Banking,Kids,16.9,89,2,2,0,0,0,1
CUST105583,40,Male,West India,Standard,477.66,49,2,Mobile,Debit Card,Thriller,14.0,0,2,3,0,1,0,1
CUST105584,45,Female,South India,Basic,192.4,19,1,Smart TV,Debit Card,Comedy,19.3,59,2,1,0,1,0,0
CUST105585,66,Male,West India,Standard,481.17,3,1,Mobile,Net Banking,Kids,11.5,1,1,3,1,1,0,1
CUST105586,49,Male,Central India,Basic,188.57,34,1,Mobile,Net Banking,Romance,8.9,35,1,1,1,0,1,0
CUST105587,21,Female,North India,Premium,798.23,38,1,Laptop,Gift Card,Thriller,20.7,44,0,3,1,1,0,1
CUST105588,30,Male,Central India,Basic,191.95,19,2,Smart TV,UPI,Comedy,7.7,79,1,3,0,1,0,1
CUST105589,68,Female,Central India,Standard,498.64,32,2,Smart TV,Gift Card,Romance,15.2,8,2,4,0,0,1,0
CUST105590,33,Female,Central India,Premium,819.4,47,1,Laptop,Credit Card,Kids,17.5,14,3,4,1,1,0,1
CUST105591,14,Female,East India,Premium,825.71,36,1,Mobile,Credit Card,Romance,0.0,38,2,3,1,1,1,1
CUST105592,55,Female,North India,Premium,804.6,51,5,Smart TV,Gift Card,Documentary,10.3,54,2,3,1,1,0,1
CUST105593,50,Female,East India,Standard,519.03,39,4,Smart TV,Gift Card,Action,3.4,58,1,4,0,0,0,1
CUST105594,52,Male,West India,Basic,193.02,52,5,Mobile,UPI,Action,3.1,85,2,4,1,0,0,1
CUST105595,48,Male,North India,Premium,789.63,53,4,Laptop,Net Banking,Documentary,5.0,78,0,3,0,0,1,1
CUST105596,62,Female,North India,Basic,197.87,14,1,Mobile,Credit Card,Thriller,0.0,3,0,2,1,1,0,1
CUST105597,55,Female,West India,Basic,194.31,7,1,Smart TV,Net Banking,Romance,14.9,15,1,4,1,0,0,0
CUST105598,49,Male,West India,Standard,509.13,20,1,Tablet,Debit Card,Action,8.4,10,0,1,0,1,0,0
CUST105599,27,Male,Central India,Standard,499.22,32,5,Smart TV,Debit Card,Kids,16.5,21,1,2,0,1,0,0
CUST105600,40,Female,North India,Premium,821.64,46,2,Mobile,Net Banking,Romance,11.7,64,0,3,0,1,1,0
CUST105601,30,Male,South India,Premium,800.79,54,4,Mobile,Debit Card,Romance,9.7,53,0,3,1,1,0,0
CUST105602,46,Male,Central India,Premium,788.39,57,5,Mobile,Credit Card,Comedy,4.8,89,0,4,1,1,0,1
CUST105603,34,Female,North India,Basic,191.91,31,1,Laptop,Credit Card,Documentary,7.8,2,1,2,0,1,0,1
CUST105604,23,Male,West India,Standard,490.09,22,2,Mobile,Debit Card,Drama,12.4,65,1,1,1,1,1,0
CUST105605,69,Male,West India,Premium,809.97,5,5,Mobile,Credit Card,Action,8.3,85,1,2,1,1,1,0
CUST105606,25,Male,South India,Premium,797.42,31,4,Laptop,Debit Card,Thriller,6.4,56,3,3,1,1,0,1
CUST105607,16,Male,North India,Standard,500.77,15,1,Mobile,UPI,Documentary,10.0,11,2,3,0,0,0,1
CUST105608,34,Female,East India,Basic,205.28,44,4,Smart TV,UPI,Kids,17.0,65,0,1,0,1,0,0
CUST105609,19,Male,Central India,Premium,807.09,17,1,Smart TV,Net Banking,Romance,11.0,7,0,3,1,0,0,1
CUST105610,55,Female,North India,Basic,214.87,56,1,Mobile,Debit Card,Action,16.4,80,1,1,0,1,0,1
CUST105611,66,Male,East India,Standard,504.04,53,3,Smart TV,UPI,Action,0.0,3,1,1,0,1,0,1
CUST105612,36,Female,West India,Standard,484.61,37,4,Mobile,UPI,Documentary,10.7,43,1,3,1,1,0,1
CUST105613,16,Female,West India,Standard,491.71,19,2,Laptop,Credit Card,Drama,9.2,64,0,1,0,0,0,1
CUST105614,40,Male,East India,Standard,491.69,10,1,Mobile,Net Banking,Documentary,4.5,5,1,3,0,1,0,0
CUST105615,27,Female,East India,Standard,488.08,44,2,Mobile,Net Banking,Drama,11.1,61,0,2,0,1,0,1
CUST105616,13,Female,South India,Standard,514.57,34,5,Smart TV,UPI,Documentary,14.9,39,0,3,1,0,1,0
CUST105617,67,Female,North India,Basic,196.77,49,1,Mobile,UPI,Comedy,10.5,85,0,1,0,1,1,0
CUST105618,15,Female,West India,Basic,201.68,25,1,Laptop,Net Banking,Comedy,2.5,34,1,3,0,1,0,1
CUST105619,26,Female,Central India,Basic,204.01,37,1,Mobile,Credit Card,Documentary,12.8,49,2,1,0,1,0,1
CUST105620,50,Male,West India,Standard,502.14,58,2,Mobile,Gift Card,Kids,17.0,39,0,3,0,0,0,0
CUST105621,62,Female,North India,Basic,203.65,28,3,Mobile,Credit Card,Drama,10.9,10,0,3,1,0,0,1
CUST105622,69,Female,East India,Standard,535.12,15,4,Mobile,Gift Card,Romance,9.6,65,1,1,0,0,0,1
CUST105623,13,Male,South India,Standard,509.15,20,1,Mobile,Net Banking,Kids,5.9,17,0,4,1,1,1,0
CUST105624,50,Male,West India,Standard,485.19,55,4,Smart TV,Net Banking,Action,12.3,72,1,3,0,0,0,0
CUST105625,50,Female,South India,Standard,503.75,13,4,Laptop,Net Banking,Documentary,7.8,69,0,1,0,1,0,1
CUST105626,33,Male,East India,Standard,500.59,20,4,Mobile,Debit Card,Kids,32.3,33,1,4,0,1,0,0
CUST105627,60,Male,North India,Standard,478.17,43,2,Mobile,Debit Card,Kids,16.8,11,1,4,1,1,0,0
CUST105628,41,Male,West India,Standard,463.24,31,4,Laptop,Debit Card,Action,11.6,20,3,2,0,0,0,0
CUST105629,17,Male,North India,Basic,201.13,18,5,Mobile,Net Banking,Documentary,12.9,59,1,2,0,1,0,1
CUST105630,61,Male,Central India,Premium,794.8,41,2,Mobile,UPI,Kids,9.2,89,1,3,1,0,1,1
CUST105631,22,Male,North India,Premium,781.77,48,2,Smart TV,Net Banking,Thriller,12.8,9,1,1,0,1,0,0
CUST105632,40,Female,East India,Basic,190.89,56,5,Smart TV,Gift Card,Drama,13.6,15,3,3,0,1,0,1
CUST105633,33,Female,East India,Standard,495.11,28,3,Mobile,Credit Card,Thriller,5.3,78,0,1,0,1,0,1
CUST105634,62,Male,Central India,Premium,790.26,47,3,Smart TV,Gift Card,Kids,8.5,22,1,2,0,0,0,0
CUST105635,19,Male,North India,Basic,203.08,4,1,Smart TV,Credit Card,Kids,11.9,20,2,4,0,1,0,0
CUST105636,15,Female,East India,Standard,501.63,24,3,Smart TV,Gift Card,Thriller,12.5,60,0,1,1,1,1,0
CUST105637,57,Male,East India,Basic,210.98,44,1,Smart TV,Credit Card,Kids,8.4,42,1,3,0,1,0,1
CUST105638,59,Female,East India,Standard,516.36,45,4,Smart TV,UPI,Kids,7.6,15,0,4,0,0,1,1
CUST105639,32,Male,East India,Premium,808.66,9,1,Mobile,Credit Card,Drama,13.5,57,0,4,0,1,0,0
CUST105640,31,Female,South India,Standard,488.77,47,3,Mobile,Net Banking,Documentary,13.3,10,1,3,1,0,0,0
CUST105641,47,Female,West India,Standard,501.53,50,1,Mobile,Gift Card,Drama,7.3,83,4,3,0,1,0,0
CUST105642,16,Male,South India,Premium,774.92,52,2,Laptop,Debit Card,Romance,0.0,20,1,1,1,0,0,1
CUST105643,17,Male,East India,Standard,491.88,32,3,Smart TV,UPI,Drama,13.5,15,0,3,1,0,0,1
CUST105644,13,Male,North India,Standard,460.9,59,1,Laptop,Gift Card,Comedy,15.3,74,0,1,0,1,1,1
CUST105645,16,Male,South India,Standard,493.71,32,3,Tablet,UPI,Comedy,13.6,32,0,3,1,1,0,1
CUST105646,24,Female,Central India,Standard,490.97,54,5,Laptop,Debit Card,Romance,20.5,85,1,3,1,1,1,0
CUST105647,39,Male,West India,Premium,809.37,39,3,Smart TV,Debit Card,Kids,14.9,88,1,4,1,1,1,1
CUST105648,68,Female,North India,Premium,784.49,21,5,Smart TV,Debit Card,Action,11.6,32,2,4,1,0,0,0
CUST105649,54,Male,South India,Premium,801.56,58,1,Mobile,Debit Card,Drama,4.5,14,1,2,0,1,0,1
CUST105650,35,Female,West India,Standard,493.32,44,5,Tablet,Debit Card,Thriller,9.6,64,1,4,1,1,1,0
CUST105651,37,Male,South India,Basic,192.62,42,3,Smart TV,Net Banking,Thriller,8.8,3,0,4,0,0,0,1
CUST105652,33,Male,Central India,Premium,787.47,39,2,Mobile,Credit Card,Romance,11.4,80,2,3,0,1,0,0
CUST105653,64,Female,East India,Standard,503.5,46,5,Mobile,Debit Card,Comedy,2.5,31,0,4,0,1,0,0
CUST105654,36,Male,Central India,Premium,796.58,27,3,Laptop,Gift Card,Romance,13.4,7,1,4,0,1,0,0
CUST105655,37,Male,East India,Basic,184.64,47,2,Mobile,Gift Card,Kids,6.4,35,1,1,0,1,0,1
CUST105656,57,Male,West India,Premium,800.98,36,4,Mobile,Debit Card,Drama,12.0,82,1,1,0,1,0,0
CUST105657,67,Male,South India,Basic,203.6,8,5,Smart TV,UPI,Romance,7.1,55,0,2,0,1,1,1
CUST105658,58,Male,South India,Basic,221.92,19,5,Laptop,Debit Card,Documentary,9.2,87,1,4,1,1,0,1
CUST105659,44,Female,Central India,Standard,490.28,29,1,Smart TV,Net Banking,Kids,4.6,2,3,1,0,1,0,1
CUST105660,67,Male,North India,Standard,493.18,19,4,Laptop,Credit Card,Comedy,4.9,13,0,2,1,0,0,0
CUST105661,44,Female,West India,Basic,179.63,5,1,Laptop,Gift Card,Comedy,13.0,75,0,2,1,1,0,0
CUST105662,17,Male,East India,Standard,492.29,22,1,Laptop,Debit Card,Kids,15.6,33,2,4,1,0,0,0
CUST105663,48,Male,West India,Standard,483.09,35,3,Smart TV,Credit Card,Thriller,9.7,35,2,4,0,0,0,1
CUST105664,58,Female,Central India,Basic,215.56,10,1,Smart TV,Credit Card,Kids,17.5,34,2,4,0,0,0,1
CUST105665,54,Female,South India,Basic,206.71,15,5,Mobile,Debit Card,Kids,16.1,31,0,1,0,1,0,1
CUST105666,61,Female,East India,Premium,782.85,2,1,Mobile,Credit Card,Documentary,11.4,79,2,2,0,1,0,0
CUST105667,54,Female,East India,Basic,184.34,53,2,Smart TV,Gift Card,Documentary,4.1,0,2,2,1,0,0,1
CUST105668,51,Female,East India,Basic,190.72,42,5,Mobile,Debit Card,Thriller,11.5,51,3,2,0,1,0,1
CUST105669,28,Male,East India,Standard,518.47,22,3,Smart TV,UPI,Thriller,12.1,12,1,4,0,1,0,0
CUST105670,45,Female,West India,Standard,489.85,48,1,Mobile,Debit Card,Thriller,13.2,74,0,2,0,1,0,0
CUST105671,61,Female,West India,Premium,796.37,35,2,Mobile,Gift Card,Documentary,7.9,74,6,1,0,1,0,0
CUST105672,33,Male,Central India,Premium,822.0,39,2,Laptop,Debit Card,Documentary,5.7,24,1,3,0,0,1,0
CUST105673,21,Male,South India,Premium,805.23,19,5,Smart TV,Debit Card,Romance,0.1,63,1,2,0,1,0,1
CUST105674,18,Female,South India,Basic,177.28,47,1,Smart TV,Debit Card,Comedy,10.7,4,2,1,0,1,1,0
CUST105675,63,Female,West India,Standard,471.53,12,2,Smart TV,Net Banking,Romance,9.4,62,2,4,1,1,0,1
CUST105676,57,Female,Central India,Standard,500.41,34,1,Smart TV,Net Banking,Action,17.3,84,1,4,1,0,1,1
CUST105677,47,Male,North India,Basic,233.52,45,5,Mobile,Gift Card,Comedy,4.1,75,1,3,1,1,0,0
CUST105678,51,Female,East India,Basic,219.34,58,4,Smart TV,Credit Card,Drama,9.8,51,1,3,1,1,0,0
CUST105679,34,Male,South India,Standard,504.65,20,2,Smart TV,Debit Card,Romance,3.5,45,1,4,0,1,0,0
CUST105680,53,Male,East India,Basic,210.78,51,3,Mobile,Debit Card,Kids,19.8,76,2,4,0,0,0,0
CUST105681,66,Male,South India,Premium,811.91,7,1,Mobile,Net Banking,Kids,7.8,66,2,4,0,1,0,0
CUST105682,17,Male,North India,Premium,774.47,24,5,Smart TV,UPI,Action,1.7,75,2,3,1,1,0,0
CUST105683,54,Female,South India,Basic,202.12,3,5,Mobile,Net Banking,Romance,10.3,46,1,4,1,1,0,0
CUST105684,35,Male,North India,Basic,218.7,6,3,Laptop,Credit Card,Documentary,11.1,33,1,4,0,1,0,1
CUST105685,29,Male,South India,Premium,830.37,33,4,Laptop,Debit Card,Kids,6.2,19,0,3,1,1,0,1
CUST105686,24,Female,West India,Standard,506.59,53,1,Mobile,Debit Card,Comedy,9.9,38,1,1,0,1,0,0
CUST105687,35,Male,East India,Premium,778.62,34,4,Smart TV,Gift Card,Documentary,3.9,51,0,4,1,1,0,1
CUST105688,28,Female,Central India,Standard,507.57,33,5,Tablet,UPI,Action,6.7,49,0,4,1,1,0,0
CUST105689,15,Male,Central India,Premium,807.32,29,2,Laptop,Gift Card,Kids,6.7,67,2,3,1,1,0,0
CUST105690,42,Female,South India,Standard,512.04,23,4,Mobile,UPI,Documentary,26.1,40,2,1,0,0,0,0
CUST105691,69,Male,Central India,Basic,205.1,58,2,Mobile,UPI,Kids,16.7,42,1,2,1,0,0,0
CUST105692,34,Male,East India,Basic,226.9,4,3,Mobile,UPI,Comedy,10.0,48,1,1,1,0,0,1
CUST105693,21,Female,West India,Standard,501.85,5,5,Smart TV,UPI,Action,9.0,70,0,2,0,1,1,0
CUST105694,41,Male,West India,Premium,799.89,34,2,Mobile,Gift Card,Kids,17.3,46,4,2,1,1,0,1
CUST105695,59,Male,North India,Basic,195.07,16,1,Smart TV,Debit Card,Romance,17.0,56,1,2,0,1,0,0
CUST105696,49,Female,Central India,Standard,500.46,40,5,Laptop,Debit Card,Comedy,7.9,66,1,3,0,1,0,0
CUST105697,35,Male,East India,Basic,203.19,47,3,Laptop,Gift Card,Kids,24.0,45,1,1,0,1,0,0
CUST105698,25,Male,Central India,Premium,800.84,43,1,Mobile,Net Banking,Comedy,7.9,40,1,2,1,0,1,0
CUST105699,44,Female,East India,Premium,810.74,42,5,Mobile,Credit Card,Documentary,8.4,76,1,3,0,1,0,0
CUST105700,58,Female,North India,Standard,467.92,3,4,Laptop,UPI,Action,13.4,28,0,2,0,1,0,0
CUST105701,64,Female,Central India,Basic,196.96,55,5,Mobile,Gift Card,Documentary,10.8,40,2,3,1,1,0,0
CUST105702,59,Female,West India,Basic,206.76,43,1,Laptop,UPI,Kids,6.9,84,1,3,0,0,0,0
CUST105703,60,Female,North India,Standard,503.23,49,2,Mobile,UPI,Action,8.3,45,0,4,0,1,1,0
CUST105704,35,Male,Central India,Standard,479.89,42,2,Tablet,UPI,Drama,6.3,24,0,2,1,1,0,1
CUST105705,57,Female,West India,Basic,206.95,49,5,Smart TV,Gift Card,Drama,10.4,2,2,1,1,1,1,0
CUST105706,29,Male,West India,Premium,799.74,14,5,Mobile,Debit Card,Action,9.0,29,1,4,1,0,1,1
CUST105707,67,Female,East India,Standard,510.47,55,3,Smart TV,Net Banking,Romance,12.7,85,0,3,0,1,0,0
CUST105708,52,Male,West India,Standard,507.65,33,4,Laptop,Net Banking,Documentary,11.6,1,0,4,0,1,0,0
CUST105709,33,Male,South India,Basic,203.87,28,3,Mobile,Gift Card,Thriller,4.7,8,1,3,1,1,0,1
CUST105710,14,Female,Central India,Basic,199.05,57,3,Mobile,Credit Card,Action,7.1,57,5,3,1,1,0,0
CUST105711,49,Male,Central India,Standard,503.29,41,2,Smart TV,Net Banking,Comedy,16.6,3,3,2,0,0,0,1
CUST105712,18,Male,East India,Standard,503.32,56,2,Laptop,Net Banking,Drama,9.4,71,3,3,0,1,1,1
CUST105713,56,Female,West India,Standard,518.91,56,1,Mobile,UPI,Action,4.0,18,2,4,0,1,0,0
CUST105714,30,Female,East India,Premium,843.85,15,3,Mobile,Gift Card,Action,8.4,84,0,3,0,1,1,0
CUST105715,42,Female,South India,Standard,482.89,4,1,Mobile,Debit Card,Action,10.0,13,0,1,1,1,1,0
CUST105716,34,Female,East India,Basic,159.24,20,5,Mobile,Gift Card,Comedy,23.0,0,0,1,1,0,0,1
CUST105717,66,Male,Central India,Premium,791.08,53,1,Mobile,Gift Card,Documentary,7.8,19,2,2,1,0,0,1
CUST105718,45,Male,East India,Standard,484.88,25,2,Smart TV,Net Banking,Thriller,8.0,82,0,3,0,1,1,0
CUST105719,42,Male,Central India,Basic,211.62,35,3,Smart TV,UPI,Comedy,11.3,79,2,1,1,0,0,1
CUST105720,29,Male,North India,Basic,221.38,52,2,Laptop,Gift Card,Romance,14.0,73,0,1,0,1,0,1
CUST105721,55,Male,South India,Premium,811.23,58,5,Smart TV,Debit Card,Thriller,21.9,65,1,3,1,0,0,0
CUST105722,44,Male,South India,Premium,794.29,53,4,Mobile,UPI,Drama,8.5,64,1,1,0,0,0,0
CUST105723,54,Female,Central India,Basic,209.98,39,3,Laptop,UPI,Romance,8.8,7,0,1,0,1,0,1
CUST105724,63,Male,North India,Standard,517.22,53,2,Smart TV,Debit Card,Thriller,2.9,8,2,2,0,1,0,0
CUST105725,26,Male,West India,Standard,508.98,57,4,Laptop,Debit Card,Thriller,2.4,38,2,2,1,1,0,0
CUST105726,22,Male,East India,Premium,807.27,22,5,Smart TV,Debit Card,Drama,10.2,63,0,1,0,0,0,1
CUST105727,59,Female,West India,Standard,497.27,35,4,Mobile,Gift Card,Romance,4.7,56,1,2,1,0,0,1
CUST105728,63,Female,North India,Premium,780.72,54,2,Smart TV,UPI,Comedy,0.7,81,0,3,0,1,1,1
CUST105729,48,Female,South India,Standard,515.45,54,2,Mobile,UPI,Comedy,5.6,14,3,2,0,0,1,1
CUST105730,46,Female,West India,Basic,224.42,47,5,Tablet,Credit Card,Drama,2.6,79,0,3,0,1,0,0
CUST105731,21,Male,North India,Basic,178.34,28,5,Laptop,Credit Card,Comedy,9.6,84,0,2,0,0,0,1
CUST105732,54,Male,South India,Basic,210.49,10,4,Laptop,Credit Card,Documentary,2.4,24,2,2,0,0,0,1
CUST105733,40,Male,West India,Standard,486.97,16,4,Smart TV,Gift Card,Romance,7.7,87,2,3,0,0,0,1
CUST105734,23,Female,South India,Premium,806.0,49,2,Mobile,Gift Card,Kids,12.8,15,1,3,1,1,0,0
CUST105735,26,Male,Central India,Basic,178.01,23,5,Smart TV,Debit Card,Thriller,8.7,48,1,1,0,1,0,0
CUST105736,51,Male,South India,Standard,510.71,19,1,Smart TV,Gift Card,Romance,9.5,72,0,1,1,1,0,0
CUST105737,67,Male,South India,Basic,205.41,1,5,Mobile,UPI,Comedy,2.9,78,1,4,0,1,0,1
CUST105738,59,Female,North India,Premium,811.41,1,3,Smart TV,UPI,Romance,13.7,47,0,2,0,1,0,1
CUST105739,66,Female,North India,Premium,808.71,53,3,Laptop,Net Banking,Thriller,11.4,76,0,4,0,0,1,1
CUST105740,31,Female,East India,Basic,201.8,46,5,Mobile,Net Banking,Kids,9.3,59,1,1,1,1,0,0
CUST105741,66,Male,North India,Standard,510.82,58,4,Mobile,Gift Card,Kids,11.2,60,1,4,1,1,1,0
CUST105742,27,Male,Central India,Basic,192.31,26,3,Laptop,Net Banking,Romance,9.0,43,2,4,0,0,1,0
CUST105743,40,Male,Central India,Standard,507.63,34,2,Mobile,Gift Card,Comedy,12.6,23,2,1,0,1,1,0
CUST105744,36,Male,South India,Basic,190.71,2,2,Mobile,Debit Card,Thriller,14.3,50,2,2,0,1,0,1
CUST105745,20,Female,North India,Standard,508.38,28,2,Smart TV,Debit Card,Drama,7.7,32,1,2,1,0,0,1
CUST105746,55,Male,East India,Standard,496.13,20,5,Smart TV,Net Banking,Romance,7.3,11,1,3,1,0,0,1
CUST105747,21,Female,North India,Standard,506.33,42,3,Tablet,Gift Card,Drama,6.6,9,1,3,0,1,0,1
CUST105748,59,Male,East India,Basic,194.7,47,4,Mobile,Net Banking,Drama,5.8,30,0,3,1,1,0,0
CUST105749,45,Female,South India,Standard,494.99,27,2,Tablet,UPI,Romance,4.7,55,1,1,1,1,0,1
CUST105750,45,Male,Central India,Standard,495.65,28,4,Mobile,Gift Card,Documentary,9.7,3,0,1,1,1,0,0
CUST105751,31,Male,North India,Standard,479.03,60,2,Smart TV,Credit Card,Documentary,8.1,35,2,4,1,1,0,0
CUST105752,15,Female,North India,Basic,211.98,31,5,Mobile,UPI,Drama,9.7,9,2,4,0,0,1,1
CUST105753,22,Female,Central India,Premium,799.69,47,2,Smart TV,Gift Card,Thriller,12.5,66,2,4,0,1,1,1
CUST105754,52,Male,Central India,Standard,479.66,7,5,Laptop,Net Banking,Drama,11.8,21,0,3,1,1,0,0
CUST105755,59,Male,West India,Basic,190.86,8,3,Mobile,Net Banking,Drama,17.8,84,2,3,1,1,1,1
CUST105756,54,Male,West India,Basic,190.02,32,3,Mobile,Net Banking,Romance,10.3,37,0,4,0,1,0,1
CUST105757,13,Female,West India,Premium,804.99,11,4,Smart TV,Gift Card,Action,8.6,45,0,2,1,1,0,1
CUST105758,41,Male,Central India,Basic,195.86,48,2,Smart TV,Net Banking,Documentary,10.5,66,2,4,0,0,1,0
CUST105759,62,Female,West India,Premium,812.61,26,3,Mobile,Gift Card,Documentary,13.9,28,0,4,0,1,0,1
CUST105760,46,Male,North India,Standard,481.08,55,1,Tablet,Gift Card,Drama,22.2,50,2,3,1,1,0,1
CUST105761,63,Male,Central India,Standard,505.5,25,1,Smart TV,Net Banking,Drama,12.0,59,1,3,0,1,1,0
CUST105762,25,Male,North India,Standard,504.31,7,4,Mobile,Debit Card,Action,11.1,58,0,1,1,0,0,1
CUST105763,66,Male,Central India,Basic,192.7,20,3,Tablet,Debit Card,Action,16.3,4,2,1,0,0,1,0
CUST105764,13,Female,South India,Basic,202.82,41,5,Mobile,UPI,Documentary,7.2,2,1,4,1,1,1,0
CUST105765,46,Female,North India,Basic,198.45,57,1,Laptop,Gift Card,Documentary,9.4,63,4,3,0,0,0,1
CUST105766,41,Male,Central India,Premium,817.12,51,3,Mobile,Net Banking,Romance,11.8,46,1,3,1,1,0,0
CUST105767,60,Male,East India,Standard,500.27,58,5,Mobile,Net Banking,Documentary,5.2,39,1,3,0,1,1,0
CUST105768,59,Male,Central India,Standard,516.07,30,2,Smart TV,Net Banking,Documentary,1.9,7,1,2,0,1,0,0
CUST105769,25,Female,South India,Basic,211.51,56,3,Smart TV,Debit Card,Thriller,13.7,55,1,3,0,0,1,1
CUST105770,60,Male,Central India,Standard,480.32,1,2,Smart TV,Credit Card,Drama,4.1,76,2,2,0,0,0,1
CUST105771,61,Female,South India,Basic,197.75,18,1,Mobile,Gift Card,Thriller,15.8,53,2,1,0,1,1,1
CUST105772,65,Female,West India,Basic,211.48,8,2,Mobile,UPI,Comedy,7.8,83,0,3,0,0,0,0
CUST105773,41,Female,North India,Basic,202.66,29,1,Smart TV,UPI,Documentary,9.0,76,2,3,0,1,0,0
CUST105774,51,Female,South India,Standard,500.23,40,4,Laptop,UPI,Documentary,0.0,5,1,1,0,1,0,0
CUST105775,36,Male,East India,Standard,501.16,22,4,Smart TV,Gift Card,Romance,12.5,73,2,4,1,1,1,1
CUST105776,38,Male,North India,Standard,508.1,32,1,Mobile,Gift Card,Drama,13.0,52,0,1,1,1,1,0
CUST105777,29,Female,Central India,Standard,493.19,40,5,Smart TV,UPI,Documentary,13.1,25,1,4,0,0,1,1
CUST105778,19,Male,Central India,Premium,794.7,14,4,Smart TV,UPI,Documentary,14.8,69,1,2,0,0,0,1
CUST105779,25,Male,South India,Premium,811.58,56,5,Mobile,Net Banking,Thriller,0.0,25,3,1,0,1,1,1
CUST105780,17,Male,East India,Standard,502.12,2,5,Smart TV,Credit Card,Comedy,2.5,27,0,4,1,0,1,1
CUST105781,38,Female,South India,Standard,496.36,35,5,Smart TV,Debit Card,Thriller,2.1,75,1,1,1,0,0,0
CUST105782,61,Male,East India,Premium,799.54,7,3,Mobile,Gift Card,Action,7.6,52,1,2,1,1,0,1
CUST105783,15,Male,South India,Standard,506.68,3,3,Smart TV,Credit Card,Documentary,4.7,60,0,4,0,1,0,0
CUST105784,19,Male,West India,Standard,498.73,15,5,Smart TV,UPI,Thriller,12.0,39,0,1,1,0,0,0
CUST105785,61,Male,West India,Basic,201.4,43,1,Tablet,UPI,Drama,9.9,67,1,3,1,1,1,1
CUST105786,51,Male,West India,Premium,773.28,34,4,Smart TV,UPI,Romance,12.6,87,0,1,0,1,1,0
CUST105787,65,Male,South India,Basic,202.66,22,2,Smart TV,UPI,Kids,13.0,14,1,3,0,1,1,0
CUST105788,13,Male,North India,Basic,197.05,18,3,Mobile,Net Banking,Comedy,0.0,87,0,3,0,1,1,1
CUST105789,61,Male,Central India,Standard,512.8,46,3,Smart TV,Gift Card,Kids,15.1,12,2,1,1,0,1,0
CUST105790,29,Male,North India,Premium,798.25,18,2,Mobile,UPI,Comedy,7.6,66,0,3,0,0,0,1
CUST105791,55,Male,Central India,Standard,521.24,59,5,Mobile,UPI,Drama,15.6,44,3,4,0,1,0,0
CUST105792,37,Female,East India,Premium,808.18,34,2,Mobile,Gift Card,Drama,0.9,78,1,4,0,1,1,0
CUST105793,15,Male,West India,Premium,787.84,36,5,Smart TV,Debit Card,Documentary,13.5,25,1,4,1,0,0,0
CUST105794,27,Female,West India,Standard,480.49,46,3,Smart TV,Net Banking,Comedy,10.5,55,1,1,1,0,0,1
CUST105795,41,Male,Central India,Standard,497.76,39,2,Laptop,Net Banking,Drama,19.2,22,1,1,0,0,1,1
CUST105796,65,Female,West India,Standard,499.43,47,1,Smart TV,Credit Card,Romance,11.0,38,2,2,0,1,1,0
CUST105797,55,Female,North India,Premium,773.54,38,4,Smart TV,Net Banking,Romance,15.5,20,2,3,1,1,0,1
CUST105798,44,Male,South India,Standard,498.22,37,4,Mobile,Credit Card,Action,0.0,13,1,1,0,1,0,1
CUST105799,38,Female,West India,Premium,794.06,52,4,Laptop,Debit Card,Comedy,10.1,12,1,1,0,0,1,1
CUST105800,28,Female,West India,Basic,202.02,18,2,Mobile,Gift Card,Drama,5.3,31,0,3,0,1,1,1
CUST105801,37,Female,East India,Basic,229.26,43,5,Smart TV,UPI,Thriller,7.9,11,0,4,1,1,0,1
CUST105802,66,Male,South India,Basic,173.95,40,3,Mobile,Credit Card,Drama,9.5,62,0,4,0,1,0,0
CUST105803,40,Female,Central India,Standard,513.17,29,4,Laptop,Net Banking,Kids,5.3,51,0,1,1,0,0,0
CUST105804,21,Female,South India,Premium,806.29,12,2,Smart TV,UPI,Romance,13.7,73,0,3,1,1,0,1
CUST105805,68,Male,South India,Basic,191.55,18,4,Laptop,Debit Card,Comedy,15.4,21,0,2,0,0,0,0
CUST105806,68,Female,Central India,Basic,199.36,31,5,Mobile,Gift Card,Romance,4.2,46,2,2,1,1,1,0
CUST105807,13,Female,South India,Basic,212.7,15,1,Smart TV,Credit Card,Kids,11.4,24,1,2,0,0,0,1
CUST105808,41,Female,East India,Standard,500.67,59,1,Smart TV,Net Banking,Kids,0.0,70,1,4,1,0,1,0
CUST105809,69,Male,North India,Basic,169.96,40,3,Mobile,UPI,Documentary,15.7,34,0,3,0,0,0,1
CUST105810,34,Female,South India,Basic,204.47,58,1,Mobile,UPI,Action,10.5,79,1,3,1,1,0,1
CUST105811,28,Male,North India,Premium,809.83,30,1,Mobile,UPI,Drama,9.4,71,2,3,0,1,1,0
CUST105812,53,Female,East India,Standard,492.8,36,2,Smart TV,Gift Card,Comedy,19.8,50,1,1,0,1,1,0
CUST105813,63,Female,East India,Standard,511.96,28,2,Mobile,Credit Card,Romance,11.9,58,0,1,1,1,1,0
CUST105814,56,Female,South India,Standard,513.14,53,3,Mobile,Gift Card,Drama,26.5,72,1,1,0,0,0,0
CUST105815,63,Female,West India,Standard,518.58,15,3,Mobile,Net Banking,Kids,3.5,19,1,1,0,1,0,0
CUST105816,66,Male,South India,Basic,214.05,43,2,Smart TV,Credit Card,Romance,4.1,18,4,1,1,1,0,1
CUST105817,53,Female,North India,Premium,837.18,33,1,Mobile,Debit Card,Drama,15.0,15,3,3,1,1,0,1
CUST105818,19,Male,East India,Standard,516.49,2,5,Laptop,Debit Card,Comedy,8.4,61,0,2,1,0,0,0
CUST105819,26,Female,North India,Basic,201.55,59,1,Mobile,Gift Card,Thriller,16.8,28,0,2,1,0,0,0
CUST105820,41,Male,North India,Basic,211.02,8,1,Mobile,Gift Card,Comedy,4.0,33,1,1,1,1,0,1
CUST105821,31,Female,Central India,Basic,200.98,48,5,Smart TV,Gift Card,Comedy,17.2,80,3,2,1,1,0,0
CUST105822,31,Female,East India,Premium,795.27,33,3,Tablet,Debit Card,Documentary,9.6,3,0,4,0,1,0,0
CUST105823,14,Male,East India,Standard,483.39,35,2,Laptop,Debit Card,Drama,10.2,54,1,1,0,0,1,0
CUST105824,53,Male,North India,Standard,497.21,18,3,Mobile,Credit Card,Drama,2.5,51,2,2,1,1,0,1
CUST105825,57,Male,East India,Basic,212.44,26,3,Mobile,Credit Card,Comedy,17.0,29,1,2,0,0,0,0
CUST105826,27,Male,South India,Premium,786.97,48,3,Smart TV,Gift Card,Kids,12.8,58,2,2,1,0,1,1
CUST105827,15,Female,Central India,Premium,805.29,21,2,Mobile,UPI,Thriller,13.5,63,1,1,0,1,1,0
CUST105828,23,Male,South India,Standard,493.96,28,3,Smart TV,Credit Card,Documentary,1.7,37,1,3,1,1,0,1
CUST105829,65,Male,West India,Standard,499.78,20,3,Smart TV,Debit Card,Thriller,8.7,29,1,4,1,1,0,1
CUST105830,58,Male,West India,Premium,798.94,52,4,Smart TV,Net Banking,Romance,9.7,42,1,2,0,1,0,1
CUST105831,42,Female,North India,Standard,502.71,45,1,Tablet,UPI,Thriller,2.1,55,1,3,0,1,1,1
CUST105832,69,Female,West India,Standard,533.81,20,4,Mobile,Debit Card,Documentary,14.2,81,1,4,0,1,0,0
CUST105833,52,Female,South India,Basic,192.05,59,2,Smart TV,UPI,Romance,15.6,5,0,3,1,1,1,0
CUST105834,30,Female,West India,Premium,799.33,4,5,Smart TV,Net Banking,Kids,1.3,2,3,1,0,1,0,0
CUST105835,63,Male,North India,Basic,196.67,36,5,Smart TV,Gift Card,Kids,9.8,39,0,1,0,1,0,0
CUST105836,60,Female,East India,Basic,177.38,54,4,Smart TV,UPI,Romance,15.2,77,2,3,0,1,0,0
CUST105837,14,Male,Central India,Premium,812.79,34,4,Tablet,Net Banking,Documentary,20.4,37,2,1,0,1,0,0
CUST105838,44,Female,North India,Standard,487.39,45,4,Laptop,Net Banking,Thriller,14.9,16,0,4,1,1,1,1
CUST105839,20,Male,North India,Premium,820.48,13,1,Smart TV,UPI,Kids,4.0,50,0,2,0,1,0,1
CUST105840,34,Male,North India,Standard,488.13,31,2,Smart TV,UPI,Romance,4.5,26,1,1,1,0,0,1
CUST105841,18,Male,South India,Premium,805.65,52,3,Smart TV,UPI,Thriller,11.7,36,3,1,0,1,0,1
CUST105842,24,Male,East India,Standard,525.88,39,4,Laptop,UPI,Thriller,14.3,25,1,2,0,0,1,0
CUST105843,59,Male,North India,Standard,506.7,7,1,Mobile,Gift Card,Kids,10.0,77,0,1,0,1,1,0
CUST105844,69,Female,East India,Basic,191.06,17,5,Smart TV,Debit Card,Drama,7.2,59,2,3,0,1,1,1
CUST105845,52,Male,North India,Basic,186.47,42,5,Smart TV,Credit Card,Drama,14.8,87,3,3,1,1,0,1
CUST105846,48,Male,South India,Standard,466.94,12,5,Smart TV,Gift Card,Romance,16.4,20,3,3,1,1,0,0
CUST105847,27,Male,North India,Standard,494.25,57,4,Mobile,UPI,Romance,8.1,64,1,2,1,1,0,0
CUST105848,40,Male,West India,Basic,178.55,55,5,Smart TV,Net Banking,Drama,10.0,61,3,3,0,0,0,0
CUST105849,64,Female,South India,Standard,499.38,59,5,Smart TV,Gift Card,Romance,14.0,41,1,2,0,0,1,0
CUST105850,69,Female,North India,Basic,193.41,54,5,Mobile,Credit Card,Drama,7.7,62,0,3,0,1,1,0
CUST105851,61,Male,North India,Basic,201.29,30,3,Smart TV,Credit Card,Kids,15.4,74,1,1,0,1,1,0
CUST105852,57,Male,North India,Standard,482.52,48,5,Smart TV,Gift Card,Romance,7.3,57,5,4,0,1,0,0
CUST105853,30,Male,West India,Premium,791.89,34,1,Tablet,Net Banking,Kids,16.0,80,2,1,0,1,0,1
CUST105854,14,Male,West India,Basic,207.59,22,4,Mobile,Net Banking,Documentary,5.9,61,1,1,1,1,0,0
CUST105855,25,Female,North India,Standard,504.15,21,3,Mobile,Net Banking,Romance,24.1,66,1,2,1,0,1,0
CUST105856,57,Female,West India,Premium,772.19,9,3,Mobile,Debit Card,Comedy,9.7,28,1,3,0,0,0,0
CUST105857,66,Male,North India,Standard,511.33,12,4,Tablet,Net Banking,Romance,13.9,18,2,4,0,1,0,0
CUST105858,27,Male,West India,Standard,483.52,17,5,Laptop,Credit Card,Kids,17.8,4,0,4,0,1,1,0
CUST105859,32,Male,East India,Basic,176.22,16,5,Smart TV,UPI,Drama,9.6,65,2,3,1,0,1,1
CUST105860,41,Male,North India,Standard,495.84,5,2,Mobile,UPI,Thriller,12.1,8,0,1,0,1,0,1
CUST105861,54,Male,North India,Standard,535.44,19,5,Smart TV,Credit Card,Comedy,10.8,40,1,2,1,0,0,0
CUST105862,41,Female,Central India,Standard,494.14,57,1,Laptop,Net Banking,Drama,22.9,24,0,3,1,1,0,0
CUST105863,15,Female,Central India,Premium,800.62,28,5,Laptop,UPI,Romance,20.3,83,0,2,1,0,0,1
CUST105864,31,Male,South India,Standard,509.44,17,4,Mobile,Credit Card,Romance,6.0,74,3,3,1,0,1,1
CUST105865,15,Female,East India,Basic,186.09,22,5,Tablet,Net Banking,Action,4.0,11,1,3,0,1,0,0
CUST105866,66,Female,East India,Premium,803.75,35,4,Mobile,Debit Card,Action,13.5,64,0,2,0,1,0,0
CUST105867,26,Female,South India,Standard,486.73,49,3,Mobile,UPI,Documentary,11.0,87,3,4,0,0,0,1
CUST105868,52,Male,Central India,Premium,807.42,59,2,Laptop,Net Banking,Action,19.9,80,0,1,0,0,1,1
CUST105869,67,Female,South India,Standard,505.08,15,3,Smart TV,Net Banking,Documentary,12.7,15,0,3,1,1,0,0
CUST105870,16,Female,Central India,Basic,203.74,19,4,Laptop,UPI,Kids,10.3,54,0,2,0,1,0,1
CUST105871,64,Male,North India,Standard,501.62,47,2,Tablet,Net Banking,Kids,4.6,37,0,1,0,1,0,0
CUST105872,23,Female,South India,Standard,529.22,50,3,Smart TV,Gift Card,Romance,7.3,42,1,4,1,1,0,0
CUST105873,43,Male,West India,Basic,202.56,26,5,Mobile,Gift Card,Documentary,6.0,7,1,2,0,1,0,1
CUST105874,55,Female,Central India,Standard,506.98,44,5,Smart TV,Debit Card,Kids,8.0,52,1,4,1,1,0,1
CUST105875,44,Male,North India,Standard,504.54,60,2,Smart TV,Credit Card,Documentary,8.0,60,3,2,1,0,0,0
CUST105876,39,Male,West India,Standard,483.98,44,3,Laptop,Gift Card,Comedy,7.9,87,1,2,1,0,0,1
CUST105877,42,Female,West India,Basic,187.47,56,1,Smart TV,Gift Card,Romance,10.3,69,0,2,0,1,0,0
CUST105878,55,Female,East India,Standard,482.74,35,1,Laptop,Debit Card,Comedy,13.6,45,2,3,0,1,1,0
CUST105879,14,Male,Central India,Basic,187.26,43,1,Tablet,Gift Card,Romance,16.0,8,0,1,0,0,0,0
CUST105880,61,Male,North India,Standard,491.4,23,3,Laptop,Gift Card,Action,14.8,66,0,2,0,1,0,1
CUST105881,21,Female,Central India,Basic,195.97,10,3,Laptop,UPI,Comedy,1.6,22,2,3,0,1,1,1
CUST105882,40,Female,North India,Basic,195.8,22,3,Smart TV,Debit Card,Romance,2.7,30,2,3,1,1,0,1
CUST105883,43,Female,Central India,Basic,207.64,47,4,Smart TV,Net Banking,Drama,8.0,33,2,1,0,1,0,1
CUST105884,46,Female,West India,Basic,219.26,55,1,Tablet,Net Banking,Documentary,3.4,34,0,4,0,1,1,1
CUST105885,68,Male,East India,Standard,516.15,11,1,Smart TV,Credit Card,Drama,12.7,47,2,2,0,1,0,0
CUST105886,27,Male,South India,Premium,803.17,55,1,Laptop,Credit Card,Comedy,9.9,80,2,2,1,1,1,0
CUST105887,60,Male,Central India,Standard,486.54,26,4,Smart TV,Gift Card,Kids,10.8,20,1,1,0,1,1,0
CUST105888,37,Female,West India,Standard,514.74,1,4,Smart TV,Gift Card,Thriller,17.8,66,0,1,1,0,1,0
CUST105889,48,Female,South India,Premium,790.74,52,3,Smart TV,Net Banking,Comedy,8.0,37,1,3,0,0,1,1
CUST105890,20,Male,South India,Premium,805.52,36,1,Laptop,Debit Card,Documentary,3.3,52,2,3,1,1,1,1
CUST105891,21,Male,South India,Premium,803.22,53,1,Smart TV,UPI,Thriller,8.9,34,1,1,0,0,0,1
CUST105892,49,Male,West India,Basic,183.08,58,5,Mobile,Credit Card,Thriller,0.0,13,1,1,0,0,0,1
CUST105893,60,Male,North India,Standard,491.11,21,5,Mobile,Gift Card,Documentary,9.1,79,0,4,1,0,0,0
CUST105894,57,Male,South India,Premium,806.7,8,5,Smart TV,Credit Card,Kids,0.0,57,3,3,0,1,0,0
CUST105895,51,Male,East India,Premium,796.71,20,4,Mobile,Net Banking,Romance,10.3,67,2,4,1,0,0,1
CUST105896,44,Female,North India,Standard,542.68,45,3,Smart TV,Debit Card,Action,16.8,72,1,2,0,1,0,0
CUST105897,64,Male,West India,Basic,192.32,17,2,Laptop,Net Banking,Kids,13.3,37,1,1,0,1,1,0
CUST105898,29,Male,South India,Premium,783.88,15,1,Tablet,UPI,Romance,11.9,14,1,1,1,1,0,0
CUST105899,47,Male,West India,Standard,500.09,21,5,Smart TV,Debit Card,Romance,13.1,53,1,4,1,0,0,0
CUST105900,49,Male,West India,Standard,494.17,1,1,Mobile,UPI,Kids,5.6,64,1,4,1,1,0,1
CUST105901,31,Male,South India,Standard,473.27,60,1,Smart TV,UPI,Kids,0.0,9,3,2,1,0,0,1
CUST105902,56,Male,West India,Standard,511.53,3,1,Smart TV,Debit Card,Comedy,2.7,10,5,4,0,0,0,1
CUST105903,41,Male,East India,Basic,213.87,31,3,Mobile,UPI,Kids,13.7,35,1,4,0,1,0,1
CUST105904,19,Female,East India,Basic,211.81,56,1,Mobile,Credit Card,Romance,15.9,56,0,4,0,0,0,0
CUST105905,40,Male,Central India,Premium,803.81,58,3,Mobile,Gift Card,Kids,18.0,37,0,4,0,1,0,0
CUST105906,21,Female,South India,Standard,496.98,31,2,Smart TV,Debit Card,Comedy,2.3,80,1,4,0,1,1,0
CUST105907,40,Female,South India,Standard,501.59,21,2,Mobile,Net Banking,Kids,17.3,67,1,2,1,1,0,1
CUST105908,18,Female,South India,Premium,797.16,23,4,Mobile,Net Banking,Thriller,2.4,36,2,2,0,0,1,0
CUST105909,41,Male,Central India,Standard,489.5,17,1,Laptop,Gift Card,Thriller,12.6,17,0,4,1,0,0,1
CUST105910,29,Male,East India,Basic,222.11,22,5,Laptop,Net Banking,Documentary,13.5,38,2,2,1,1,0,0
CUST105911,28,Male,East India,Standard,517.97,60,4,Mobile,Gift Card,Documentary,6.0,35,1,1,0,1,1,0
CUST105912,35,Male,South India,Basic,208.9,56,4,Mobile,Credit Card,Action,14.9,39,1,3,1,1,0,0
CUST105913,43,Male,West India,Basic,192.6,22,2,Smart TV,Net Banking,Kids,0.0,6,1,2,1,1,0,0
CUST105914,15,Male,North India,Standard,507.77,36,5,Mobile,Net Banking,Thriller,4.0,75,1,3,0,0,0,0
CUST105915,33,Male,North India,Premium,795.43,59,1,Smart TV,Credit Card,Comedy,5.3,18,2,2,1,1,1,1
CUST105916,38,Male,South India,Standard,494.84,8,1,Mobile,Net Banking,Kids,14.0,36,0,2,1,1,1,1
CUST105917,48,Male,South India,Basic,198.76,47,2,Mobile,Net Banking,Documentary,13.8,7,0,1,0,1,0,1
CUST105918,54,Male,East India,Standard,505.62,8,3,Mobile,Credit Card,Kids,11.3,73,2,3,0,0,0,0
CUST105919,49,Female,East India,Basic,192.99,14,2,Mobile,Credit Card,Drama,11.3,35,2,4,1,1,1,1
CUST105920,65,Male,West India,Standard,496.91,38,5,Laptop,Credit Card,Comedy,17.7,70,2,3,0,0,0,0
CUST105921,34,Male,East India,Basic,218.76,24,3,Laptop,Net Banking,Kids,7.8,40,1,4,0,1,1,0
CUST105922,54,Male,North India,Premium,773.89,60,5,Tablet,Gift Card,Thriller,7.3,42,2,4,0,1,0,0
CUST105923,24,Female,North India,Basic,214.26,22,1,Smart TV,Gift Card,Documentary,9.1,81,2,1,1,1,1,1
CUST105924,54,Male,East India,Basic,197.03,15,3,Smart TV,Debit Card,Kids,4.1,36,2,1,1,1,0,0
CUST105925,25,Male,North India,Standard,492.1,20,5,Mobile,Debit Card,Documentary,13.7,64,4,4,1,0,0,1
CUST105926,23,Female,North India,Basic,194.46,27,1,Smart TV,Net Banking,Romance,2.6,53,2,2,1,1,1,1
CUST105927,66,Male,North India,Standard,499.17,28,5,Tablet,Net Banking,Drama,8.9,85,0,3,1,1,0,1
CUST105928,28,Female,North India,Premium,812.92,22,3,Mobile,Gift Card,Action,15.5,21,1,2,0,1,0,1
CUST105929,20,Female,Central India,Basic,201.63,31,1,Smart TV,UPI,Comedy,8.5,46,2,1,0,0,1,0
CUST105930,52,Female,South India,Standard,491.62,9,5,Mobile,Debit Card,Documentary,3.7,44,0,2,1,1,1,1
CUST105931,69,Female,West India,Premium,809.36,56,4,Laptop,Gift Card,Action,12.0,87,1,2,0,0,1,1
CUST105932,52,Male,Central India,Standard,497.56,23,3,Smart TV,Net Banking,Kids,14.4,24,1,3,0,1,0,0
CUST105933,57,Female,West India,Premium,806.91,5,3,Laptop,Debit Card,Drama,12.8,19,1,4,1,0,0,0
CUST105934,14,Female,Central India,Basic,203.07,45,3,Mobile,Debit Card,Kids,13.1,29,2,1,0,0,0,1
CUST105935,42,Male,Central India,Basic,183.07,39,1,Tablet,Debit Card,Romance,5.8,50,2,3,0,0,1,1
CUST105936,42,Male,West India,Basic,207.58,17,3,Mobile,Net Banking,Drama,23.2,70,1,1,0,0,0,1
CUST105937,24,Male,South India,Basic,174.34,40,5,Mobile,Gift Card,Comedy,16.2,2,0,3,0,1,0,0
CUST105938,22,Female,East India,Standard,497.5,5,4,Mobile,UPI,Comedy,6.0,69,0,4,0,1,0,0
CUST105939,56,Male,Central India,Basic,183.85,55,5,Mobile,Net Banking,Romance,11.3,79,3,1,1,1,0,1
CUST105940,23,Female,South India,Standard,469.41,7,5,Mobile,Debit Card,Documentary,11.3,76,5,2,1,1,0,1
CUST105941,27,Female,East India,Basic,202.7,8,3,Smart TV,Credit Card,Documentary,11.0,6,0,2,0,1,1,1
CUST105942,28,Male,West India,Premium,811.5,7,4,Laptop,Gift Card,Comedy,12.6,28,4,1,0,0,1,0
CUST105943,29,Male,Central India,Basic,198.53,22,4,Laptop,Net Banking,Romance,10.0,54,1,4,1,0,0,1
CUST105944,38,Male,East India,Basic,218.27,44,4,Smart TV,Debit Card,Comedy,13.6,74,1,3,0,1,1,1
CUST105945,14,Male,South India,Standard,499.01,38,4,Mobile,UPI,Kids,15.2,1,0,4,0,1,0,0
CUST105946,62,Male,East India,Basic,201.66,53,2,Mobile,Debit Card,Documentary,12.4,87,0,2,0,0,0,1
CUST105947,24,Male,West India,Standard,486.36,21,4,Smart TV,Debit Card,Kids,6.3,25,2,4,0,1,0,0
CUST105948,63,Female,East India,Standard,507.73,4,3,Laptop,Net Banking,Documentary,17.0,44,1,4,0,0,0,0
CUST105949,38,Female,North India,Premium,807.06,32,4,Smart TV,UPI,Documentary,9.7,53,5,1,0,1,0,0
CUST105950,35,Male,Central India,Standard,492.73,55,5,Smart TV,Credit Card,Drama,11.2,37,0,2,0,0,0,1
CUST105951,30,Female,South India,Standard,479.77,29,2,Mobile,Net Banking,Thriller,7.5,8,0,4,0,0,0,0
CUST105952,44,Female,South India,Premium,776.6,60,5,Smart TV,Gift Card,Comedy,17.8,69,0,4,1,1,0,0
CUST105953,61,Female,Central India,Premium,814.11,59,3,Smart TV,UPI,Drama,6.5,53,1,2,1,1,1,1
CUST105954,50,Female,Central India,Standard,481.51,30,3,Smart TV,Credit Card,Documentary,9.3,46,2,2,0,0,1,0
CUST105955,69,Female,North India,Standard,521.84,3,4,Mobile,Credit Card,Thriller,25.1,77,1,1,0,1,1,1
CUST105956,59,Female,North India,Standard,487.24,5,3,Mobile,UPI,Thriller,0.0,47,0,4,0,0,0,1
CUST105957,15,Male,South India,Standard,494.53,19,2,Tablet,Gift Card,Drama,4.9,77,1,2,0,0,1,0
CUST105958,50,Male,East India,Premium,841.47,8,5,Smart TV,Debit Card,Action,16.5,77,0,2,0,1,1,0
CUST105959,15,Male,Central India,Standard,491.94,37,3,Laptop,Net Banking,Action,10.7,23,0,3,1,1,0,0
CUST105960,42,Female,North India,Basic,184.54,31,3,Mobile,Gift Card,Documentary,13.5,81,2,1,0,1,0,1
CUST105961,13,Male,North India,Basic,193.91,27,2,Smart TV,Credit Card,Kids,2.1,1,3,3,0,1,0,1
CUST105962,42,Male,North India,Basic,176.24,13,1,Mobile,Gift Card,Kids,8.9,89,1,3,0,0,1,1
CUST105963,57,Male,East India,Basic,194.77,42,1,Mobile,Debit Card,Romance,9.3,30,3,3,0,1,0,1
CUST105964,44,Female,South India,Basic,200.08,6,2,Smart TV,Gift Card,Action,10.1,20,4,4,1,1,0,1
CUST105965,40,Male,South India,Standard,513.91,1,3,Smart TV,Gift Card,Kids,10.5,77,0,1,0,0,1,0
CUST105966,33,Female,North India,Basic,206.64,30,2,Mobile,Credit Card,Documentary,0.0,63,1,1,1,1,0,1
CUST105967,58,Male,East India,Standard,501.19,11,2,Mobile,Gift Card,Action,9.2,48,1,3,0,1,0,0
CUST105968,25,Male,East India,Basic,231.25,52,1,Smart TV,Net Banking,Drama,19.0,46,1,1,0,1,0,0
CUST105969,39,Male,South India,Basic,208.0,41,4,Mobile,UPI,Thriller,8.4,0,1,3,0,1,0,1
CUST105970,48,Female,Central India,Standard,520.53,31,3,Mobile,Credit Card,Romance,4.5,33,3,4,1,0,0,1
CUST105971,19,Female,North India,Premium,812.37,16,5,Laptop,UPI,Comedy,6.4,31,2,3,0,1,1,0
CUST105972,34,Female,East India,Standard,519.95,15,2,Laptop,Gift Card,Thriller,17.2,62,0,3,0,1,1,0
CUST105973,22,Female,Central India,Standard,516.21,5,1,Laptop,Debit Card,Action,0.0,62,4,1,0,1,0,1
CUST105974,51,Female,West India,Standard,511.52,15,4,Smart TV,Credit Card,Thriller,13.8,51,3,3,1,1,1,1
CUST105975,65,Male,North India,Basic,208.15,1,3,Mobile,Gift Card,Romance,12.3,38,0,2,0,1,0,1
CUST105976,27,Male,West India,Standard,521.29,15,2,Laptop,Gift Card,Action,5.2,75,2,4,0,0,1,0
CUST105977,27,Female,South India,Basic,190.21,36,1,Mobile,Debit Card,Documentary,28.1,47,1,3,1,0,1,1
CUST105978,16,Female,South India,Standard,487.99,60,2,Smart TV,Gift Card,Comedy,15.7,2,0,2,0,0,0,0
CUST105979,44,Male,South India,Standard,475.05,48,5,Mobile,Net Banking,Romance,11.1,13,1,2,0,1,1,1
CUST105980,35,Female,East India,Standard,506.86,54,3,Smart TV,Debit Card,Documentary,17.0,85,1,1,0,1,1,0
CUST105981,67,Male,East India,Basic,216.43,39,3,Laptop,Credit Card,Comedy,13.6,25,3,4,0,0,0,1
CUST105982,18,Female,Central India,Premium,783.41,55,3,Smart TV,Credit Card,Documentary,12.3,34,1,3,1,1,0,1
CUST105983,36,Male,West India,Basic,188.13,8,3,Smart TV,UPI,Kids,11.2,86,2,4,1,1,0,1
CUST105984,32,Female,South India,Basic,220.61,53,1,Tablet,Net Banking,Documentary,6.8,3,1,4,1,1,1,1
CUST105985,49,Female,South India,Basic,209.41,22,5,Mobile,Net Banking,Thriller,16.3,44,1,3,0,1,1,1
CUST105986,32,Male,East India,Standard,508.76,27,2,Mobile,Credit Card,Comedy,9.4,25,2,4,1,1,0,0
CUST105987,24,Male,East India,Basic,205.22,59,1,Tablet,Gift Card,Thriller,17.0,52,1,4,1,0,1,0
CUST105988,45,Female,East India,Standard,495.82,34,4,Smart TV,Net Banking,Documentary,16.8,63,3,1,1,1,1,1
CUST105989,40,Female,North India,Premium,775.68,30,3,Smart TV,Net Banking,Thriller,15.8,25,1,3,0,1,0,0
CUST105990,20,Male,West India,Basic,207.88,12,3,Smart TV,Gift Card,Action,7.5,89,0,3,1,0,0,0
CUST105991,13,Female,West India,Standard,530.97,58,2,Mobile,Debit Card,Kids,4.9,28,2,3,0,1,0,0
CUST105992,49,Male,North India,Basic,203.49,60,3,Mobile,Gift Card,Documentary,9.8,60,1,4,0,1,0,0
CUST105993,34,Male,South India,Standard,481.85,2,3,Mobile,UPI,Action,10.0,13,1,4,1,1,0,1
CUST105994,18,Female,Central India,Basic,196.0,46,2,Mobile,UPI,Romance,7.7,52,2,2,1,1,1,1
CUST105995,33,Male,Central India,Premium,813.25,51,5,Smart TV,Credit Card,Kids,16.1,58,1,1,1,1,0,1
CUST105996,44,Male,South India,Standard,515.03,52,1,Mobile,Debit Card,Documentary,15.5,68,2,1,0,1,0,0
CUST105997,47,Female,Central India,Premium,822.36,38,5,Smart TV,Net Banking,Action,14.6,29,1,3,0,1,0,0
CUST105998,27,Male,East India,Basic,214.91,22,2,Mobile,Credit Card,Romance,18.6,21,3,3,1,1,0,0
CUST105999,17,Male,West India,Premium,769.04,51,3,Mobile,Credit Card,Kids,11.4,80,1,3,1,0,0,0
CUST106000,68,Male,East India,Premium,802.44,17,3,Mobile,Net Banking,Action,3.6,5,0,1,0,0,0,0
CUST106001,58,Male,Central India,Standard,477.37,35,5,Smart TV,Net Banking,Documentary,18.4,4,1,1,0,1,1,0
CUST106002,62,Female,Central India,Premium,808.52,52,4,Mobile,Gift Card,Action,12.9,40,1,1,1,1,1,0
CUST106003,60,Male,West India,Basic,209.98,57,1,Smart TV,UPI,Romance,16.7,85,0,3,0,1,1,1
CUST106004,18,Female,East India,Standard,486.69,42,3,Mobile,Net Banking,Comedy,12.8,46,3,1,0,0,0,0
CUST106005,37,Male,West India,Standard,494.49,56,2,Mobile,Gift Card,Romance,6.5,22,0,2,0,1,0,1
CUST106006,68,Female,Central India,Standard,489.36,45,5,Laptop,UPI,Action,2.9,76,1,3,1,1,0,1
CUST106007,58,Male,West India,Premium,811.31,52,1,Mobile,Debit Card,Documentary,15.8,52,2,1,1,1,0,1
CUST106008,68,Female,West India,Basic,197.82,23,4,Tablet,Debit Card,Kids,7.7,39,0,1,0,0,0,0
CUST106009,52,Male,Central India,Basic,189.37,29,3,Tablet,Debit Card,Comedy,16.3,60,0,3,0,1,0,1
CUST106010,41,Male,West India,Basic,210.78,29,5,Smart TV,Net Banking,Comedy,0.0,79,0,4,0,1,0,0
CUST106011,19,Male,East India,Premium,808.14,57,3,Smart TV,UPI,Comedy,14.0,13,0,4,1,1,1,0
CUST106012,52,Male,Central India,Premium,811.28,50,5,Laptop,UPI,Thriller,13.5,21,1,3,1,1,0,1
CUST106013,25,Female,West India,Standard,475.88,19,4,Laptop,Debit Card,Comedy,19.7,67,3,2,1,1,0,0
CUST106014,50,Female,South India,Standard,490.29,17,2,Laptop,Credit Card,Kids,7.6,80,0,4,0,1,0,1
CUST106015,30,Male,East India,Standard,509.2,8,2,Mobile,UPI,Thriller,9.9,2,1,2,0,0,0,1
CUST106016,14,Female,East India,Standard,474.07,50,1,Mobile,UPI,Kids,19.6,66,0,3,1,1,0,0
CUST106017,20,Male,East India,Basic,174.48,7,3,Mobile,Gift Card,Romance,18.4,72,0,3,0,1,0,1
CUST106018,23,Male,North India,Standard,487.99,55,3,Mobile,Debit Card,Drama,6.8,37,1,4,0,1,0,0
CUST106019,45,Female,Central India,Standard,510.6,11,3,Mobile,Credit Card,Kids,3.9,6,0,2,0,0,0,1
CUST106020,66,Female,North India,Standard,499.17,3,2,Smart TV,Gift Card,Action,10.8,12,1,1,0,1,0,1
CUST106021,50,Female,West India,Basic,206.6,2,1,Smart TV,Credit Card,Romance,16.2,54,1,4,0,1,0,0
CUST106022,60,Male,Central India,Premium,784.24,19,2,Laptop,Credit Card,Thriller,14.2,1,4,2,0,1,0,0
CUST106023,39,Male,East India,Premium,784.09,28,5,Mobile,Credit Card,Documentary,9.4,36,2,3,1,1,0,1
CUST106024,32,Female,East India,Standard,519.88,56,3,Mobile,Net Banking,Comedy,23.2,76,2,3,0,1,0,0
CUST106025,24,Male,East India,Standard,505.37,28,5,Smart TV,UPI,Kids,8.3,76,1,3,0,1,1,0
CUST106026,55,Female,East India,Standard,482.88,25,4,Smart TV,UPI,Documentary,12.6,49,0,4,0,0,0,1
CUST106027,43,Female,West India,Standard,469.33,11,5,Smart TV,Gift Card,Romance,3.1,19,2,3,1,0,0,0
CUST106028,39,Female,South India,Standard,477.89,40,5,Mobile,Credit Card,Comedy,6.1,48,1,3,0,1,0,0
CUST106029,44,Female,Central India,Premium,783.15,43,5,Laptop,Credit Card,Kids,10.2,10,1,2,1,1,0,0
CUST106030,22,Female,South India,Standard,479.95,2,2,Smart TV,UPI,Documentary,13.3,49,1,4,1,0,1,0
CUST106031,15,Female,Central India,Standard,498.49,12,5,Smart TV,Credit Card,Romance,0.0,40,4,1,0,1,0,1
CUST106032,57,Male,East India,Standard,509.07,41,3,Mobile,Credit Card,Romance,5.4,72,1,2,1,1,0,0
CUST106033,39,Male,North India,Standard,497.65,38,1,Laptop,Credit Card,Action,0.0,3,0,2,0,1,1,1
CUST106034,47,Female,West India,Premium,792.17,12,4,Mobile,Debit Card,Kids,0.2,42,1,3,1,1,0,1
CUST106035,43,Female,Central India,Standard,504.15,50,3,Mobile,Debit Card,Action,19.3,78,0,3,1,0,1,0
CUST106036,27,Female,East India,Premium,793.92,25,1,Laptop,Debit Card,Drama,6.1,30,0,4,1,0,0,0
CUST106037,28,Male,North India,Standard,473.29,37,3,Smart TV,Gift Card,Documentary,23.5,1,0,3,0,1,0,1
CUST106038,25,Female,East India,Premium,802.04,31,5,Mobile,Credit Card,Drama,2.5,11,0,3,0,1,0,1
CUST106039,61,Female,West India,Premium,804.89,54,4,Laptop,Debit Card,Documentary,15.0,84,0,1,0,0,0,0
CUST106040,47,Female,North India,Basic,217.05,17,3,Smart TV,Debit Card,Action,11.5,29,1,2,0,0,0,1
CUST106041,64,Male,Central India,Premium,812.82,48,4,Laptop,Net Banking,Drama,10.3,43,1,1,1,1,0,0
CUST106042,23,Female,Central India,Standard,490.6,12,2,Laptop,Gift Card,Comedy,1.7,86,0,1,1,0,1,0
CUST106043,33,Male,Central India,Premium,795.75,30,2,Mobile,Debit Card,Kids,7.7,74,1,1,0,0,0,1
CUST106044,63,Male,Central India,Standard,499.53,2,5,Smart TV,Debit Card,Kids,10.1,35,0,1,0,1,0,1
CUST106045,66,Female,North India,Basic,202.2,16,5,Mobile,Debit Card,Romance,8.1,24,1,4,0,0,1,1
CUST106046,23,Male,West India,Standard,521.41,1,2,Smart TV,Net Banking,Action,12.7,70,2,4,0,0,0,1
CUST106047,42,Male,North India,Standard,498.01,52,3,Mobile,Net Banking,Thriller,7.2,49,0,1,0,1,1,1
CUST106048,60,Male,Central India,Premium,791.19,34,1,Smart TV,Gift Card,Action,7.2,71,4,3,1,1,0,1
CUST106049,65,Female,West India,Standard,517.63,45,1,Laptop,Credit Card,Action,10.0,21,2,1,0,0,0,1
CUST106050,47,Male,South India,Standard,517.26,48,2,Tablet,Credit Card,Thriller,15.7,35,1,1,0,1,0,0
CUST106051,34,Female,South India,Standard,512.5,1,1,Mobile,Gift Card,Documentary,22.3,2,3,2,1,1,0,0
CUST106052,50,Female,North India,Standard,474.95,51,3,Mobile,Credit Card,Thriller,5.8,77,1,1,0,0,1,0
CUST106053,43,Female,Central India,Basic,200.21,36,1,Mobile,UPI,Documentary,0.0,26,1,4,0,1,0,0
CUST106054,26,Male,South India,Basic,195.49,52,1,Mobile,Credit Card,Drama,15.0,89,1,4,1,1,1,0
CUST106055,36,Female,South India,Basic,205.55,3,2,Smart TV,Net Banking,Drama,17.9,6,0,1,0,0,1,0
CUST106056,62,Male,East India,Basic,185.94,34,4,Tablet,Net Banking,Drama,2.6,36,3,2,0,1,0,1
CUST106057,61,Male,East India,Basic,211.3,12,4,Mobile,Debit Card,Thriller,17.8,54,2,2,0,1,0,0
CUST106058,44,Male,West India,Basic,204.36,56,3,Smart TV,Net Banking,Documentary,13.7,43,0,4,0,0,1,0
CUST106059,48,Male,West India,Premium,812.13,58,4,Smart TV,UPI,Comedy,3.0,71,1,2,0,1,0,1
CUST106060,44,Female,Central India,Basic,187.78,45,5,Mobile,UPI,Romance,0.0,59,3,4,1,1,0,1
CUST106061,67,Female,South India,Basic,202.98,27,2,Mobile,UPI,Action,5.9,58,1,3,1,1,0,1
CUST106062,27,Male,North India,Basic,210.83,50,4,Tablet,Debit Card,Thriller,16.6,51,0,3,0,1,0,1
CUST106063,55,Female,North India,Standard,460.76,37,1,Mobile,Credit Card,Drama,6.8,3,2,4,1,1,0,0
CUST106064,47,Female,East India,Standard,509.0,55,4,Smart TV,Debit Card,Comedy,10.5,1,0,3,0,0,1,0
CUST106065,15,Female,West India,Basic,193.59,25,2,Mobile,Net Banking,Documentary,0.0,16,1,4,1,0,0,1
CUST106066,28,Male,Central India,Standard,498.65,12,1,Smart TV,UPI,Documentary,15.1,84,3,1,0,0,0,0
CUST106067,17,Female,East India,Standard,517.79,51,1,Mobile,Debit Card,Documentary,7.9,83,1,1,0,1,1,1
CUST106068,33,Male,East India,Standard,515.37,33,2,Mobile,Debit Card,Thriller,15.8,29,2,4,1,1,0,0
CUST106069,22,Female,Central India,Standard,490.31,9,3,Mobile,UPI,Action,3.2,47,2,2,0,1,0,1
CUST106070,31,Male,Central India,Standard,473.68,1,3,Mobile,Gift Card,Action,0.0,1,2,2,1,1,0,0
CUST106071,37,Male,South India,Basic,197.85,56,2,Tablet,UPI,Comedy,15.4,78,3,4,0,1,0,1
CUST106072,16,Male,Central India,Standard,514.94,50,2,Smart TV,Gift Card,Kids,14.6,65,1,2,0,1,0,1
CUST106073,41,Female,Central India,Premium,818.72,23,2,Laptop,UPI,Drama,6.3,26,1,4,1,0,0,1
CUST106074,31,Male,East India,Standard,467.61,28,1,Tablet,Credit Card,Kids,24.6,20,1,2,0,0,1,0
CUST106075,55,Female,East India,Basic,207.96,3,1,Mobile,Gift Card,Kids,11.4,88,1,4,0,1,0,1
CUST106076,14,Male,North India,Premium,805.93,38,2,Laptop,Gift Card,Kids,9.4,4,1,4,0,0,0,1
CUST106077,22,Female,North India,Standard,510.58,54,1,Laptop,Debit Card,Drama,12.7,64,1,2,0,1,0,0
CUST106078,55,Male,North India,Basic,199.2,36,5,Smart TV,Gift Card,Drama,13.0,24,2,1,0,1,1,0
CUST106079,37,Female,Central India,Standard,472.45,56,2,Laptop,Net Banking,Romance,16.7,24,0,2,0,0,0,0
CUST106080,32,Male,South India,Standard,492.13,44,1,Mobile,Debit Card,Drama,6.4,47,4,3,1,1,0,1
CUST106081,60,Male,East India,Premium,785.2,44,3,Mobile,Debit Card,Romance,10.8,10,1,3,0,1,0,0
CUST106082,31,Male,West India,Standard,483.49,5,2,Mobile,Credit Card,Comedy,9.3,18,3,3,0,1,1,1
CUST106083,35,Female,South India,Basic,210.76,55,2,Laptop,Debit Card,Comedy,11.1,17,0,4,0,0,0,1
CUST106084,36,Male,West India,Standard,496.44,29,2,Mobile,Debit Card,Documentary,19.8,6,2,1,0,0,1,0
CUST106085,23,Male,Central India,Premium,804.91,53,4,Tablet,Net Banking,Thriller,9.0,86,0,3,1,0,1,1
CUST106086,58,Male,West India,Basic,214.84,13,2,Mobile,Debit Card,Action,8.9,3,1,3,0,1,0,1
CUST106087,46,Male,North India,Premium,773.12,44,3,Smart TV,Gift Card,Kids,10.0,20,0,4,0,1,0,1
CUST106088,67,Female,East India,Standard,523.05,4,1,Smart TV,Credit Card,Comedy,9.3,40,4,1,1,0,0,0
CUST106089,40,Male,South India,Premium,825.8,6,2,Tablet,Net Banking,Kids,8.9,76,0,2,0,1,0,1
CUST106090,17,Male,North India,Standard,472.36,51,5,Mobile,UPI,Romance,12.3,5,2,3,0,1,1,0
CUST106091,17,Female,East India,Standard,509.39,38,1,Mobile,UPI,Action,10.5,76,3,4,1,1,0,0
CUST106092,63,Female,North India,Standard,528.84,6,3,Laptop,UPI,Documentary,11.3,62,4,2,0,0,0,0
CUST106093,33,Female,South India,Premium,778.05,11,4,Tablet,Net Banking,Documentary,13.7,17,1,1,0,0,1,1
CUST106094,24,Male,Central India,Basic,181.41,27,3,Mobile,UPI,Kids,15.3,26,2,4,0,0,0,1
CUST106095,62,Female,West India,Standard,511.2,54,4,Smart TV,Gift Card,Comedy,16.0,86,0,3,0,0,0,1
CUST106096,16,Female,Central India,Basic,205.88,46,1,Mobile,UPI,Drama,15.8,45,1,2,0,1,1,0
CUST106097,66,Female,West India,Basic,202.27,59,4,Laptop,UPI,Thriller,13.5,45,1,1,0,1,0,0
CUST106098,61,Male,West India,Premium,795.25,35,1,Laptop,Credit Card,Action,3.1,84,2,3,0,1,1,0
CUST106099,54,Male,South India,Basic,201.33,40,3,Laptop,UPI,Action,6.0,88,1,4,0,1,0,0
CUST106100,32,Male,South India,Premium,761.27,4,3,Smart TV,UPI,Romance,7.5,44,1,2,0,0,0,1
CUST106101,50,Female,Central India,Standard,481.0,27,4,Mobile,Debit Card,Documentary,9.2,42,3,1,0,0,0,0
CUST106102,37,Male,East India,Premium,797.32,16,5,Smart TV,Gift Card,Action,5.9,79,0,3,1,0,1,0
CUST106103,26,Female,East India,Basic,167.35,18,3,Laptop,Net Banking,Drama,5.1,49,0,3,1,1,1,0
CUST106104,23,Female,Central India,Basic,196.89,7,4,Tablet,Credit Card,Comedy,1.8,79,1,1,1,1,0,1
CUST106105,44,Female,West India,Basic,198.74,11,2,Smart TV,Net Banking,Thriller,7.9,20,1,1,0,0,0,1
CUST106106,23,Male,South India,Premium,787.94,8,1,Mobile,UPI,Romance,10.6,32,2,3,0,0,0,1
CUST106107,30,Female,Central India,Standard,488.82,59,2,Mobile,Debit Card,Thriller,8.4,29,2,3,1,0,0,1
CUST106108,39,Female,East India,Basic,183.31,52,2,Laptop,UPI,Romance,8.1,0,1,1,0,1,0,0
CUST106109,67,Male,West India,Premium,791.74,6,2,Smart TV,UPI,Drama,11.3,68,1,4,0,1,1,1
CUST106110,66,Female,East India,Premium,804.4,56,4,Smart TV,Credit Card,Action,13.4,32,4,4,1,1,0,1
CUST106111,30,Female,West India,Premium,805.44,48,3,Mobile,Credit Card,Romance,11.3,74,3,2,1,1,0,1
CUST106112,68,Female,East India,Basic,214.37,5,2,Mobile,Net Banking,Drama,12.2,71,0,3,1,1,1,0
CUST106113,35,Male,North India,Standard,496.64,57,4,Tablet,UPI,Thriller,14.4,84,1,3,1,1,1,0
CUST106114,23,Female,West India,Standard,505.86,6,3,Laptop,Net Banking,Drama,7.0,88,1,4,1,0,0,0
CUST106115,33,Male,West India,Standard,477.23,38,1,Smart TV,UPI,Thriller,16.6,17,0,1,1,1,0,0
CUST106116,56,Male,West India,Basic,202.12,60,3,Smart TV,Credit Card,Action,6.9,11,2,4,1,0,1,1
CUST106117,17,Female,North India,Basic,195.66,2,3,Tablet,Debit Card,Kids,7.9,11,1,2,0,1,1,1
CUST106118,35,Female,North India,Premium,806.49,31,2,Mobile,Net Banking,Thriller,0.0,63,3,2,0,1,1,0
CUST106119,53,Female,East India,Basic,194.77,39,4,Laptop,Net Banking,Drama,6.8,28,1,4,0,1,0,0
CUST106120,37,Female,South India,Standard,493.36,32,5,Mobile,Gift Card,Documentary,2.1,77,0,1,1,0,0,1
CUST106121,53,Male,East India,Standard,486.65,9,1,Laptop,Gift Card,Thriller,17.0,76,1,2,1,1,0,0
CUST106122,66,Male,West India,Standard,514.11,15,4,Smart TV,Debit Card,Documentary,15.1,18,0,1,0,0,1,1
CUST106123,22,Female,West India,Standard,489.8,21,2,Smart TV,Gift Card,Documentary,6.3,83,0,1,0,0,0,1
CUST106124,34,Male,East India,Standard,526.97,46,4,Laptop,Debit Card,Documentary,7.3,1,1,3,1,1,0,1
CUST106125,31,Female,Central India,Standard,479.33,53,5,Mobile,UPI,Drama,1.2,11,1,4,0,0,0,1
CUST106126,13,Female,South India,Premium,816.57,28,1,Mobile,Gift Card,Drama,5.0,43,2,4,0,0,1,1
CUST106127,19,Female,North India,Basic,166.35,45,3,Smart TV,Gift Card,Action,13.1,73,3,4,0,0,1,1
CUST106128,16,Female,South India,Premium,796.46,27,1,Smart TV,Net Banking,Thriller,17.4,35,1,4,1,0,0,1
CUST106129,13,Male,Central India,Standard,490.18,5,5,Mobile,Debit Card,Kids,9.3,16,0,1,0,0,0,1
CUST106130,27,Male,East India,Standard,505.59,17,1,Mobile,Net Banking,Comedy,10.4,6,1,4,1,0,0,1
CUST106131,52,Female,East India,Standard,511.25,37,1,Mobile,Gift Card,Kids,10.6,17,0,4,0,1,1,0
CUST106132,24,Female,West India,Basic,228.01,58,2,Smart TV,UPI,Documentary,6.8,12,1,4,0,1,0,0
CUST106133,34,Male,East India,Standard,491.02,24,3,Tablet,Credit Card,Thriller,11.5,76,2,3,1,1,0,0
CUST106134,34,Male,Central India,Basic,187.95,31,5,Mobile,Debit Card,Documentary,8.2,59,1,3,0,1,0,0
CUST106135,62,Male,East India,Premium,812.23,35,2,Mobile,Debit Card,Kids,13.7,11,2,4,0,1,0,0
CUST106136,59,Female,East India,Premium,796.96,41,1,Smart TV,UPI,Action,9.6,78,0,1,0,1,0,0
CUST106137,29,Male,Central India,Basic,189.47,41,1,Smart TV,UPI,Drama,1.1,47,0,3,0,0,0,0
CUST106138,41,Female,North India,Basic,192.32,54,4,Laptop,Debit Card,Kids,12.9,50,1,1,0,1,0,1
CUST106139,58,Female,South India,Standard,488.34,4,2,Mobile,Debit Card,Kids,10.7,66,0,3,0,1,1,1
CUST106140,26,Male,East India,Premium,773.96,20,5,Smart TV,UPI,Comedy,7.2,59,1,3,1,0,0,1
CUST106141,62,Female,South India,Standard,522.45,43,5,Mobile,UPI,Kids,9.7,9,0,1,0,1,0,1
CUST106142,32,Male,South India,Standard,506.33,17,5,Mobile,UPI,Romance,4.3,22,4,1,0,0,1,0
CUST106143,62,Female,West India,Standard,474.84,46,5,Laptop,Gift Card,Drama,3.6,3,3,2,0,0,1,1
CUST106144,60,Female,North India,Basic,221.5,10,1,Laptop,Debit Card,Action,7.6,24,1,4,1,1,0,1
CUST106145,45,Female,South India,Standard,501.66,37,1,Mobile,Debit Card,Action,11.8,64,1,3,1,0,0,0
CUST106146,67,Female,West India,Basic,195.82,21,2,Smart TV,UPI,Documentary,12.4,60,2,4,1,0,1,1
CUST106147,55,Female,Central India,Standard,506.95,21,3,Mobile,Net Banking,Romance,3.1,68,1,1,0,1,1,0
CUST106148,27,Female,Central India,Basic,192.47,60,5,Laptop,Credit Card,Drama,9.9,68,0,3,0,1,0,1
CUST106149,24,Male,Central India,Standard,479.27,49,1,Mobile,Debit Card,Drama,3.4,46,3,2,0,1,1,0
CUST106150,52,Male,Central India,Premium,790.91,16,2,Mobile,Gift Card,Comedy,10.4,26,1,4,1,0,0,0
CUST106151,66,Female,Central India,Standard,497.9,33,5,Tablet,Credit Card,Thriller,8.8,61,0,2,0,1,0,0
CUST106152,32,Male,West India,Standard,485.5,10,3,Smart TV,Net Banking,Romance,10.9,70,1,3,0,1,0,0
CUST106153,42,Female,North India,Basic,206.63,44,5,Smart TV,Gift Card,Action,5.7,48,1,1,0,0,0,0
CUST106154,50,Male,North India,Standard,518.19,18,4,Laptop,UPI,Documentary,17.6,60,3,3,0,1,0,1
CUST106155,15,Male,West India,Basic,193.52,33,5,Smart TV,Net Banking,Kids,21.6,87,0,2,1,1,0,0
CUST106156,40,Female,West India,Standard,464.67,29,4,Smart TV,UPI,Comedy,8.5,86,0,1,0,1,0,0
CUST106157,68,Male,East India,Basic,196.51,31,3,Mobile,Gift Card,Kids,5.6,71,0,3,1,0,0,1
CUST106158,38,Female,South India,Basic,186.25,24,4,Tablet,Gift Card,Drama,3.3,29,0,1,0,1,1,0
CUST106159,42,Male,Central India,Basic,195.79,60,3,Mobile,UPI,Documentary,2.2,30,2,3,0,1,0,1
CUST106160,25,Female,South India,Basic,195.59,12,2,Laptop,Credit Card,Action,16.0,15,1,2,0,0,0,1
CUST106161,25,Male,East India,Standard,486.08,20,4,Laptop,Debit Card,Action,6.9,64,0,3,1,1,0,1
CUST106162,14,Female,North India,Standard,478.49,6,5,Smart TV,Debit Card,Thriller,1.9,10,3,4,0,1,0,0
CUST106163,49,Male,Central India,Basic,199.19,8,5,Mobile,Gift Card,Drama,3.0,61,0,3,0,1,0,1
CUST106164,61,Female,North India,Standard,487.48,14,2,Mobile,Net Banking,Romance,2.5,37,4,1,0,1,0,1
CUST106165,50,Male,West India,Standard,525.16,5,1,Smart TV,UPI,Romance,17.6,86,0,1,0,0,0,1
CUST106166,14,Female,South India,Standard,502.7,54,3,Laptop,Net Banking,Action,18.5,58,0,1,0,1,0,0
CUST106167,48,Male,North India,Premium,788.0,36,1,Laptop,UPI,Documentary,8.6,18,1,1,1,1,0,1
CUST106168,66,Female,East India,Basic,191.89,54,1,Smart TV,Net Banking,Documentary,7.8,8,1,1,1,0,0,1
CUST106169,38,Male,North India,Basic,196.73,48,2,Tablet,UPI,Documentary,0.0,68,1,2,0,1,0,1
CUST106170,23,Female,Central India,Standard,500.47,38,2,Tablet,Gift Card,Drama,1.3,22,1,2,0,0,1,1
CUST106171,20,Female,Central India,Premium,808.25,3,4,Smart TV,Credit Card,Romance,4.5,54,3,4,1,1,0,1
CUST106172,56,Female,South India,Standard,516.17,36,4,Mobile,Debit Card,Romance,13.5,84,0,3,1,1,1,0
CUST106173,52,Female,West India,Premium,797.93,22,4,Smart TV,Net Banking,Drama,24.2,19,0,1,1,1,0,1
CUST106174,55,Male,Central India,Premium,805.83,8,4,Laptop,Debit Card,Romance,14.4,12,3,2,0,1,1,0
CUST106175,34,Male,East India,Standard,505.4,14,4,Smart TV,Net Banking,Action,9.0,56,1,4,1,1,0,0
CUST106176,32,Male,South India,Standard,500.48,7,5,Mobile,Gift Card,Thriller,10.8,19,2,4,1,0,1,1
CUST106177,20,Female,Central India,Standard,495.89,4,2,Laptop,Gift Card,Romance,10.6,46,0,3,1,1,0,0
CUST106178,41,Female,East India,Standard,501.12,19,3,Smart TV,Net Banking,Thriller,7.9,76,3,3,1,1,1,1
CUST106179,52,Female,North India,Standard,489.2,43,3,Tablet,Net Banking,Romance,9.0,6,2,1,0,1,1,0
CUST106180,38,Female,East India,Standard,481.98,47,3,Smart TV,Net Banking,Thriller,0.0,33,1,1,0,1,0,0
CUST106181,42,Female,South India,Standard,520.66,24,3,Tablet,Gift Card,Comedy,5.5,55,3,2,0,0,0,1
CUST106182,29,Male,Central India,Basic,202.23,16,3,Mobile,Credit Card,Kids,7.5,52,1,4,1,0,0,1
CUST106183,32,Male,West India,Premium,803.1,6,5,Laptop,Credit Card,Drama,3.2,52,3,4,1,0,0,1
CUST106184,64,Male,West India,Standard,495.75,44,2,Mobile,Net Banking,Drama,11.1,80,2,1,0,0,1,0
CUST106185,67,Female,East India,Premium,806.47,8,4,Laptop,UPI,Action,13.1,62,0,3,1,1,0,1
CUST106186,28,Female,East India,Standard,496.3,25,4,Tablet,Credit Card,Kids,17.7,29,2,2,1,0,0,0
CUST106187,58,Female,East India,Basic,176.24,32,4,Smart TV,Gift Card,Documentary,7.4,67,2,2,1,1,0,1
CUST106188,55,Female,Central India,Basic,190.98,25,2,Laptop,Gift Card,Drama,0.0,3,1,1,1,1,0,0
CUST106189,19,Female,West India,Premium,807.96,10,2,Tablet,Gift Card,Thriller,19.5,36,2,2,0,1,1,0
CUST106190,28,Female,West India,Basic,190.1,43,5,Mobile,Debit Card,Comedy,4.0,38,1,3,1,1,0,1
CUST106191,57,Female,South India,Premium,771.51,41,5,Smart TV,Debit Card,Documentary,22.2,35,3,4,1,1,0,0
CUST106192,59,Male,South India,Basic,194.6,58,4,Laptop,Gift Card,Documentary,19.1,14,1,3,0,1,1,0
CUST106193,68,Male,North India,Premium,773.04,17,2,Smart TV,Credit Card,Comedy,7.9,85,1,1,0,0,0,0
CUST106194,60,Female,Central India,Premium,794.37,60,4,Laptop,Debit Card,Romance,8.1,74,3,2,1,1,0,0
CUST106195,39,Female,East India,Premium,816.78,46,5,Smart TV,UPI,Comedy,2.5,35,1,1,0,1,0,0
CUST106196,65,Female,South India,Basic,179.92,3,4,Laptop,Net Banking,Drama,0.0,18,6,1,0,1,0,1
CUST106197,35,Male,North India,Standard,508.72,9,5,Mobile,Debit Card,Comedy,13.1,15,1,3,0,1,1,0
CUST106198,36,Male,North India,Basic,224.72,52,1,Mobile,Debit Card,Action,8.9,73,0,3,0,1,0,0
CUST106199,21,Female,West India,Basic,218.1,58,3,Laptop,Credit Card,Documentary,16.7,80,0,1,0,0,1,0
CUST106200,47,Male,Central India,Basic,195.59,60,1,Smart TV,Credit Card,Documentary,17.5,42,3,4,0,1,1,0
CUST106201,63,Male,Central India,Standard,485.27,18,4,Mobile,UPI,Thriller,0.0,5,1,3,1,1,1,1
CUST106202,32,Male,East India,Basic,201.62,49,4,Tablet,UPI,Drama,10.2,83,1,2,0,0,0,0
CUST106203,49,Female,Central India,Premium,801.83,30,2,Smart TV,UPI,Romance,22.7,13,2,2,1,1,0,1
CUST106204,54,Male,East India,Basic,212.82,5,3,Mobile,UPI,Thriller,3.9,27,3,1,1,0,0,1
CUST106205,29,Male,Central India,Standard,499.77,52,5,Smart TV,Debit Card,Drama,16.8,5,0,1,1,1,0,0
CUST106206,59,Female,West India,Basic,205.04,32,4,Smart TV,UPI,Drama,12.0,18,0,1,1,1,0,1
CUST106207,43,Female,North India,Premium,785.37,53,5,Tablet,UPI,Romance,11.7,5,2,2,1,1,1,0
CUST106208,67,Male,Central India,Basic,210.1,27,5,Laptop,Gift Card,Kids,9.5,4,0,3,0,1,0,0
CUST106209,69,Female,Central India,Premium,779.86,21,5,Smart TV,Debit Card,Romance,2.3,65,3,1,0,0,0,1
CUST106210,20,Male,West India,Standard,489.59,24,1,Smart TV,Debit Card,Kids,0.2,47,0,1,0,1,0,1
CUST106211,27,Male,South India,Premium,808.01,38,5,Tablet,Debit Card,Drama,6.0,69,2,3,0,1,0,1
CUST106212,43,Female,East India,Basic,218.36,3,2,Smart TV,Net Banking,Romance,3.1,13,1,2,0,1,1,1
CUST106213,65,Female,South India,Standard,509.26,16,1,Mobile,UPI,Action,12.9,77,1,2,0,1,0,1
CUST106214,42,Male,North India,Standard,498.51,15,1,Smart TV,UPI,Comedy,22.5,44,2,1,0,1,0,1
CUST106215,58,Female,South India,Premium,798.65,25,4,Mobile,UPI,Romance,19.0,39,0,1,0,1,1,1
CUST106216,32,Female,North India,Standard,485.38,8,3,Tablet,Credit Card,Kids,6.9,87,0,1,1,1,0,0
CUST106217,51,Male,East India,Premium,793.46,41,3,Laptop,Credit Card,Comedy,16.9,29,4,2,0,1,1,0
CUST106218,65,Male,West India,Basic,170.26,4,4,Mobile,Credit Card,Kids,15.0,74,0,3,1,0,1,0
CUST106219,67,Male,North India,Standard,523.88,32,3,Mobile,Net Banking,Action,11.3,77,2,1,0,1,1,0
CUST106220,24,Male,East India,Basic,232.24,45,5,Mobile,UPI,Thriller,20.1,21,2,1,0,1,0,1
CUST106221,61,Male,West India,Basic,169.86,56,2,Smart TV,Debit Card,Drama,0.0,2,1,4,0,1,1,0
CUST106222,29,Male,South India,Standard,477.49,59,5,Smart TV,Debit Card,Action,5.9,28,2,2,1,1,1,1
CUST106223,54,Female,South India,Premium,819.44,35,3,Smart TV,Gift Card,Thriller,14.7,47,1,3,1,1,1,1
CUST106224,42,Female,North India,Premium,787.23,53,3,Laptop,Credit Card,Comedy,11.8,7,2,3,0,0,0,0
CUST106225,41,Male,Central India,Standard,519.78,30,2,Tablet,Net Banking,Documentary,6.0,48,1,3,1,1,0,0
CUST106226,31,Female,Central India,Premium,810.31,39,1,Mobile,Gift Card,Romance,1.7,6,2,4,0,1,0,0
CUST106227,58,Female,West India,Standard,494.19,48,1,Mobile,Net Banking,Drama,0.9,23,1,3,0,1,0,0
CUST106228,23,Male,South India,Standard,513.17,49,2,Laptop,Debit Card,Drama,9.1,4,0,4,0,1,1,1
CUST106229,46,Female,East India,Basic,198.45,30,1,Smart TV,UPI,Drama,14.2,83,3,1,0,0,0,1
CUST106230,62,Female,West India,Standard,498.19,17,3,Mobile,Debit Card,Kids,17.8,63,0,2,0,1,0,1
CUST106231,19,Male,North India,Basic,206.93,19,1,Mobile,Debit Card,Comedy,3.7,4,0,2,0,1,1,0
CUST106232,56,Female,North India,Basic,210.88,52,3,Mobile,Credit Card,Drama,8.3,48,1,3,1,0,0,0
CUST106233,46,Female,West India,Standard,514.04,31,4,Mobile,Debit Card,Drama,4.3,69,0,1,1,1,0,1
CUST106234,32,Male,East India,Premium,834.33,17,5,Tablet,Net Banking,Kids,12.6,14,1,1,1,0,0,1
CUST106235,62,Female,South India,Standard,504.47,56,1,Smart TV,UPI,Kids,13.5,58,3,2,0,0,1,1
CUST106236,50,Female,South India,Premium,818.39,2,4,Mobile,Credit Card,Comedy,4.7,89,2,3,0,1,0,1
CUST106237,36,Female,East India,Premium,817.98,59,1,Mobile,Gift Card,Kids,1.9,20,3,4,0,1,0,1
CUST106238,22,Male,South India,Basic,209.28,37,4,Mobile,Debit Card,Kids,20.5,84,1,2,0,1,0,0
CUST106239,44,Male,Central India,Standard,491.09,48,2,Smart TV,Credit Card,Kids,10.2,8,2,2,0,1,0,1
CUST106240,64,Female,Central India,Standard,515.45,29,4,Laptop,Credit Card,Action,10.6,46,0,4,0,1,0,0
CUST106241,27,Female,East India,Premium,805.69,30,3,Mobile,Credit Card,Kids,2.8,40,1,3,1,0,0,1
CUST106242,49,Male,Central India,Premium,779.67,54,2,Tablet,Net Banking,Thriller,9.0,55,1,3,0,1,0,0
CUST106243,32,Male,West India,Premium,814.21,43,2,Laptop,Gift Card,Documentary,5.8,73,5,4,1,1,0,0
CUST106244,15,Female,South India,Standard,474.61,22,3,Laptop,Credit Card,Thriller,6.4,47,1,4,1,1,1,1
CUST106245,49,Male,West India,Premium,808.71,38,1,Mobile,Net Banking,Romance,4.2,61,2,2,0,1,0,1
CUST106246,69,Female,East India,Basic,190.72,11,2,Mobile,Gift Card,Comedy,16.8,88,3,4,0,1,1,1
CUST106247,52,Female,Central India,Basic,201.45,33,1,Smart TV,UPI,Comedy,5.7,84,0,3,1,1,0,0
CUST106248,20,Male,West India,Standard,478.09,19,5,Smart TV,Net Banking,Thriller,15.1,30,1,4,0,0,0,0
CUST106249,52,Male,West India,Premium,788.14,3,4,Mobile,Credit Card,Kids,2.7,65,1,4,0,1,1,1
CUST106250,56,Female,North India,Premium,791.15,40,4,Tablet,Debit Card,Comedy,18.4,15,1,3,1,1,0,0
CUST106251,68,Female,West India,Basic,196.72,22,3,Laptop,Net Banking,Documentary,10.9,34,1,3,1,0,0,1
CUST106252,35,Male,Central India,Premium,790.08,18,3,Mobile,UPI,Drama,14.0,48,0,1,0,1,1,0
CUST106253,52,Female,South India,Premium,804.22,45,4,Laptop,Gift Card,Action,0.0,30,4,3,1,1,0,1
CUST106254,23,Male,South India,Standard,506.15,30,5,Smart TV,UPI,Documentary,13.8,75,1,2,0,1,0,0
CUST106255,58,Male,South India,Basic,192.3,1,3,Mobile,Gift Card,Kids,23.1,53,1,4,0,1,0,1
CUST106256,20,Male,Central India,Standard,499.59,20,5,Mobile,Net Banking,Comedy,11.0,22,1,2,0,0,0,0
CUST106257,41,Male,South India,Standard,506.97,49,3,Mobile,Gift Card,Action,25.3,16,0,1,0,1,1,0
CUST106258,42,Male,South India,Standard,465.33,5,2,Mobile,Credit Card,Romance,0.0,13,2,2,0,0,0,0
CUST106259,68,Female,East India,Standard,505.63,12,1,Mobile,Net Banking,Kids,4.2,47,0,4,0,1,0,0
CUST106260,22,Male,East India,Premium,789.37,11,4,Smart TV,Debit Card,Thriller,12.5,47,1,4,0,1,0,0
CUST106261,51,Male,North India,Basic,159.04,24,1,Mobile,UPI,Drama,4.2,5,1,2,0,1,0,0
CUST106262,40,Male,North India,Standard,493.12,58,4,Mobile,UPI,Romance,22.9,22,0,3,0,1,1,0
CUST106263,61,Male,West India,Standard,483.88,18,3,Mobile,Net Banking,Thriller,3.6,47,1,2,0,1,0,0
CUST106264,48,Male,West India,Basic,191.96,8,1,Mobile,Debit Card,Action,14.5,48,1,2,1,1,1,1
CUST106265,25,Male,West India,Premium,806.01,29,5,Smart TV,Net Banking,Drama,5.8,60,5,3,1,1,0,1
CUST106266,44,Male,North India,Basic,211.76,56,3,Mobile,Credit Card,Thriller,0.0,30,0,1,1,1,0,0
CUST106267,48,Female,South India,Standard,518.34,22,2,Smart TV,Credit Card,Action,9.1,4,1,1,1,1,0,0
CUST106268,49,Female,West India,Premium,819.26,56,1,Mobile,Debit Card,Drama,7.9,66,1,4,0,1,0,0
CUST106269,38,Female,South India,Basic,183.45,45,1,Mobile,Net Banking,Comedy,12.4,37,2,3,1,0,1,0
CUST106270,34,Female,South India,Premium,817.15,2,2,Laptop,Debit Card,Drama,15.0,27,3,3,0,1,1,1
CUST106271,16,Male,North India,Standard,480.65,23,4,Smart TV,Debit Card,Romance,5.6,30,1,4,0,0,0,0
CUST106272,43,Female,East India,Basic,214.87,16,3,Smart TV,Credit Card,Kids,15.2,57,1,1,1,0,0,1
CUST106273,30,Male,East India,Premium,807.57,44,2,Mobile,Credit Card,Action,10.3,53,0,1,1,1,0,1
CUST106274,50,Female,Central India,Basic,201.56,8,5,Smart TV,Debit Card,Documentary,4.9,16,2,1,1,1,0,0
CUST106275,36,Female,East India,Standard,485.71,4,3,Tablet,Debit Card,Romance,5.8,21,0,1,1,0,0,1
CUST106276,68,Male,West India,Basic,216.96,14,2,Mobile,Gift Card,Action,10.1,63,0,1,0,0,0,1
CUST106277,35,Male,North India,Basic,183.89,9,2,Mobile,Credit Card,Documentary,12.7,12,1,1,0,1,0,0
CUST106278,34,Female,South India,Premium,798.66,11,1,Smart TV,Debit Card,Thriller,9.3,43,0,1,0,1,0,0
CUST106279,14,Female,North India,Premium,800.02,48,1,Mobile,Gift Card,Kids,8.6,84,2,1,1,1,1,1
CUST106280,43,Female,Central India,Basic,173.53,38,1,Tablet,Debit Card,Comedy,5.3,46,2,4,0,0,0,0
CUST106281,67,Female,Central India,Standard,501.23,44,3,Smart TV,Gift Card,Romance,10.4,84,0,2,0,1,0,1
CUST106282,23,Male,Central India,Premium,782.57,51,4,Mobile,Debit Card,Drama,11.4,5,3,3,0,1,1,0
CUST106283,40,Female,South India,Premium,820.61,16,3,Mobile,Net Banking,Action,21.6,9,0,2,0,1,1,0
CUST106284,58,Female,Central India,Standard,539.56,13,1,Mobile,Credit Card,Comedy,4.2,57,1,1,0,1,0,1
CUST106285,44,Female,Central India,Premium,787.99,36,1,Mobile,Debit Card,Documentary,17.7,39,1,3,0,1,0,0
CUST106286,17,Female,Central India,Standard,493.11,44,3,Smart TV,UPI,Romance,14.4,13,0,3,0,1,0,1
CUST106287,50,Female,South India,Standard,501.5,36,2,Mobile,UPI,Romance,9.2,22,1,3,0,0,0,1
CUST106288,22,Male,Central India,Premium,768.09,17,2,Mobile,Gift Card,Documentary,21.3,70,0,2,0,1,0,0
CUST106289,52,Male,West India,Basic,223.65,14,1,Mobile,Credit Card,Action,9.3,87,0,3,0,1,0,0
CUST106290,58,Male,North India,Basic,194.22,29,1,Laptop,Gift Card,Kids,11.5,14,0,1,0,1,1,1
CUST106291,36,Male,Central India,Basic,193.0,58,4,Mobile,Credit Card,Documentary,7.7,86,1,3,1,1,0,0
CUST106292,47,Male,Central India,Basic,209.35,17,2,Mobile,UPI,Romance,14.0,4,1,1,0,0,0,0
CUST106293,56,Female,North India,Basic,200.27,1,4,Mobile,UPI,Comedy,10.0,40,4,2,1,0,0,1
CUST106294,60,Male,Central India,Standard,501.47,20,1,Mobile,Gift Card,Comedy,4.6,19,2,1,0,1,0,1
CUST106295,35,Male,Central India,Standard,511.65,33,1,Tablet,Net Banking,Comedy,12.4,51,1,2,1,1,1,0
CUST106296,29,Female,West India,Standard,497.12,54,4,Smart TV,UPI,Action,19.5,9,0,2,1,0,0,0
CUST106297,13,Male,East India,Standard,482.15,2,4,Mobile,Credit Card,Romance,6.3,86,1,4,0,0,1,1
CUST106298,67,Male,South India,Basic,217.36,17,1,Tablet,Debit Card,Documentary,15.2,26,0,2,0,1,1,1
CUST106299,43,Male,South India,Standard,490.22,23,5,Mobile,Debit Card,Documentary,6.4,50,1,1,1,1,0,0
CUST106300,43,Male,North India,Standard,491.04,22,1,Laptop,Debit Card,Thriller,12.4,59,1,2,1,0,0,0
CUST106301,54,Female,West India,Basic,202.46,1,2,Smart TV,UPI,Drama,13.2,5,1,1,1,0,1,1
CUST106302,69,Female,South India,Premium,779.41,12,1,Smart TV,Net Banking,Drama,17.4,76,2,3,1,1,1,1
CUST106303,67,Male,North India,Standard,502.59,13,3,Smart TV,UPI,Documentary,5.1,27,0,3,0,0,1,0
CUST106304,54,Female,North India,Premium,813.21,14,1,Laptop,Credit Card,Kids,8.7,15,1,4,1,1,0,0
CUST106305,65,Male,North India,Basic,222.7,10,5,Smart TV,UPI,Documentary,6.7,16,0,1,1,1,0,1
CUST106306,68,Female,South India,Premium,810.1,12,2,Mobile,UPI,Comedy,14.3,45,0,3,0,0,0,0
CUST106307,46,Female,East India,Standard,515.1,57,1,Mobile,UPI,Action,13.9,9,0,1,0,0,1,0
CUST106308,21,Female,North India,Premium,789.41,22,4,Mobile,UPI,Documentary,11.2,30,3,3,0,1,1,1
CUST106309,34,Female,Central India,Standard,511.38,18,2,Smart TV,Credit Card,Thriller,9.5,58,0,1,1,1,1,1
CUST106310,25,Female,East India,Premium,796.13,39,2,Mobile,UPI,Thriller,15.3,38,1,1,0,0,1,0
CUST106311,37,Female,East India,Standard,516.39,19,5,Mobile,Net Banking,Kids,2.5,5,0,1,0,1,0,1
CUST106312,60,Female,Central India,Premium,800.54,30,4,Smart TV,Gift Card,Romance,10.8,83,2,2,1,1,0,1
CUST106313,30,Female,South India,Premium,815.16,15,3,Smart TV,Credit Card,Documentary,16.2,48,1,4,0,1,0,0
CUST106314,63,Female,South India,Standard,501.42,39,1,Mobile,Net Banking,Drama,1.8,20,0,2,0,1,1,0
CUST106315,24,Female,West India,Standard,487.49,14,3,Mobile,Debit Card,Action,7.5,15,0,4,0,0,0,1
CUST106316,52,Female,South India,Basic,199.59,9,4,Mobile,Debit Card,Thriller,7.3,24,1,3,1,1,1,0
CUST106317,29,Male,West India,Premium,794.04,5,2,Mobile,Credit Card,Documentary,7.6,38,0,4,0,0,1,1
CUST106318,27,Female,North India,Standard,518.46,33,5,Smart TV,Gift Card,Romance,20.7,35,2,4,0,1,1,0
CUST106319,54,Male,South India,Standard,478.66,48,5,Mobile,UPI,Documentary,0.0,33,0,1,1,1,0,0
CUST106320,27,Female,South India,Basic,173.84,5,2,Laptop,Credit Card,Romance,7.3,71,0,3,1,0,0,1
CUST106321,27,Male,Central India,Standard,503.38,24,5,Mobile,UPI,Comedy,13.3,13,1,2,0,0,1,1
CUST106322,67,Male,North India,Standard,494.15,8,3,Mobile,UPI,Thriller,14.8,56,1,3,0,0,0,0
CUST106323,51,Male,West India,Standard,481.81,19,2,Tablet,Debit Card,Comedy,16.4,48,3,4,1,1,0,0
CUST106324,25,Female,North India,Standard,498.47,52,1,Smart TV,Gift Card,Action,1.4,86,0,4,1,0,0,1
CUST106325,29,Female,East India,Basic,202.99,12,1,Mobile,UPI,Action,17.2,75,1,2,1,1,0,0
CUST106326,44,Female,Central India,Basic,217.43,8,4,Laptop,Credit Card,Kids,16.6,83,0,2,0,1,1,1
CUST106327,21,Female,East India,Standard,471.21,8,2,Mobile,Debit Card,Thriller,5.3,59,1,2,0,1,0,1
CUST106328,52,Male,West India,Basic,201.78,55,3,Tablet,UPI,Comedy,4.5,87,4,2,0,1,0,0
CUST106329,32,Female,South India,Standard,523.62,38,2,Mobile,Debit Card,Kids,2.8,76,2,1,0,1,0,1
CUST106330,38,Female,South India,Standard,522.91,20,2,Laptop,Debit Card,Kids,0.0,32,0,4,1,0,1,1
CUST106331,39,Female,South India,Premium,800.39,58,3,Mobile,Credit Card,Drama,21.9,33,0,3,0,1,1,1
CUST106332,33,Female,West India,Basic,190.14,29,5,Tablet,Credit Card,Comedy,10.3,31,2,3,0,1,0,1
CUST106333,30,Female,East India,Basic,194.96,41,3,Smart TV,Net Banking,Thriller,0.0,54,2,3,1,1,0,1
CUST106334,25,Female,West India,Standard,484.23,34,2,Mobile,UPI,Thriller,0.0,28,2,1,1,1,0,1
CUST106335,28,Female,West India,Standard,492.38,18,2,Laptop,Debit Card,Comedy,4.0,26,3,2,0,1,1,0
CUST106336,21,Female,East India,Basic,200.17,1,2,Mobile,Net Banking,Documentary,7.2,76,0,3,0,1,0,0
CUST106337,24,Male,South India,Premium,806.06,11,2,Laptop,Credit Card,Documentary,14.2,85,1,1,0,1,1,1
CUST106338,56,Male,Central India,Standard,511.8,47,4,Smart TV,Gift Card,Drama,16.2,70,1,2,0,0,1,0
CUST106339,50,Female,West India,Basic,197.34,44,5,Laptop,Debit Card,Kids,11.6,70,0,2,0,1,1,1
CUST106340,31,Female,West India,Basic,196.23,35,2,Mobile,Gift Card,Romance,10.4,13,0,2,0,1,0,0
CUST106341,19,Female,East India,Premium,812.15,51,4,Tablet,Gift Card,Kids,11.7,1,1,3,0,1,0,1
CUST106342,69,Female,Central India,Basic,193.85,52,2,Smart TV,Debit Card,Romance,17.4,6,2,2,0,1,0,1
CUST106343,47,Male,West India,Basic,209.48,32,5,Mobile,Net Banking,Drama,10.4,80,4,3,0,0,0,1
CUST106344,60,Male,North India,Basic,174.22,51,5,Mobile,Net Banking,Drama,12.9,32,1,2,0,1,0,0
CUST106345,30,Female,Central India,Standard,506.01,42,3,Laptop,Debit Card,Thriller,3.1,21,3,4,0,1,0,0
CUST106346,28,Male,West India,Premium,830.7,16,4,Laptop,UPI,Thriller,11.1,13,1,2,0,1,1,1
CUST106347,67,Male,Central India,Basic,185.1,6,5,Smart TV,Gift Card,Documentary,6.9,53,1,3,1,0,0,1
CUST106348,51,Female,North India,Basic,220.5,9,1,Mobile,Net Banking,Comedy,12.3,0,0,4,0,0,0,0
CUST106349,16,Female,North India,Basic,209.41,40,2,Mobile,Debit Card,Action,7.8,71,1,3,1,0,0,1
CUST106350,37,Female,Central India,Standard,512.12,22,5,Smart TV,Credit Card,Comedy,12.2,40,0,2,0,0,0,1
CUST106351,44,Male,South India,Basic,209.04,48,4,Mobile,Credit Card,Kids,5.3,7,0,3,1,0,0,0
CUST106352,52,Male,Central India,Premium,789.47,8,4,Mobile,Debit Card,Documentary,3.9,28,1,3,0,1,0,1
CUST106353,25,Female,East India,Basic,179.45,56,4,Smart TV,UPI,Documentary,5.0,80,0,3,1,1,0,0
CUST106354,57,Female,South India,Basic,206.12,32,3,Mobile,Credit Card,Documentary,5.3,44,0,1,1,1,0,1
CUST106355,29,Male,North India,Basic,197.16,26,2,Mobile,UPI,Documentary,11.8,7,3,1,1,1,1,0
CUST106356,61,Male,South India,Premium,778.12,54,1,Mobile,Debit Card,Thriller,14.6,5,2,1,1,0,1,0
CUST106357,49,Female,North India,Standard,492.19,18,4,Smart TV,Debit Card,Drama,10.8,50,2,1,1,1,0,0
CUST106358,18,Male,North India,Premium,783.19,37,2,Smart TV,Gift Card,Drama,10.7,22,1,2,0,1,0,0
CUST106359,31,Female,North India,Basic,227.77,52,4,Laptop,Debit Card,Comedy,10.7,78,2,1,0,1,0,0
CUST106360,25,Female,East India,Basic,211.63,12,4,Smart TV,UPI,Comedy,16.5,59,0,3,0,1,0,0
CUST106361,69,Male,East India,Standard,484.33,38,1,Mobile,Net Banking,Romance,3.6,40,0,4,1,1,0,1
CUST106362,38,Male,West India,Standard,506.52,34,2,Laptop,Credit Card,Kids,11.4,13,0,1,1,1,0,1
CUST106363,26,Male,East India,Standard,481.62,4,4,Smart TV,Credit Card,Documentary,11.0,26,2,4,0,0,0,1
CUST106364,43,Female,North India,Basic,171.73,16,3,Tablet,Gift Card,Documentary,15.3,66,0,1,1,0,0,1
CUST106365,66,Female,Central India,Basic,188.52,24,4,Tablet,Net Banking,Action,5.2,11,0,4,1,1,1,1
CUST106366,16,Female,South India,Basic,196.74,14,2,Smart TV,UPI,Drama,19.5,66,2,2,0,1,0,0
CUST106367,51,Female,Central India,Standard,504.74,17,5,Tablet,UPI,Romance,9.4,39,0,3,0,0,1,1
CUST106368,20,Female,North India,Standard,512.05,51,4,Mobile,Gift Card,Romance,2.7,64,1,1,1,0,0,0
CUST106369,37,Female,Central India,Premium,793.63,31,3,Mobile,Debit Card,Documentary,6.9,16,0,3,0,1,1,1
CUST106370,25,Male,South India,Basic,209.11,4,3,Mobile,Net Banking,Kids,14.2,17,0,2,1,1,0,0
CUST106371,44,Female,West India,Premium,775.04,50,4,Smart TV,Credit Card,Comedy,8.8,9,1,1,0,1,0,0
CUST106372,50,Female,West India,Standard,520.99,44,2,Smart TV,Net Banking,Comedy,5.7,58,0,4,0,1,1,0
CUST106373,50,Female,East India,Basic,175.56,34,4,Tablet,Gift Card,Romance,18.2,11,3,3,0,1,1,0
CUST106374,68,Female,Central India,Premium,791.59,38,3,Smart TV,Debit Card,Comedy,13.4,16,1,3,0,1,0,0
CUST106375,40,Male,East India,Standard,488.43,38,4,Laptop,Net Banking,Romance,8.6,21,1,3,1,0,0,0
CUST106376,65,Female,East India,Standard,477.44,3,3,Laptop,Debit Card,Action,11.4,13,2,2,1,0,1,1
CUST106377,42,Male,Central India,Standard,503.97,8,5,Smart TV,Net Banking,Documentary,15.4,40,0,4,0,1,1,0
CUST106378,15,Male,Central India,Standard,524.61,12,4,Mobile,Credit Card,Documentary,17.1,7,0,3,0,0,0,0
CUST106379,40,Female,South India,Standard,471.79,35,1,Laptop,UPI,Kids,6.6,16,0,4,0,1,0,1
CUST106380,15,Female,Central India,Premium,764.62,2,4,Smart TV,Net Banking,Documentary,14.5,78,0,2,0,0,0,1
CUST106381,57,Male,Central India,Standard,485.88,53,3,Laptop,UPI,Kids,21.4,5,0,1,0,0,1,1
CUST106382,66,Male,East India,Standard,495.47,29,2,Smart TV,UPI,Action,6.3,70,4,3,0,0,0,1
CUST106383,46,Female,West India,Premium,810.5,23,3,Mobile,UPI,Documentary,12.4,49,2,4,0,1,0,1
CUST106384,28,Male,North India,Basic,191.8,33,5,Mobile,Gift Card,Kids,12.8,42,2,2,0,0,0,1
CUST106385,34,Female,West India,Basic,171.35,50,2,Mobile,Credit Card,Drama,9.1,8,1,1,0,0,1,1
CUST106386,44,Female,Central India,Basic,218.25,18,1,Mobile,UPI,Documentary,4.7,83,3,1,1,1,0,1
CUST106387,50,Male,North India,Standard,485.28,40,1,Laptop,Credit Card,Romance,4.7,41,2,2,0,1,0,1
CUST106388,20,Female,Central India,Premium,808.46,58,5,Smart TV,Net Banking,Documentary,8.8,44,0,2,1,0,0,0
CUST106389,67,Female,South India,Standard,481.93,22,5,Mobile,Credit Card,Comedy,5.1,38,1,1,0,1,0,1
CUST106390,20,Female,Central India,Basic,196.25,14,5,Mobile,Debit Card,Documentary,1.6,65,1,2,0,0,0,0
CUST106391,69,Male,North India,Standard,504.34,29,5,Smart TV,UPI,Romance,2.6,63,0,4,0,0,0,1
CUST106392,18,Male,South India,Premium,786.16,45,4,Mobile,Net Banking,Romance,6.9,81,2,1,0,1,0,0
CUST106393,26,Male,North India,Basic,205.37,15,3,Mobile,UPI,Thriller,8.9,60,0,4,0,1,0,0
CUST106394,44,Female,South India,Premium,793.62,15,4,Mobile,UPI,Action,6.5,37,2,3,1,1,0,1
CUST106395,47,Male,East India,Premium,792.15,45,2,Smart TV,Net Banking,Comedy,4.6,65,0,3,1,1,1,0
CUST106396,22,Male,North India,Basic,221.63,4,1,Tablet,Net Banking,Romance,15.9,78,1,2,0,1,1,0
CUST106397,15,Male,East India,Basic,204.33,36,1,Tablet,Gift Card,Action,3.4,10,0,2,1,1,1,0
CUST106398,24,Female,East India,Standard,506.33,5,2,Smart TV,Gift Card,Thriller,10.1,2,0,2,0,0,1,0
CUST106399,61,Female,Central India,Standard,510.05,3,1,Smart TV,Gift Card,Comedy,17.1,8,2,2,0,1,1,0
CUST106400,43,Male,West India,Premium,807.64,12,5,Smart TV,Credit Card,Kids,10.8,42,0,3,0,1,0,1
CUST106401,41,Male,South India,Standard,504.35,20,5,Mobile,Debit Card,Kids,23.5,86,0,3,1,1,0,0
CUST106402,17,Male,North India,Standard,517.61,44,5,Mobile,Debit Card,Kids,13.0,62,0,1,0,1,0,0
CUST106403,64,Female,East India,Basic,184.94,20,2,Mobile,Credit Card,Comedy,8.6,9,0,1,1,1,0,0
CUST106404,37,Male,Central India,Premium,801.22,39,3,Mobile,Gift Card,Thriller,7.1,87,0,4,1,1,0,1
CUST106405,53,Female,North India,Basic,194.35,39,2,Mobile,Debit Card,Thriller,14.2,31,2,4,0,1,0,1
CUST106406,43,Female,Central India,Standard,501.12,1,3,Smart TV,Gift Card,Drama,13.6,67,0,3,0,0,0,1
CUST106407,33,Female,North India,Basic,188.52,44,1,Mobile,Net Banking,Romance,13.0,6,2,2,0,0,0,0
CUST106408,32,Male,Central India,Basic,174.66,3,1,Mobile,Credit Card,Comedy,6.0,44,0,2,1,0,0,1
CUST106409,51,Male,Central India,Basic,211.0,47,1,Smart TV,Gift Card,Action,8.2,45,0,3,1,0,0,1
CUST106410,34,Female,West India,Basic,235.19,9,3,Smart TV,Credit Card,Documentary,1.6,59,2,4,1,0,0,1
CUST106411,16,Female,East India,Standard,515.14,54,1,Mobile,UPI,Thriller,9.4,28,0,3,0,1,0,1
CUST106412,25,Female,South India,Basic,212.01,54,2,Laptop,Credit Card,Drama,12.1,63,1,2,0,1,0,0
CUST106413,57,Female,South India,Premium,802.83,20,3,Smart TV,Credit Card,Thriller,6.0,72,2,4,0,1,1,0
CUST106414,54,Male,North India,Standard,496.68,58,5,Mobile,Gift Card,Kids,7.7,45,2,1,0,0,0,1
CUST106415,62,Male,North India,Standard,497.57,9,3,Tablet,Credit Card,Romance,8.2,1,2,4,1,1,1,0
CUST106416,61,Female,West India,Standard,497.38,31,2,Mobile,UPI,Action,12.0,2,1,1,1,0,0,1
CUST106417,32,Female,North India,Standard,489.28,46,2,Smart TV,Net Banking,Documentary,3.0,83,2,1,0,1,1,1
CUST106418,64,Female,South India,Basic,174.18,28,2,Mobile,Debit Card,Documentary,6.6,41,0,2,0,1,0,0
CUST106419,25,Male,East India,Premium,801.98,35,1,Mobile,Net Banking,Thriller,2.2,67,0,1,1,1,0,1
CUST106420,29,Female,West India,Standard,494.82,40,5,Mobile,Credit Card,Documentary,8.2,61,2,2,0,1,1,1
CUST106421,66,Male,North India,Basic,216.09,38,5,Smart TV,UPI,Kids,11.9,29,2,4,0,0,1,0
CUST106422,48,Female,West India,Standard,510.09,44,4,Smart TV,UPI,Kids,13.1,30,1,4,0,1,0,1
CUST106423,45,Male,West India,Standard,468.53,2,2,Tablet,Net Banking,Documentary,13.6,40,1,4,1,0,1,0
CUST106424,13,Male,West India,Basic,224.71,3,1,Smart TV,Gift Card,Action,7.2,21,1,1,0,1,1,1
CUST106425,27,Female,North India,Premium,791.26,14,3,Tablet,Debit Card,Kids,16.1,72,2,3,1,1,0,1
CUST106426,25,Male,Central India,Basic,193.58,17,1,Mobile,Credit Card,Thriller,21.1,8,1,3,1,0,0,0
CUST106427,29,Male,North India,Standard,473.84,35,2,Mobile,Credit Card,Romance,8.5,30,1,1,1,1,0,1
CUST106428,36,Male,North India,Premium,803.0,4,1,Mobile,Net Banking,Drama,10.5,15,2,3,0,1,0,0
CUST106429,20,Male,North India,Basic,205.17,47,2,Laptop,UPI,Kids,8.5,34,1,3,0,0,0,1
CUST106430,62,Female,North India,Basic,224.71,30,3,Mobile,UPI,Drama,7.8,21,1,4,0,0,0,1
CUST106431,39,Female,North India,Basic,211.76,54,3,Tablet,Gift Card,Comedy,6.1,51,0,3,1,0,1,1
CUST106432,57,Female,West India,Basic,191.44,58,5,Mobile,Debit Card,Action,13.0,58,1,4,0,0,0,1
CUST106433,35,Female,West India,Basic,172.41,39,4,Laptop,Credit Card,Thriller,16.9,12,3,3,0,0,0,0
CUST106434,58,Female,North India,Premium,790.36,51,1,Smart TV,Net Banking,Documentary,2.1,50,1,4,0,0,0,0
CUST106435,20,Male,East India,Premium,814.66,14,4,Smart TV,Gift Card,Romance,13.5,38,2,1,1,1,1,0
CUST106436,20,Male,East India,Standard,493.04,48,1,Tablet,Debit Card,Action,5.0,58,0,1,1,1,1,1
CUST106437,38,Male,Central India,Standard,482.59,27,5,Laptop,Credit Card,Thriller,12.3,38,1,1,0,1,1,1
CUST106438,59,Male,East India,Premium,801.54,13,5,Tablet,Debit Card,Thriller,12.0,70,1,1,0,1,0,1
CUST106439,25,Female,South India,Standard,493.98,55,3,Smart TV,Credit Card,Action,12.9,88,0,4,0,0,0,1
CUST106440,51,Female,South India,Basic,192.15,20,3,Tablet,Debit Card,Kids,11.8,47,1,2,0,0,0,1
CUST106441,49,Male,East India,Standard,487.78,49,3,Smart TV,Debit Card,Action,8.2,64,1,1,0,1,0,0
CUST106442,61,Female,North India,Basic,200.64,49,1,Laptop,Net Banking,Action,9.0,49,2,4,0,1,1,0
CUST106443,40,Male,East India,Premium,814.39,24,4,Laptop,Gift Card,Comedy,18.2,45,1,4,1,0,0,1
CUST106444,37,Male,South India,Standard,506.71,10,4,Laptop,UPI,Documentary,10.7,34,1,4,1,0,0,1
CUST106445,28,Female,East India,Standard,470.09,7,3,Smart TV,Debit Card,Action,13.7,62,0,2,0,1,0,0
CUST106446,67,Female,West India,Standard,522.27,52,5,Laptop,Net Banking,Comedy,8.3,74,1,2,0,0,0,0
CUST106447,14,Female,Central India,Standard,510.27,17,4,Smart TV,UPI,Drama,9.8,81,2,3,1,0,1,0
CUST106448,66,Female,West India,Basic,203.56,22,5,Laptop,Gift Card,Kids,16.3,30,1,2,0,1,0,1
CUST106449,30,Female,West India,Standard,505.37,59,3,Mobile,Gift Card,Comedy,4.4,59,0,2,0,0,0,0
CUST106450,29,Female,Central India,Premium,807.77,44,1,Smart TV,Debit Card,Kids,10.1,15,0,2,0,0,0,0
CUST106451,42,Female,North India,Basic,204.84,11,2,Smart TV,Credit Card,Documentary,9.0,50,1,4,0,1,0,1
CUST106452,51,Male,Central India,Premium,784.58,42,4,Laptop,Gift Card,Drama,17.2,54,2,2,1,0,0,1
CUST106453,25,Female,North India,Standard,506.61,23,3,Smart TV,Net Banking,Action,19.9,36,1,1,0,1,0,0
CUST106454,44,Male,South India,Basic,201.44,54,3,Smart TV,Debit Card,Action,14.3,24,0,4,1,1,0,1
CUST106455,62,Male,East India,Standard,505.27,60,4,Mobile,Gift Card,Romance,18.6,27,2,3,0,1,0,1
CUST106456,41,Female,South India,Premium,789.46,22,2,Laptop,Debit Card,Action,4.0,23,2,4,1,0,0,1
CUST106457,58,Male,South India,Standard,515.38,40,1,Mobile,Credit Card,Action,0.0,20,2,3,0,0,1,1
CUST106458,42,Female,South India,Standard,490.59,47,4,Laptop,Gift Card,Drama,12.5,10,2,1,0,1,0,0
CUST106459,30,Male,East India,Standard,498.28,54,1,Smart TV,Debit Card,Comedy,14.8,52,1,3,1,1,1,0
CUST106460,25,Male,North India,Standard,491.38,18,3,Mobile,Net Banking,Romance,7.8,72,0,4,1,0,1,1
CUST106461,55,Male,Central India,Basic,184.04,55,4,Tablet,Gift Card,Kids,6.5,15,2,3,0,0,0,1
CUST106462,33,Female,North India,Basic,209.73,45,1,Mobile,Credit Card,Kids,12.0,10,2,4,0,1,0,1
CUST106463,42,Male,North India,Basic,191.49,26,5,Mobile,UPI,Romance,18.4,13,1,3,0,1,0,0
CUST106464,33,Male,West India,Basic,201.19,48,5,Mobile,UPI,Kids,11.9,42,0,2,0,0,1,1
CUST106465,60,Male,East India,Basic,178.15,30,5,Tablet,Debit Card,Comedy,15.6,78,1,3,0,1,0,1
CUST106466,67,Female,North India,Standard,471.73,13,1,Laptop,Gift Card,Thriller,15.3,85,0,4,1,1,1,0
CUST106467,29,Male,North India,Standard,524.96,4,5,Tablet,Gift Card,Comedy,13.2,41,1,1,1,1,0,0
CUST106468,52,Female,South India,Basic,222.8,43,3,Mobile,Credit Card,Comedy,17.1,85,1,3,1,0,0,0
CUST106469,31,Male,West India,Basic,189.93,27,1,Mobile,UPI,Kids,6.3,88,0,4,1,1,0,0
CUST106470,64,Male,Central India,Basic,205.83,51,3,Smart TV,Net Banking,Comedy,6.5,85,1,3,0,1,0,1
CUST106471,27,Male,West India,Standard,492.31,40,2,Smart TV,UPI,Comedy,6.6,66,0,1,0,0,1,0
CUST106472,21,Female,South India,Basic,209.01,10,1,Laptop,Gift Card,Kids,11.6,29,1,3,1,0,0,1
CUST106473,64,Male,South India,Standard,482.77,44,5,Smart TV,Net Banking,Kids,17.9,64,2,4,0,0,1,0
CUST106474,22,Male,South India,Standard,481.34,28,5,Mobile,Net Banking,Comedy,14.1,44,1,4,0,1,1,0
CUST106475,56,Male,East India,Standard,499.32,21,2,Mobile,Credit Card,Drama,0.0,2,0,1,0,0,0,1
CUST106476,43,Male,South India,Standard,504.73,52,4,Smart TV,Debit Card,Documentary,28.2,46,2,4,0,0,0,0
CUST106477,65,Female,North India,Basic,188.53,11,2,Mobile,Debit Card,Documentary,12.9,80,0,4,0,1,0,1
CUST106478,35,Male,East India,Basic,179.43,20,5,Tablet,Credit Card,Thriller,17.7,76,3,3,0,1,0,1
CUST106479,64,Male,South India,Basic,217.88,53,5,Tablet,Gift Card,Comedy,13.0,60,0,3,1,1,0,1
CUST106480,42,Male,East India,Basic,192.03,60,4,Laptop,Gift Card,Romance,2.3,55,2,1,1,0,0,1
CUST106481,45,Male,North India,Basic,192.19,36,2,Mobile,Debit Card,Action,13.6,7,3,3,0,0,1,0
CUST106482,69,Female,South India,Premium,817.49,19,3,Mobile,UPI,Documentary,3.3,31,2,4,1,1,0,0
CUST106483,64,Male,South India,Basic,232.62,52,2,Smart TV,Credit Card,Kids,12.5,56,2,2,0,1,1,0
CUST106484,21,Male,North India,Premium,803.91,10,3,Laptop,UPI,Action,13.4,25,1,2,0,1,1,0
CUST106485,66,Female,South India,Basic,212.19,15,5,Tablet,Credit Card,Thriller,16.4,69,0,4,0,1,0,0
CUST106486,59,Male,North India,Premium,781.93,45,5,Laptop,Credit Card,Action,8.1,75,1,4,0,1,0,0
CUST106487,13,Male,South India,Standard,509.96,45,2,Mobile,Debit Card,Comedy,0.0,7,0,3,1,1,0,0
CUST106488,56,Male,South India,Basic,211.82,53,5,Tablet,Debit Card,Comedy,9.0,19,3,4,0,0,0,1
CUST106489,47,Female,West India,Basic,184.64,60,4,Mobile,UPI,Drama,14.4,12,0,1,1,1,0,0
CUST106490,23,Male,East India,Standard,490.98,18,1,Laptop,Gift Card,Comedy,10.7,44,1,4,1,1,1,0
CUST106491,46,Female,Central India,Premium,817.35,7,3,Smart TV,Net Banking,Documentary,10.2,7,3,2,1,0,0,0
CUST106492,28,Female,West India,Standard,494.86,30,5,Smart TV,UPI,Comedy,8.2,17,0,4,1,0,1,1
CUST106493,21,Female,West India,Basic,220.36,14,3,Smart TV,Credit Card,Comedy,15.1,25,0,3,0,0,0,1
CUST106494,44,Female,East India,Standard,499.29,37,2,Laptop,Net Banking,Action,19.4,83,0,2,1,0,0,1
CUST106495,27,Female,West India,Basic,198.56,41,4,Smart TV,Net Banking,Thriller,9.5,32,1,4,0,0,1,0
CUST106496,24,Female,North India,Premium,813.64,30,3,Laptop,Net Banking,Comedy,15.2,7,2,2,0,0,0,0
CUST106497,45,Female,West India,Standard,529.79,54,5,Mobile,Net Banking,Documentary,16.2,75,4,2,0,1,1,0
CUST106498,57,Male,Central India,Basic,208.9,27,1,Laptop,Net Banking,Thriller,5.7,65,1,4,1,0,1,0
CUST106499,26,Male,North India,Basic,201.62,49,4,Tablet,UPI,Comedy,5.2,15,0,3,1,0,0,1
CUST106500,69,Female,East India,Basic,218.0,57,2,Smart TV,Debit Card,Thriller,17.0,42,1,3,0,1,0,1
CUST106501,69,Female,East India,Premium,819.04,37,5,Tablet,Debit Card,Documentary,6.0,10,3,2,0,0,0,0
CUST106502,20,Female,East India,Premium,807.02,48,4,Mobile,Credit Card,Action,8.8,80,2,3,0,0,1,0
CUST106503,20,Female,North India,Basic,204.68,41,5,Laptop,Gift Card,Action,12.7,43,1,4,0,0,0,1
CUST106504,39,Female,East India,Standard,509.52,17,2,Mobile,UPI,Drama,4.9,7,1,2,1,1,0,0
CUST106505,24,Female,East India,Premium,777.55,30,2,Smart TV,Net Banking,Documentary,9.4,86,2,3,0,0,0,1
CUST106506,13,Male,Central India,Basic,183.3,18,1,Smart TV,Debit Card,Romance,12.5,73,3,1,0,1,1,1
CUST106507,55,Male,South India,Basic,202.61,3,4,Smart TV,Credit Card,Kids,0.0,69,1,1,0,1,0,0
CUST106508,52,Female,South India,Basic,187.45,28,1,Smart TV,Net Banking,Comedy,10.9,64,2,3,1,1,1,1
CUST106509,54,Female,South India,Basic,199.55,37,1,Mobile,Credit Card,Kids,2.1,74,1,4,0,1,0,0
CUST106510,63,Female,East India,Basic,202.05,30,1,Tablet,Net Banking,Kids,7.5,86,4,1,0,1,0,1
CUST106511,23,Male,North India,Premium,784.27,54,3,Mobile,Net Banking,Comedy,9.3,66,1,3,1,1,0,0
CUST106512,51,Female,East India,Standard,507.95,21,2,Smart TV,Debit Card,Drama,0.0,77,3,3,1,0,0,0
CUST106513,55,Male,South India,Basic,170.45,49,1,Laptop,Debit Card,Documentary,8.0,76,1,4,1,1,0,1
CUST106514,43,Male,Central India,Standard,494.17,20,3,Laptop,Net Banking,Thriller,1.5,19,0,4,0,1,0,0
CUST106515,29,Male,East India,Standard,476.01,22,3,Laptop,Debit Card,Thriller,1.5,48,1,3,1,1,0,1
CUST106516,45,Female,East India,Standard,494.17,36,3,Smart TV,UPI,Kids,10.0,14,1,2,0,0,0,1
CUST106517,44,Female,East India,Basic,213.34,36,1,Smart TV,Net Banking,Romance,16.3,4,2,3,0,1,0,0
CUST106518,41,Male,North India,Basic,187.87,21,3,Smart TV,Debit Card,Action,14.7,52,0,4,0,1,1,1
CUST106519,33,Male,Central India,Standard,468.65,24,1,Smart TV,Credit Card,Thriller,6.0,40,2,2,1,1,0,0
CUST106520,33,Male,Central India,Basic,195.49,21,4,Smart TV,Credit Card,Thriller,3.2,84,0,4,1,1,0,1
CUST106521,52,Male,Central India,Basic,186.54,7,2,Laptop,Credit Card,Kids,8.9,48,2,3,0,1,0,1
CUST106522,35,Female,Central India,Standard,499.02,8,5,Smart TV,Gift Card,Kids,14.7,74,1,2,1,0,1,1
CUST106523,68,Male,South India,Basic,195.47,22,1,Laptop,Credit Card,Documentary,12.8,70,3,3,1,0,0,0
CUST106524,18,Female,East India,Premium,801.63,22,2,Smart TV,Credit Card,Romance,4.0,75,2,1,0,0,0,0
CUST106525,34,Male,Central India,Standard,516.59,30,1,Mobile,UPI,Kids,7.4,67,2,1,1,1,0,0
CUST106526,62,Female,West India,Basic,193.34,34,4,Laptop,UPI,Documentary,5.5,22,1,2,0,0,1,1
CUST106527,50,Male,West India,Basic,200.3,29,2,Laptop,Gift Card,Drama,0.0,25,2,3,1,1,1,1
CUST106528,49,Female,South India,Standard,494.15,10,2,Mobile,UPI,Kids,16.6,47,3,1,1,1,1,0
CUST106529,57,Female,West India,Standard,514.15,5,3,Laptop,Debit Card,Kids,13.4,59,1,3,1,0,1,1
CUST106530,63,Female,West India,Premium,801.35,49,1,Smart TV,Credit Card,Documentary,19.1,65,3,2,1,0,0,0
CUST106531,66,Male,West India,Standard,506.79,57,1,Mobile,Debit Card,Drama,18.3,15,2,4,0,1,1,0
CUST106532,20,Female,South India,Standard,510.4,39,5,Mobile,Gift Card,Drama,11.1,74,1,1,1,0,0,1
CUST106533,53,Male,East India,Premium,769.83,34,3,Mobile,Debit Card,Comedy,16.2,86,3,2,0,1,0,0
CUST106534,61,Female,South India,Standard,510.8,38,3,Laptop,Debit Card,Thriller,8.5,50,2,2,0,1,1,1
CUST106535,47,Female,North India,Standard,504.71,10,5,Mobile,Debit Card,Documentary,12.0,22,1,2,0,0,0,0
CUST106536,63,Male,North India,Standard,488.88,9,3,Mobile,UPI,Drama,6.9,50,2,4,1,1,0,1
CUST106537,23,Female,West India,Premium,818.33,60,3,Mobile,Credit Card,Romance,10.1,54,1,2,0,1,0,1
CUST106538,36,Female,West India,Standard,513.81,32,4,Mobile,Debit Card,Thriller,13.6,44,1,2,1,0,1,0
CUST106539,61,Male,East India,Standard,496.15,5,2,Smart TV,Net Banking,Kids,13.9,83,3,2,1,1,0,1
CUST106540,33,Female,West India,Standard,467.95,35,5,Smart TV,Credit Card,Documentary,0.0,79,1,1,0,1,0,0
CUST106541,63,Female,North India,Standard,498.14,11,4,Mobile,Credit Card,Kids,15.2,10,2,2,0,1,1,1
CUST106542,14,Female,West India,Basic,184.02,42,4,Laptop,Net Banking,Thriller,2.8,45,2,3,0,1,1,0
CUST106543,52,Female,East India,Standard,466.07,16,4,Mobile,Gift Card,Romance,6.9,87,1,3,0,0,0,1
CUST106544,31,Male,North India,Basic,207.72,27,3,Smart TV,Gift Card,Drama,0.0,57,0,2,0,0,0,0
CUST106545,51,Female,West India,Basic,221.9,20,5,Mobile,Credit Card,Thriller,6.1,25,1,1,0,0,1,1
CUST106546,40,Female,East India,Premium,797.59,51,3,Laptop,UPI,Kids,18.4,65,2,1,1,0,0,1
CUST106547,29,Female,East India,Basic,202.89,1,3,Mobile,Gift Card,Action,12.3,56,0,1,1,0,0,1
CUST106548,18,Female,North India,Basic,219.14,26,4,Smart TV,Gift Card,Thriller,10.8,78,1,2,1,0,0,0
CUST106549,31,Female,North India,Basic,201.67,11,1,Smart TV,Debit Card,Kids,21.6,44,0,3,0,1,0,0
CUST106550,68,Female,North India,Basic,189.86,15,5,Mobile,Debit Card,Action,5.8,21,0,1,1,0,0,0
CUST106551,50,Female,East India,Standard,465.57,39,5,Laptop,Gift Card,Kids,11.4,25,0,1,1,1,1,0
CUST106552,40,Female,North India,Basic,211.23,40,4,Smart TV,UPI,Documentary,17.2,48,2,4,0,1,0,1
CUST106553,14,Male,North India,Basic,205.27,48,4,Smart TV,Debit Card,Kids,15.5,67,2,3,0,0,0,0
CUST106554,50,Male,East India,Basic,212.91,18,2,Mobile,UPI,Romance,13.9,5,2,4,1,1,0,1
CUST106555,67,Male,East India,Basic,162.28,24,4,Smart TV,Credit Card,Drama,16.8,21,1,1,1,1,0,1
CUST106556,49,Male,North India,Basic,230.15,28,3,Mobile,UPI,Thriller,15.4,37,0,1,1,1,0,1
CUST106557,63,Female,North India,Standard,487.14,25,4,Smart TV,Debit Card,Thriller,13.9,22,3,2,0,1,0,1
CUST106558,64,Female,North India,Basic,215.39,23,5,Mobile,Net Banking,Romance,2.8,63,0,2,0,0,0,1
CUST106559,16,Male,East India,Basic,170.5,11,1,Laptop,UPI,Kids,10.4,88,1,2,0,0,1,0
CUST106560,34,Male,Central India,Premium,787.38,33,1,Mobile,Gift Card,Kids,16.4,66,2,1,0,0,0,1
CUST106561,38,Male,South India,Premium,790.84,16,3,Laptop,UPI,Thriller,5.9,19,2,3,1,0,1,0
CUST106562,61,Female,West India,Basic,183.67,36,1,Laptop,UPI,Drama,5.9,32,1,3,1,1,0,1
CUST106563,55,Female,South India,Basic,186.66,23,4,Tablet,UPI,Kids,10.4,19,1,1,1,1,0,0
CUST106564,48,Male,East India,Standard,523.3,6,1,Tablet,Gift Card,Romance,16.5,69,1,2,0,1,0,1
CUST106565,25,Male,Central India,Standard,493.91,43,4,Tablet,UPI,Thriller,5.1,75,1,3,0,1,0,1
CUST106566,64,Male,East India,Premium,830.94,24,2,Laptop,Net Banking,Documentary,5.7,43,1,1,1,0,1,0
CUST106567,44,Male,North India,Standard,514.83,38,5,Mobile,Gift Card,Romance,0.0,82,0,3,0,1,0,1
CUST106568,29,Male,West India,Standard,468.93,42,3,Smart TV,Net Banking,Documentary,5.2,24,2,2,0,1,1,0
CUST106569,53,Female,South India,Premium,793.87,6,2,Mobile,Net Banking,Documentary,14.7,48,0,2,1,1,0,1
CUST106570,48,Male,East India,Standard,493.21,10,1,Smart TV,Net Banking,Documentary,5.2,81,2,3,0,1,1,1
CUST106571,67,Female,Central India,Basic,184.8,22,3,Smart TV,Gift Card,Comedy,3.7,14,3,1,0,0,0,0
CUST106572,58,Male,North India,Standard,517.3,23,4,Tablet,Debit Card,Comedy,7.9,26,1,4,0,1,0,0
CUST106573,31,Male,Central India,Basic,211.93,5,2,Tablet,Gift Card,Documentary,7.7,87,0,4,0,0,0,1
CUST106574,47,Female,West India,Basic,231.36,28,5,Mobile,UPI,Thriller,14.8,20,1,3,1,1,0,1
CUST106575,58,Male,Central India,Premium,792.12,59,5,Smart TV,Net Banking,Documentary,2.6,78,0,2,1,1,0,1
CUST106576,52,Female,Central India,Basic,205.57,9,2,Smart TV,UPI,Comedy,0.5,25,1,2,1,0,0,1
CUST106577,68,Female,North India,Basic,193.71,39,2,Smart TV,Net Banking,Comedy,16.7,9,3,1,0,0,0,0
CUST106578,40,Male,Central India,Premium,793.03,49,2,Smart TV,Net Banking,Romance,13.0,66,1,3,0,0,0,1
CUST106579,13,Male,North India,Standard,511.17,59,1,Tablet,UPI,Romance,2.8,37,1,4,1,0,0,1
CUST106580,54,Female,West India,Basic,232.02,44,5,Laptop,Credit Card,Drama,16.9,54,1,2,1,1,0,0
CUST106581,30,Female,East India,Basic,213.77,28,5,Mobile,Net Banking,Drama,0.0,68,1,3,1,0,0,1
CUST106582,60,Male,North India,Basic,212.16,25,1,Mobile,Credit Card,Thriller,15.5,87,2,4,0,1,0,1
CUST106583,52,Female,East India,Basic,198.12,43,3,Laptop,Gift Card,Romance,16.7,68,1,4,1,0,0,0
CUST106584,45,Male,South India,Premium,811.71,38,5,Smart TV,Net Banking,Drama,19.1,31,2,1,1,1,0,1
CUST106585,24,Female,Central India,Basic,216.67,27,3,Smart TV,Net Banking,Action,2.8,89,1,3,1,0,0,1
CUST106586,20,Male,East India,Standard,486.12,24,3,Tablet,Gift Card,Action,9.8,47,1,3,0,1,0,1
CUST106587,36,Female,Central India,Basic,199.62,57,3,Mobile,UPI,Romance,1.1,26,1,3,0,1,0,1
CUST106588,28,Female,North India,Premium,794.14,43,5,Smart TV,UPI,Kids,18.5,75,3,1,0,0,0,1
CUST106589,62,Male,Central India,Standard,489.51,43,4,Tablet,Credit Card,Drama,14.0,31,3,2,1,1,1,0
CUST106590,16,Female,West India,Premium,813.75,46,3,Smart TV,Gift Card,Action,10.5,35,1,3,0,0,1,0
CUST106591,50,Female,East India,Standard,495.47,16,4,Smart TV,Net Banking,Kids,5.3,54,1,1,0,1,0,1
CUST106592,56,Female,Central India,Premium,806.11,2,1,Mobile,Credit Card,Comedy,8.7,69,3,2,1,0,1,1
CUST106593,39,Female,East India,Premium,806.24,2,4,Mobile,UPI,Documentary,10.2,12,0,1,0,1,0,1
CUST106594,21,Female,East India,Standard,494.95,5,4,Mobile,Net Banking,Romance,17.2,49,0,3,1,0,0,1
CUST106595,59,Female,West India,Basic,177.17,46,2,Smart TV,UPI,Documentary,14.3,17,2,2,0,1,0,0
CUST106596,28,Female,North India,Basic,193.74,21,3,Smart TV,Credit Card,Action,8.0,28,2,1,0,1,1,0
CUST106597,68,Male,Central India,Basic,206.92,60,5,Tablet,UPI,Romance,5.3,9,1,1,0,1,1,1
CUST106598,24,Female,South India,Basic,203.54,10,2,Mobile,UPI,Comedy,12.7,38,1,4,0,1,0,0
CUST106599,43,Female,East India,Standard,469.74,42,4,Mobile,Gift Card,Romance,15.1,2,0,1,1,0,1,0
CUST106600,36,Male,North India,Standard,511.17,18,1,Mobile,Credit Card,Comedy,16.4,81,2,4,0,1,0,1
CUST106601,67,Female,South India,Standard,490.7,26,5,Laptop,Net Banking,Romance,4.8,47,1,1,1,0,1,1
CUST106602,26,Female,East India,Basic,207.59,20,1,Tablet,UPI,Drama,8.0,41,2,2,0,0,0,0
CUST106603,57,Male,South India,Basic,211.22,41,4,Laptop,UPI,Romance,14.1,46,3,4,0,0,1,0
CUST106604,37,Female,Central India,Basic,206.05,36,1,Laptop,Debit Card,Kids,6.3,25,1,3,1,1,1,0
CUST106605,46,Female,Central India,Standard,527.23,49,2,Mobile,Credit Card,Kids,11.7,31,0,2,0,0,1,0
CUST106606,15,Male,East India,Standard,513.99,21,1,Mobile,Credit Card,Comedy,10.7,26,0,3,1,1,0,0
CUST106607,36,Male,East India,Basic,192.2,2,2,Laptop,Net Banking,Comedy,6.2,74,1,3,1,1,1,1
CUST106608,66,Female,Central India,Standard,493.73,46,3,Smart TV,Gift Card,Comedy,18.3,69,1,4,0,1,0,0
CUST106609,54,Female,North India,Standard,497.87,54,5,Mobile,Net Banking,Kids,9.8,7,3,2,0,0,0,0
CUST106610,21,Male,South India,Premium,793.73,33,1,Smart TV,Credit Card,Documentary,5.7,87,0,1,0,1,0,0
CUST106611,38,Female,East India,Basic,204.54,23,2,Mobile,UPI,Action,15.7,17,2,1,0,1,0,0
CUST106612,32,Male,East India,Standard,481.99,39,4,Smart TV,Gift Card,Drama,19.8,72,1,3,0,1,0,0
CUST106613,52,Male,West India,Basic,219.73,31,4,Tablet,Gift Card,Drama,10.5,21,0,2,0,0,0,0
CUST106614,22,Male,South India,Basic,199.62,4,2,Mobile,Credit Card,Drama,5.1,62,2,1,1,0,0,1
CUST106615,31,Female,Central India,Standard,519.3,41,5,Smart TV,Credit Card,Thriller,1.9,49,2,4,0,0,0,1
CUST106616,15,Male,East India,Standard,481.25,3,3,Mobile,Net Banking,Action,9.6,73,0,4,0,1,1,0
CUST106617,36,Male,East India,Basic,181.3,37,3,Tablet,Debit Card,Documentary,24.7,0,2,3,0,1,0,0
CUST106618,17,Male,Central India,Basic,215.19,53,5,Mobile,Credit Card,Kids,13.1,2,1,3,1,1,0,1
CUST106619,15,Female,South India,Standard,489.29,56,1,Smart TV,Credit Card,Action,5.9,89,0,1,1,0,1,0
CUST106620,39,Female,North India,Standard,484.05,10,2,Mobile,Net Banking,Drama,8.8,55,3,2,0,1,0,0
CUST106621,28,Female,Central India,Standard,516.46,42,3,Laptop,Credit Card,Documentary,5.1,6,0,2,0,1,1,1
CUST106622,61,Male,North India,Premium,786.82,32,5,Mobile,Net Banking,Action,11.8,26,0,3,0,1,0,1
CUST106623,27,Female,East India,Standard,498.72,36,3,Smart TV,Credit Card,Romance,0.6,14,1,1,0,0,0,1
CUST106624,47,Female,North India,Standard,490.88,49,3,Mobile,UPI,Kids,12.2,86,1,1,1,1,1,0
CUST106625,24,Male,North India,Standard,510.37,27,1,Laptop,Credit Card,Comedy,10.1,84,1,2,1,1,0,1
CUST106626,53,Male,Central India,Premium,802.4,53,3,Mobile,Debit Card,Action,19.5,76,0,1,0,1,1,1
CUST106627,65,Female,East India,Standard,512.67,49,2,Mobile,Gift Card,Kids,13.1,31,0,4,0,1,0,0
CUST106628,56,Female,South India,Basic,181.02,19,5,Laptop,Net Banking,Comedy,15.9,48,1,3,0,1,1,0
CUST106629,38,Male,West India,Basic,202.62,38,1,Laptop,Debit Card,Drama,14.4,83,2,4,1,1,0,0
CUST106630,59,Female,North India,Premium,800.37,1,1,Smart TV,Net Banking,Comedy,11.3,68,1,1,1,1,1,1
CUST106631,46,Male,East India,Basic,187.77,26,5,Mobile,Debit Card,Thriller,13.5,31,2,4,1,1,0,1
CUST106632,35,Male,West India,Standard,483.46,46,2,Smart TV,Net Banking,Documentary,11.3,52,0,4,0,0,1,0
CUST106633,43,Female,South India,Premium,797.69,13,3,Smart TV,Net Banking,Comedy,3.0,27,1,3,0,1,0,1
CUST106634,62,Female,West India,Standard,494.64,35,3,Smart TV,Gift Card,Documentary,13.3,75,2,1,0,1,0,0
CUST106635,32,Female,South India,Standard,516.7,55,2,Mobile,Credit Card,Kids,8.8,69,2,3,0,1,0,0
CUST106636,24,Female,West India,Basic,211.39,2,4,Tablet,Net Banking,Comedy,19.9,89,2,1,0,1,0,0
CUST106637,35,Male,South India,Standard,488.71,22,5,Mobile,Net Banking,Kids,5.2,80,2,1,1,1,0,0
CUST106638,16,Female,North India,Basic,195.15,39,2,Mobile,Gift Card,Drama,1.8,35,0,3,0,1,0,0
CUST106639,35,Female,West India,Premium,807.2,28,3,Mobile,Net Banking,Action,14.9,61,1,1,0,1,0,0
CUST106640,60,Female,South India,Standard,508.85,44,5,Tablet,Net Banking,Kids,0.0,9,2,3,0,1,0,0
CUST106641,67,Male,East India,Standard,516.83,2,5,Laptop,UPI,Comedy,15.6,89,2,2,0,1,1,1
CUST106642,60,Female,Central India,Standard,498.04,11,3,Laptop,UPI,Romance,15.8,79,0,1,0,1,1,0
CUST106643,13,Female,West India,Basic,201.39,48,2,Mobile,UPI,Drama,8.0,79,3,4,0,0,0,1
CUST106644,66,Male,West India,Basic,172.3,59,4,Smart TV,Gift Card,Comedy,8.4,13,2,2,0,1,0,0
CUST106645,37,Male,West India,Basic,182.35,37,5,Mobile,Net Banking,Thriller,3.6,24,0,3,0,0,0,1
CUST106646,14,Male,West India,Standard,512.67,26,5,Tablet,Gift Card,Documentary,5.5,64,2,4,1,0,0,1
CUST106647,42,Male,Central India,Standard,482.62,28,5,Smart TV,Gift Card,Comedy,11.3,38,2,4,1,1,0,0
CUST106648,15,Male,West India,Standard,473.87,26,2,Smart TV,Debit Card,Drama,13.6,42,0,1,0,1,0,0
CUST106649,33,Female,North India,Standard,510.53,17,5,Mobile,Credit Card,Drama,7.9,79,1,3,0,1,0,1
CUST106650,37,Male,North India,Premium,793.08,3,3,Smart TV,Debit Card,Action,7.3,85,1,1,0,1,0,1
CUST106651,32,Male,East India,Basic,187.08,14,3,Laptop,Credit Card,Documentary,11.2,49,1,2,0,0,0,1
CUST106652,61,Male,Central India,Standard,476.82,16,1,Smart TV,Debit Card,Kids,14.5,22,1,4,0,1,0,1
CUST106653,64,Male,East India,Basic,176.92,49,5,Smart TV,Net Banking,Action,10.5,1,2,4,0,1,0,1
CUST106654,34,Male,North India,Standard,492.3,60,4,Smart TV,Gift Card,Romance,12.5,14,2,1,1,1,0,0
CUST106655,33,Male,West India,Basic,196.88,51,1,Laptop,Debit Card,Documentary,8.8,43,1,4,1,1,1,0
CUST106656,45,Male,West India,Standard,517.66,36,5,Laptop,Debit Card,Documentary,0.0,43,1,2,0,1,0,0
CUST106657,64,Male,South India,Basic,197.0,28,5,Mobile,Net Banking,Comedy,15.2,62,1,1,1,1,0,0
CUST106658,50,Female,Central India,Basic,194.19,28,2,Mobile,Gift Card,Action,0.0,36,0,2,1,0,0,1
CUST106659,27,Female,South India,Premium,794.66,53,2,Smart TV,Credit Card,Action,4.1,4,0,4,1,1,0,0
CUST106660,58,Female,Central India,Basic,165.21,52,3,Mobile,Debit Card,Action,11.0,31,1,3,0,1,1,1
CUST106661,64,Male,Central India,Standard,491.65,52,1,Mobile,Credit Card,Drama,6.0,86,1,4,0,0,1,1
CUST106662,27,Male,West India,Standard,508.52,25,1,Mobile,UPI,Thriller,10.4,22,0,3,1,1,1,1
CUST106663,58,Male,West India,Standard,500.3,57,1,Smart TV,Debit Card,Comedy,18.2,69,2,3,1,1,0,0
CUST106664,37,Female,East India,Standard,510.64,9,3,Mobile,Gift Card,Kids,0.4,47,0,1,0,1,0,1
CUST106665,33,Male,North India,Standard,515.23,11,4,Smart TV,UPI,Action,11.3,32,2,1,0,1,1,0
CUST106666,36,Male,North India,Basic,174.32,37,4,Tablet,UPI,Documentary,0.0,19,0,1,1,1,0,0
CUST106667,69,Male,West India,Basic,189.24,43,4,Laptop,Debit Card,Kids,8.3,1,2,1,0,1,0,1
CUST106668,17,Female,North India,Premium,814.06,45,1,Laptop,Debit Card,Kids,5.7,83,0,4,0,0,0,1
CUST106669,18,Female,Central India,Standard,500.57,21,5,Mobile,UPI,Documentary,1.0,86,2,3,1,1,1,1
CUST106670,61,Male,North India,Premium,796.76,2,1,Mobile,Debit Card,Comedy,17.8,89,1,3,0,1,1,0
CUST106671,55,Female,East India,Standard,514.5,54,5,Mobile,Gift Card,Romance,11.7,53,1,3,0,0,1,0
CUST106672,60,Male,North India,Standard,487.12,34,2,Tablet,Gift Card,Drama,18.2,25,1,2,0,0,1,0
CUST106673,56,Male,North India,Premium,788.03,42,3,Smart TV,UPI,Romance,5.1,1,1,3,1,0,0,1
CUST106674,59,Female,East India,Standard,487.04,13,4,Mobile,Debit Card,Action,16.4,65,1,2,1,1,0,1
CUST106675,35,Female,East India,Standard,479.06,5,1,Smart TV,UPI,Thriller,12.8,73,0,2,0,0,0,1
CUST106676,16,Female,West India,Standard,495.68,11,1,Mobile,Gift Card,Drama,2.1,27,1,1,0,1,0,1
CUST106677,39,Female,East India,Standard,501.71,29,2,Smart TV,Debit Card,Comedy,3.6,14,0,2,1,0,0,0
CUST106678,30,Male,West India,Standard,483.34,47,5,Mobile,Gift Card,Action,3.4,81,2,4,1,1,1,1
CUST106679,33,Male,Central India,Basic,197.39,28,4,Mobile,Debit Card,Comedy,11.6,51,1,1,0,1,0,0
CUST106680,40,Female,South India,Standard,490.03,28,3,Mobile,Net Banking,Comedy,11.4,38,2,4,1,1,0,1
CUST106681,47,Female,North India,Basic,197.85,5,5,Mobile,Gift Card,Comedy,19.0,75,1,2,0,1,0,1
CUST106682,34,Male,East India,Basic,220.67,20,5,Laptop,Credit Card,Comedy,4.3,13,0,3,0,1,0,1
CUST106683,52,Male,North India,Standard,500.29,37,4,Smart TV,Debit Card,Thriller,12.9,30,2,4,0,0,1,1
CUST106684,35,Male,Central India,Basic,200.59,39,3,Mobile,Net Banking,Comedy,11.3,72,1,2,0,1,0,0
CUST106685,15,Male,South India,Premium,829.57,10,4,Smart TV,Net Banking,Documentary,5.3,45,2,1,1,1,1,0
CUST106686,52,Female,East India,Premium,791.39,32,4,Mobile,Net Banking,Comedy,14.5,39,3,4,0,1,1,1
CUST106687,62,Female,West India,Premium,808.19,29,1,Smart TV,Gift Card,Thriller,8.0,58,3,2,0,0,0,0
CUST106688,22,Female,West India,Standard,491.03,2,3,Mobile,Credit Card,Comedy,10.9,25,0,4,1,0,0,1
CUST106689,37,Male,East India,Standard,510.79,1,5,Mobile,Net Banking,Action,10.8,15,2,1,0,1,0,1
CUST106690,64,Male,East India,Standard,485.43,20,4,Mobile,UPI,Drama,6.3,1,0,4,0,1,0,1
CUST106691,61,Female,Central India,Standard,493.98,55,2,Smart TV,Debit Card,Thriller,12.4,80,2,1,1,1,0,0
CUST106692,20,Female,South India,Basic,190.58,1,3,Tablet,Debit Card,Kids,13.4,62,0,3,1,0,1,0
CUST106693,67,Female,East India,Basic,183.35,4,2,Mobile,Credit Card,Kids,16.6,24,0,3,1,0,1,1
CUST106694,23,Male,West India,Standard,467.11,15,5,Mobile,Credit Card,Action,8.0,66,2,2,0,0,0,1
CUST106695,17,Female,South India,Basic,205.11,47,3,Mobile,Gift Card,Thriller,8.8,40,1,2,0,0,0,1
CUST106696,57,Male,East India,Basic,189.45,30,1,Mobile,UPI,Drama,2.9,54,0,4,1,1,0,1
CUST106697,65,Female,South India,Standard,494.93,6,3,Mobile,Debit Card,Documentary,6.8,2,0,4,0,0,0,1
CUST106698,67,Female,Central India,Basic,197.06,38,5,Mobile,Net Banking,Romance,5.4,26,1,4,0,0,0,1
CUST106699,49,Female,East India,Basic,177.01,1,1,Laptop,Net Banking,Drama,11.5,13,1,2,0,1,0,0
CUST106700,68,Male,East India,Basic,193.1,7,5,Mobile,Debit Card,Documentary,14.4,32,0,1,0,0,0,0
CUST106701,57,Male,South India,Standard,472.2,5,3,Laptop,UPI,Comedy,16.1,84,0,3,1,1,0,1
CUST106702,50,Male,East India,Standard,492.11,54,5,Mobile,UPI,Action,17.0,9,2,1,0,0,1,0
CUST106703,41,Male,South India,Standard,521.47,49,3,Mobile,Net Banking,Thriller,13.6,52,1,3,1,0,0,0
CUST106704,17,Male,South India,Basic,190.93,7,1,Laptop,Debit Card,Romance,9.8,80,1,4,0,0,0,1
CUST106705,21,Male,East India,Standard,481.79,36,3,Laptop,Net Banking,Documentary,0.9,70,2,4,0,1,0,1
CUST106706,60,Female,West India,Standard,491.65,3,5,Mobile,Gift Card,Kids,12.7,39,3,2,0,0,0,0
CUST106707,14,Male,Central India,Standard,522.53,12,5,Mobile,Debit Card,Thriller,4.4,23,6,3,1,1,1,1
CUST106708,13,Female,South India,Standard,492.26,59,5,Mobile,UPI,Drama,8.5,9,3,2,0,0,0,1
CUST106709,52,Male,West India,Standard,475.75,15,2,Mobile,Net Banking,Comedy,9.2,48,1,3,1,1,1,0
CUST106710,63,Female,South India,Standard,471.62,20,2,Tablet,Credit Card,Drama,4.5,27,1,2,0,1,1,1
CUST106711,42,Female,West India,Standard,492.92,41,2,Smart TV,Credit Card,Documentary,5.2,32,0,4,0,1,1,1
CUST106712,23,Male,East India,Basic,211.2,21,4,Tablet,Gift Card,Action,10.3,46,0,3,0,1,0,1
CUST106713,40,Female,Central India,Standard,505.62,32,3,Mobile,Credit Card,Documentary,8.9,12,1,2,1,0,0,0
CUST106714,56,Male,West India,Standard,515.47,12,2,Smart TV,Gift Card,Documentary,8.6,43,1,1,0,0,0,1
CUST106715,24,Male,North India,Standard,508.42,37,5,Mobile,Gift Card,Romance,5.6,26,0,2,1,0,0,1
CUST106716,51,Male,South India,Standard,499.17,40,5,Laptop,UPI,Kids,15.8,74,0,2,0,1,0,0
CUST106717,38,Male,West India,Premium,759.39,47,2,Mobile,UPI,Drama,0.6,73,0,3,0,1,0,0
CUST106718,25,Female,Central India,Premium,819.77,7,2,Smart TV,Debit Card,Documentary,22.2,28,0,1,0,1,1,0
CUST106719,20,Male,Central India,Standard,477.15,51,5,Mobile,Net Banking,Action,9.9,77,0,4,0,1,1,0
CUST106720,66,Female,Central India,Standard,533.66,45,2,Smart TV,Credit Card,Comedy,6.0,84,1,2,0,0,0,0
CUST106721,40,Female,West India,Basic,187.5,31,4,Smart TV,Net Banking,Drama,0.6,39,1,4,0,1,0,1
CUST106722,42,Female,West India,Standard,488.12,1,4,Laptop,Net Banking,Documentary,2.9,88,1,3,1,1,1,1
CUST106723,21,Male,East India,Standard,491.01,60,4,Mobile,Gift Card,Thriller,11.1,6,2,2,1,1,1,0
CUST106724,51,Female,North India,Basic,199.21,11,1,Smart TV,Credit Card,Romance,7.3,78,1,2,1,1,1,1
CUST106725,43,Male,West India,Basic,178.44,45,4,Smart TV,UPI,Comedy,1.9,71,0,1,0,0,0,1
CUST106726,33,Female,East India,Basic,185.73,34,5,Mobile,Net Banking,Drama,2.2,85,1,3,0,1,0,0
CUST106727,68,Male,South India,Basic,213.02,19,1,Smart TV,Gift Card,Romance,6.0,76,2,1,1,0,0,1
CUST106728,59,Male,North India,Basic,219.12,11,5,Tablet,UPI,Action,7.2,38,1,2,0,1,1,0
CUST106729,46,Male,Central India,Basic,182.42,33,5,Tablet,Gift Card,Action,14.4,24,0,3,0,1,0,0
CUST106730,67,Male,North India,Standard,504.0,33,2,Mobile,Net Banking,Comedy,6.6,27,0,3,0,0,0,0
CUST106731,43,Female,South India,Basic,191.15,8,3,Laptop,Net Banking,Action,25.1,50,0,1,1,0,0,0
CUST106732,64,Female,West India,Standard,506.53,45,4,Laptop,Net Banking,Drama,11.2,79,1,3,0,1,0,1
CUST106733,37,Male,West India,Premium,785.54,8,3,Mobile,Credit Card,Drama,14.0,70,2,2,1,1,0,1
CUST106734,24,Female,East India,Basic,209.97,34,3,Smart TV,Credit Card,Kids,17.0,48,1,2,1,0,0,0
CUST106735,13,Male,West India,Premium,797.0,40,2,Laptop,Net Banking,Drama,1.6,56,0,2,1,0,1,1
CUST106736,67,Male,West India,Standard,491.62,27,3,Smart TV,Credit Card,Kids,6.3,69,1,4,0,1,0,0
CUST106737,34,Female,North India,Basic,198.44,29,4,Mobile,Gift Card,Documentary,8.4,14,0,4,1,1,0,0
CUST106738,52,Male,South India,Basic,220.67,14,1,Smart TV,Gift Card,Action,16.9,1,3,2,1,1,0,1
CUST106739,49,Male,Central India,Basic,197.58,34,5,Mobile,Debit Card,Documentary,9.7,11,1,3,0,1,1,1
CUST106740,59,Male,Central India,Basic,203.27,45,4,Mobile,UPI,Action,10.6,77,0,3,0,1,0,0
CUST106741,13,Male,East India,Basic,200.35,59,2,Laptop,Gift Card,Kids,15.3,52,1,4,0,1,0,1
CUST106742,13,Male,South India,Basic,200.41,37,1,Mobile,UPI,Action,15.2,59,1,1,0,1,0,0
CUST106743,69,Female,North India,Basic,217.27,1,2,Laptop,Debit Card,Action,19.3,65,0,4,0,0,0,1
CUST106744,54,Female,Central India,Standard,511.49,9,4,Mobile,Debit Card,Thriller,1.1,42,2,3,0,1,0,0
CUST106745,66,Female,East India,Basic,178.6,52,5,Smart TV,UPI,Documentary,6.5,33,0,4,1,1,0,1
CUST106746,54,Male,West India,Premium,807.23,10,3,Smart TV,Net Banking,Comedy,7.6,27,2,2,0,0,0,0
CUST106747,33,Male,West India,Basic,223.18,30,3,Laptop,UPI,Documentary,5.1,4,2,1,0,1,1,0
CUST106748,27,Male,North India,Premium,795.51,43,2,Laptop,Gift Card,Kids,12.4,34,3,3,0,0,0,1
CUST106749,29,Male,Central India,Basic,211.82,18,1,Laptop,UPI,Action,14.0,15,0,4,0,1,0,0
CUST106750,34,Male,West India,Standard,457.52,17,5,Smart TV,Gift Card,Comedy,0.0,37,1,1,0,1,1,0
CUST106751,50,Male,East India,Basic,184.51,6,2,Mobile,Gift Card,Comedy,13.8,45,1,2,1,1,1,1
CUST106752,47,Female,East India,Standard,534.92,11,5,Smart TV,Gift Card,Comedy,5.9,43,2,2,0,1,1,0
CUST106753,57,Male,Central India,Basic,210.45,24,2,Mobile,Net Banking,Thriller,10.1,43,2,4,1,0,0,1
CUST106754,28,Female,North India,Standard,502.27,36,1,Mobile,Net Banking,Drama,4.5,4,0,1,0,1,0,1
CUST106755,20,Male,East India,Basic,226.61,33,4,Mobile,Debit Card,Action,14.7,45,1,2,0,0,0,1
CUST106756,59,Female,South India,Standard,482.34,33,3,Mobile,Credit Card,Action,4.5,45,1,4,0,0,0,1
CUST106757,29,Male,East India,Basic,218.04,54,5,Mobile,Net Banking,Documentary,9.7,76,0,3,0,1,0,0
CUST106758,29,Female,North India,Standard,486.14,18,5,Mobile,Net Banking,Comedy,13.5,64,1,3,0,0,1,1
CUST106759,66,Female,East India,Basic,200.42,5,1,Smart TV,Debit Card,Thriller,11.9,28,2,3,0,0,0,1
CUST106760,38,Male,West India,Basic,174.63,31,5,Mobile,Debit Card,Romance,5.0,1,2,2,0,1,1,1
CUST106761,25,Male,North India,Standard,493.25,16,4,Mobile,Debit Card,Romance,9.5,62,1,3,1,0,0,1
CUST106762,29,Female,West India,Premium,818.85,2,4,Smart TV,UPI,Romance,9.5,80,2,3,0,1,0,1
CUST106763,50,Male,West India,Standard,491.34,9,1,Mobile,Gift Card,Comedy,13.9,35,0,2,0,1,0,1
CUST106764,29,Male,Central India,Standard,506.4,2,2,Mobile,Net Banking,Documentary,8.7,37,4,4,0,1,0,0
CUST106765,60,Male,North India,Standard,491.7,37,2,Smart TV,Gift Card,Drama,8.4,87,0,2,0,1,0,0
CUST106766,26,Female,West India,Standard,505.46,20,5,Smart TV,Credit Card,Action,8.3,17,0,3,1,0,0,0
CUST106767,57,Male,Central India,Basic,210.17,59,5,Tablet,Debit Card,Comedy,1.5,7,0,3,1,1,0,1
CUST106768,18,Female,Central India,Basic,188.83,17,1,Mobile,Credit Card,Action,15.4,27,6,1,1,0,0,1
CUST106769,47,Female,West India,Premium,786.02,58,4,Smart TV,Debit Card,Documentary,17.0,3,1,2,0,0,0,1
CUST106770,58,Male,West India,Standard,492.97,25,1,Mobile,Debit Card,Kids,19.3,37,1,3,0,0,1,0
CUST106771,26,Female,South India,Standard,492.64,19,2,Mobile,Credit Card,Drama,12.6,81,0,4,0,0,0,1
CUST106772,59,Male,North India,Standard,468.64,42,4,Mobile,Gift Card,Romance,2.7,63,3,1,0,1,1,1
CUST106773,20,Male,Central India,Standard,504.02,8,5,Smart TV,Credit Card,Thriller,0.0,71,1,3,0,0,0,1
CUST106774,27,Female,North India,Standard,504.72,52,2,Mobile,UPI,Drama,11.8,57,0,2,1,0,0,0
CUST106775,66,Female,Central India,Standard,472.05,11,3,Laptop,Net Banking,Kids,5.8,62,2,3,0,1,0,1
CUST106776,39,Female,East India,Basic,211.58,13,2,Laptop,Net Banking,Thriller,7.8,19,1,2,1,1,0,0
CUST106777,25,Female,East India,Standard,493.0,13,4,Mobile,Gift Card,Comedy,8.8,59,0,2,0,1,0,0
CUST106778,61,Female,Central India,Standard,503.92,9,4,Mobile,Gift Card,Kids,11.7,34,1,1,1,1,0,0
CUST106779,43,Male,South India,Premium,795.28,5,1,Smart TV,Gift Card,Drama,6.9,80,0,4,0,1,1,1
CUST106780,65,Female,East India,Standard,503.89,18,4,Mobile,Credit Card,Comedy,14.4,36,0,4,0,1,0,0
CUST106781,68,Male,North India,Standard,500.76,40,3,Laptop,Credit Card,Drama,5.6,74,1,1,0,1,0,0
CUST106782,47,Male,West India,Basic,212.17,52,3,Tablet,Credit Card,Comedy,8.4,62,0,3,0,0,0,1
CUST106783,18,Female,North India,Basic,199.03,14,4,Mobile,Debit Card,Documentary,14.1,34,3,1,0,1,0,1
CUST106784,17,Female,North India,Premium,810.31,34,5,Laptop,Credit Card,Documentary,8.0,51,0,4,0,1,0,0
CUST106785,34,Female,North India,Standard,520.37,22,4,Smart TV,Net Banking,Thriller,18.3,17,2,1,1,1,0,1
CUST106786,61,Female,Central India,Basic,197.77,48,5,Smart TV,Net Banking,Drama,5.6,56,3,3,1,1,1,1
CUST106787,35,Female,Central India,Standard,495.05,33,4,Mobile,Debit Card,Kids,16.2,19,1,2,0,1,0,0
CUST106788,37,Male,North India,Basic,207.44,24,2,Mobile,Credit Card,Drama,2.6,58,0,3,0,0,1,0
CUST106789,46,Male,West India,Standard,468.09,57,4,Smart TV,Credit Card,Kids,7.2,67,1,2,0,1,0,0
CUST106790,38,Male,South India,Basic,185.89,55,2,Smart TV,UPI,Thriller,14.7,25,0,3,1,1,1,0
CUST106791,59,Female,South India,Premium,785.36,29,5,Tablet,UPI,Romance,20.4,12,2,2,1,0,0,0
CUST106792,17,Female,East India,Standard,507.28,13,4,Smart TV,Net Banking,Kids,13.1,20,1,3,0,1,0,0
CUST106793,38,Male,East India,Basic,201.25,57,5,Smart TV,Gift Card,Romance,14.6,87,2,1,0,1,0,1
CUST106794,32,Female,West India,Premium,818.02,50,3,Tablet,Net Banking,Comedy,13.2,54,0,1,0,1,0,1
CUST106795,18,Female,North India,Premium,817.12,27,1,Mobile,Debit Card,Romance,8.9,41,1,1,0,1,0,1
CUST106796,18,Female,Central India,Basic,169.58,1,5,Mobile,Credit Card,Drama,0.0,82,1,2,1,1,0,1
CUST106797,62,Male,East India,Premium,773.7,7,2,Smart TV,UPI,Romance,5.2,22,1,2,1,0,0,1
CUST106798,30,Female,North India,Premium,799.58,4,1,Mobile,Net Banking,Thriller,6.3,69,0,4,1,1,1,1
CUST106799,16,Male,South India,Standard,475.8,10,4,Tablet,Debit Card,Thriller,4.3,43,2,2,0,1,0,1
CUST106800,29,Female,West India,Premium,769.42,40,2,Smart TV,Gift Card,Romance,0.9,25,0,2,0,0,1,0
CUST106801,69,Female,Central India,Standard,487.93,35,1,Mobile,Net Banking,Drama,19.9,64,2,4,0,0,0,0
CUST106802,26,Male,Central India,Standard,467.72,55,1,Mobile,Credit Card,Action,6.2,75,0,4,0,1,1,1
CUST106803,26,Female,East India,Premium,783.59,39,5,Smart TV,Credit Card,Kids,1.8,50,2,3,1,1,0,1
CUST106804,25,Female,North India,Standard,509.67,59,4,Mobile,UPI,Comedy,27.3,73,1,4,0,1,0,0
CUST106805,19,Female,Central India,Standard,491.71,58,4,Mobile,Debit Card,Action,16.0,89,1,4,0,1,0,0
CUST106806,56,Male,South India,Basic,221.47,57,4,Smart TV,Gift Card,Action,4.4,26,1,2,0,1,1,1
CUST106807,67,Female,South India,Premium,790.48,16,5,Mobile,Gift Card,Kids,5.0,36,1,1,1,1,0,1
CUST106808,27,Female,West India,Standard,507.3,27,5,Mobile,Debit Card,Comedy,2.1,39,1,2,1,1,0,0
CUST106809,31,Female,West India,Standard,491.06,20,4,Smart TV,UPI,Romance,1.2,26,1,2,1,1,1,1
CUST106810,55,Female,South India,Standard,495.76,10,1,Mobile,Credit Card,Documentary,5.3,64,1,3,1,1,1,0
CUST106811,59,Female,South India,Basic,193.12,45,4,Tablet,Gift Card,Drama,13.1,59,0,2,0,1,1,0
CUST106812,56,Male,North India,Basic,207.34,33,5,Mobile,Debit Card,Kids,18.3,55,3,4,0,1,0,0
CUST106813,47,Male,Central India,Standard,509.87,7,4,Smart TV,UPI,Thriller,17.1,77,2,4,0,1,0,1
CUST106814,29,Female,North India,Standard,529.92,42,5,Mobile,Credit Card,Drama,17.5,51,1,2,1,0,0,0
CUST106815,47,Female,West India,Premium,799.22,44,4,Mobile,Debit Card,Action,9.3,52,2,4,0,0,0,1
CUST106816,31,Male,West India,Standard,507.22,46,1,Laptop,UPI,Kids,13.6,13,0,1,0,1,1,1
CUST106817,32,Female,West India,Premium,783.6,22,1,Smart TV,Net Banking,Documentary,12.3,31,3,4,0,1,0,1
CUST106818,48,Female,Central India,Basic,209.32,43,5,Mobile,Debit Card,Documentary,10.2,82,1,4,0,1,0,0
CUST106819,47,Female,East India,Premium,799.38,17,5,Mobile,Gift Card,Drama,17.1,71,0,1,0,1,0,1
CUST106820,44,Female,West India,Basic,159.07,9,2,Mobile,Debit Card,Kids,14.2,34,1,1,0,1,0,0
CUST106821,60,Female,West India,Standard,485.97,58,3,Smart TV,Credit Card,Romance,11.2,48,0,1,1,1,1,0
CUST106822,56,Female,North India,Standard,467.89,40,2,Laptop,Debit Card,Action,5.4,13,0,3,1,1,0,1
CUST106823,52,Female,North India,Standard,487.92,10,5,Mobile,Credit Card,Comedy,17.9,58,0,4,0,0,0,1
CUST106824,36,Female,East India,Basic,203.6,36,5,Mobile,UPI,Thriller,2.4,4,3,4,0,1,0,1
CUST106825,29,Male,East India,Basic,194.52,31,4,Laptop,Net Banking,Documentary,1.4,31,1,4,0,1,0,1
CUST106826,19,Male,East India,Standard,508.24,31,2,Laptop,Credit Card,Thriller,0.0,87,0,1,1,1,0,0
CUST106827,55,Female,East India,Standard,463.79,5,3,Mobile,UPI,Action,9.5,21,1,3,0,0,0,1
CUST106828,62,Female,North India,Premium,813.37,56,2,Mobile,UPI,Drama,12.3,60,2,4,0,1,0,0
CUST106829,13,Female,West India,Basic,202.68,18,1,Laptop,Net Banking,Action,2.5,20,2,3,0,1,1,1
CUST106830,47,Female,North India,Premium,780.03,6,1,Laptop,Gift Card,Romance,9.9,32,2,2,1,1,0,0
CUST106831,44,Male,South India,Basic,198.63,42,2,Mobile,Gift Card,Romance,16.6,78,1,3,0,1,0,0
CUST106832,48,Male,South India,Basic,231.87,50,2,Mobile,Debit Card,Documentary,13.7,50,0,2,0,0,0,1
CUST106833,25,Male,West India,Basic,220.98,28,5,Tablet,Gift Card,Drama,6.7,47,0,4,0,0,0,0
CUST106834,18,Male,East India,Premium,824.16,43,4,Smart TV,Debit Card,Thriller,14.9,14,2,1,1,1,0,1
CUST106835,26,Female,West India,Standard,495.81,24,1,Laptop,Credit Card,Documentary,16.2,2,2,3,1,1,0,0
CUST106836,49,Female,South India,Basic,216.05,5,3,Mobile,Credit Card,Drama,16.5,56,1,4,1,1,0,1
CUST106837,60,Female,West India,Basic,218.65,28,4,Laptop,Debit Card,Drama,14.0,55,2,3,0,1,0,1
CUST106838,27,Male,East India,Basic,183.34,58,2,Smart TV,Net Banking,Thriller,0.9,61,1,2,0,1,0,1
CUST106839,59,Female,North India,Standard,518.36,3,1,Mobile,Net Banking,Kids,19.4,17,1,4,1,1,0,0
CUST106840,16,Female,East India,Basic,214.96,18,2,Mobile,Gift Card,Romance,11.5,71,1,2,1,1,0,1
CUST106841,52,Male,North India,Standard,488.91,4,1,Mobile,Credit Card,Action,7.2,82,1,4,0,1,0,1
CUST106842,28,Male,South India,Standard,500.4,40,3,Laptop,Credit Card,Kids,15.9,55,2,3,0,1,0,0
CUST106843,40,Male,Central India,Premium,819.37,49,4,Laptop,Net Banking,Romance,8.5,47,1,1,1,1,1,1
CUST106844,28,Male,West India,Standard,498.13,42,3,Smart TV,UPI,Kids,0.0,4,0,1,0,0,1,0
CUST106845,16,Male,Central India,Basic,212.25,32,3,Smart TV,Net Banking,Kids,16.7,89,1,2,1,1,0,0
CUST106846,57,Female,East India,Premium,791.93,32,4,Smart TV,Net Banking,Kids,6.7,13,2,1,0,0,0,1
CUST106847,38,Female,North India,Standard,482.58,19,4,Mobile,UPI,Action,9.0,40,2,2,0,0,0,1
CUST106848,40,Male,East India,Standard,481.01,29,3,Mobile,Gift Card,Kids,10.0,59,3,2,1,1,1,0
CUST106849,44,Female,East India,Premium,794.78,33,2,Mobile,Debit Card,Action,8.2,49,0,4,0,1,0,0
CUST106850,57,Female,South India,Basic,205.57,2,4,Mobile,Gift Card,Documentary,11.1,62,1,2,1,1,0,0
CUST106851,14,Female,East India,Standard,472.64,58,3,Tablet,UPI,Drama,15.2,64,2,1,1,1,0,1
CUST106852,43,Female,West India,Basic,227.89,11,3,Mobile,UPI,Comedy,13.1,31,0,1,0,0,0,0
CUST106853,15,Male,South India,Basic,215.02,47,3,Smart TV,Gift Card,Comedy,3.8,17,2,1,0,1,1,1
CUST106854,66,Female,Central India,Basic,206.71,55,2,Laptop,Debit Card,Thriller,1.8,17,1,2,1,0,0,1
CUST106855,20,Female,East India,Basic,211.24,33,5,Smart TV,Gift Card,Drama,7.7,40,2,1,1,1,0,1
CUST106856,36,Female,Central India,Standard,489.28,41,5,Smart TV,Credit Card,Documentary,5.2,74,3,4,0,1,0,1
CUST106857,27,Male,West India,Premium,776.86,40,4,Mobile,Credit Card,Drama,5.2,69,0,1,1,0,0,1
CUST106858,55,Female,West India,Standard,505.15,1,5,Mobile,Credit Card,Thriller,5.0,50,2,3,0,1,0,1
CUST106859,43,Male,West India,Standard,514.66,42,1,Smart TV,Debit Card,Comedy,17.9,35,3,4,0,1,0,1
CUST106860,21,Male,Central India,Standard,491.59,17,4,Mobile,Debit Card,Documentary,13.0,4,2,4,0,0,1,0
CUST106861,51,Male,Central India,Premium,784.84,50,4,Mobile,UPI,Kids,8.1,33,1,4,1,1,0,1
CUST106862,57,Male,North India,Premium,790.87,16,3,Smart TV,Net Banking,Kids,10.7,14,3,2,0,1,1,0
CUST106863,14,Female,South India,Premium,806.22,2,1,Laptop,Debit Card,Comedy,12.5,8,2,3,0,1,0,1
CUST106864,20,Male,East India,Premium,808.03,54,5,Mobile,Net Banking,Action,5.8,80,2,2,1,0,0,0
CUST106865,19,Male,South India,Basic,226.15,49,4,Mobile,Credit Card,Thriller,10.5,10,2,4,1,1,0,1
CUST106866,68,Male,West India,Standard,505.7,4,1,Mobile,Credit Card,Comedy,0.0,41,1,3,0,1,0,1
CUST106867,56,Male,East India,Standard,486.5,32,2,Smart TV,Net Banking,Documentary,10.3,62,0,4,0,1,0,0
CUST106868,63,Male,North India,Standard,494.54,7,2,Laptop,Gift Card,Drama,13.8,40,1,2,0,1,0,1
CUST106869,51,Female,South India,Standard,483.29,29,3,Mobile,UPI,Thriller,13.4,60,0,4,1,0,0,0
CUST106870,54,Male,West India,Basic,215.6,60,1,Laptop,UPI,Comedy,10.5,29,1,1,1,1,1,0
CUST106871,69,Female,East India,Basic,182.27,9,4,Smart TV,Gift Card,Action,2.4,12,0,3,1,1,1,0
CUST106872,28,Female,East India,Premium,790.52,58,2,Smart TV,Net Banking,Romance,12.0,74,1,2,0,1,0,0
CUST106873,47,Male,West India,Standard,506.22,35,2,Mobile,Net Banking,Comedy,15.9,6,1,4,0,0,1,0
CUST106874,42,Female,Central India,Basic,222.93,52,5,Mobile,Debit Card,Romance,15.7,57,0,4,0,1,1,0
CUST106875,22,Female,South India,Basic,241.84,53,5,Tablet,Credit Card,Kids,9.7,41,1,2,1,1,0,0
CUST106876,50,Female,East India,Standard,478.89,5,1,Tablet,Credit Card,Documentary,11.7,63,1,4,1,1,1,0
CUST106877,30,Male,Central India,Standard,508.56,50,5,Smart TV,Net Banking,Action,8.6,44,0,1,0,1,0,0
CUST106878,62,Male,North India,Standard,498.65,21,1,Smart TV,Debit Card,Kids,13.7,84,0,2,0,1,1,0
CUST106879,17,Male,East India,Basic,195.26,58,4,Mobile,Debit Card,Romance,7.3,70,4,2,0,1,1,1
CUST106880,65,Male,East India,Basic,194.76,17,4,Tablet,UPI,Action,6.9,21,1,4,0,0,1,1
CUST106881,41,Male,North India,Standard,480.48,39,4,Laptop,UPI,Romance,9.5,3,0,2,0,0,0,0
CUST106882,51,Male,North India,Standard,524.0,14,5,Mobile,Net Banking,Thriller,9.4,78,1,2,1,1,0,1
CUST106883,46,Male,East India,Basic,167.79,32,5,Laptop,UPI,Documentary,1.2,38,3,1,1,0,0,0
CUST106884,55,Female,West India,Basic,196.79,15,3,Mobile,Debit Card,Documentary,9.2,84,1,1,1,0,1,0
CUST106885,57,Female,North India,Standard,521.46,21,2,Mobile,Gift Card,Action,2.8,40,2,2,1,1,0,1
CUST106886,35,Male,Central India,Premium,802.41,54,4,Laptop,Credit Card,Drama,9.7,40,1,2,0,0,0,1
CUST106887,17,Female,North India,Basic,188.95,14,5,Smart TV,Net Banking,Drama,24.2,40,2,1,0,1,1,0
CUST106888,42,Male,East India,Standard,489.55,41,2,Smart TV,UPI,Thriller,14.2,27,1,4,0,0,0,1
CUST106889,18,Male,East India,Premium,812.19,16,4,Smart TV,UPI,Thriller,3.6,42,0,2,0,1,1,0
CUST106890,68,Male,South India,Premium,794.41,51,4,Mobile,Debit Card,Romance,10.4,63,1,1,0,0,0,1
CUST106891,58,Female,Central India,Premium,798.52,1,2,Mobile,UPI,Thriller,13.2,5,0,1,0,1,0,0
CUST106892,56,Male,South India,Standard,508.33,40,2,Smart TV,Credit Card,Thriller,2.8,65,0,4,0,1,1,1
CUST106893,16,Male,North India,Basic,212.95,18,5,Mobile,Net Banking,Action,12.3,30,1,3,1,0,0,1
CUST106894,41,Male,South India,Standard,490.63,34,2,Smart TV,UPI,Thriller,9.7,8,3,2,1,1,0,0
CUST106895,35,Male,East India,Standard,478.52,26,2,Smart TV,Gift Card,Romance,9.4,0,2,1,0,0,0,0
CUST106896,18,Female,West India,Standard,483.96,36,5,Tablet,Gift Card,Kids,6.0,14,3,4,1,0,0,1
CUST106897,44,Male,North India,Standard,519.71,21,4,Mobile,Net Banking,Drama,9.9,22,1,3,0,1,0,1
CUST106898,54,Female,East India,Standard,500.03,1,2,Smart TV,Gift Card,Comedy,17.8,16,0,1,1,0,1,0
CUST106899,30,Female,North India,Premium,780.26,27,3,Tablet,Gift Card,Kids,7.5,57,2,2,0,1,0,0
CUST106900,27,Male,South India,Basic,185.0,51,1,Mobile,UPI,Kids,15.8,70,0,4,1,0,1,0
CUST106901,52,Male,South India,Basic,216.47,11,2,Laptop,Gift Card,Drama,10.0,66,2,2,1,1,0,0
CUST106902,44,Female,North India,Standard,500.3,56,2,Mobile,UPI,Thriller,11.6,52,2,3,0,0,0,1
CUST106903,21,Female,North India,Basic,173.88,38,1,Laptop,Credit Card,Action,18.5,82,3,2,0,1,0,0
CUST106904,49,Female,South India,Standard,482.47,51,3,Smart TV,Debit Card,Documentary,9.5,29,1,4,0,0,1,0
CUST106905,22,Female,North India,Basic,216.29,14,4,Tablet,UPI,Romance,10.4,9,0,3,0,0,0,0
CUST106906,32,Male,South India,Standard,490.48,28,3,Mobile,Debit Card,Comedy,13.8,54,0,4,1,1,0,0
CUST106907,18,Female,North India,Standard,530.42,55,1,Smart TV,UPI,Comedy,4.3,41,0,3,0,0,1,0
CUST106908,60,Female,West India,Basic,227.73,27,2,Smart TV,UPI,Kids,15.8,47,2,3,1,0,1,1
CUST106909,68,Female,North India,Basic,221.34,22,4,Laptop,Net Banking,Thriller,8.1,81,1,2,0,1,0,1
CUST106910,15,Female,North India,Basic,206.47,21,3,Mobile,UPI,Thriller,7.5,22,1,1,0,1,0,0
CUST106911,54,Male,East India,Standard,514.5,56,3,Mobile,Gift Card,Comedy,2.2,86,0,4,1,0,1,1
CUST106912,23,Male,West India,Standard,498.16,24,4,Mobile,Gift Card,Kids,3.8,3,1,4,0,1,0,0
CUST106913,55,Male,South India,Standard,498.55,19,3,Mobile,UPI,Action,12.2,72,0,1,0,0,0,1
CUST106914,29,Female,South India,Standard,481.0,24,1,Smart TV,Credit Card,Comedy,16.5,74,1,4,1,0,0,1
CUST106915,44,Female,Central India,Standard,498.33,26,4,Mobile,Gift Card,Kids,5.2,64,4,2,1,1,1,1
CUST106916,16,Male,West India,Basic,179.97,25,1,Laptop,Debit Card,Action,13.5,9,4,3,1,1,0,0
CUST106917,16,Male,West India,Premium,799.09,45,4,Smart TV,Credit Card,Drama,8.7,13,2,4,1,0,1,0
CUST106918,29,Female,North India,Basic,180.83,44,1,Mobile,Debit Card,Thriller,1.7,35,1,4,0,0,0,1
CUST106919,53,Male,East India,Premium,785.97,29,2,Mobile,UPI,Kids,7.3,87,0,4,1,1,0,0
CUST106920,31,Female,South India,Standard,460.68,10,2,Mobile,UPI,Action,14.0,27,1,2,0,0,0,0
CUST106921,17,Female,South India,Standard,487.26,51,3,Smart TV,UPI,Comedy,3.9,58,2,4,1,0,0,1
CUST106922,44,Female,East India,Standard,488.2,11,4,Smart TV,Gift Card,Romance,2.2,3,1,2,0,1,1,1
CUST106923,34,Female,East India,Premium,794.37,24,4,Smart TV,Credit Card,Drama,6.1,77,1,3,1,0,1,0
CUST106924,68,Female,West India,Premium,816.86,24,1,Tablet,Debit Card,Comedy,5.8,68,2,3,0,0,1,1
CUST106925,18,Female,East India,Standard,498.21,12,3,Mobile,Net Banking,Kids,20.4,16,1,2,1,0,0,1
CUST106926,47,Male,East India,Basic,212.92,7,3,Laptop,Credit Card,Drama,11.0,36,2,3,1,1,1,0
CUST106927,34,Male,North India,Premium,813.53,40,4,Laptop,Debit Card,Documentary,17.1,61,1,4,0,0,0,0
CUST106928,13,Male,West India,Basic,220.15,17,2,Mobile,Net Banking,Drama,9.5,89,0,2,0,1,0,0
CUST106929,32,Female,Central India,Premium,785.41,35,4,Tablet,Credit Card,Romance,11.8,30,1,1,0,1,0,1
CUST106930,34,Male,Central India,Standard,481.27,6,4,Tablet,Credit Card,Kids,15.3,27,1,1,0,1,0,0
CUST106931,60,Female,South India,Premium,797.25,12,5,Mobile,UPI,Action,1.9,52,1,3,0,1,0,1
CUST106932,67,Female,East India,Premium,783.36,15,1,Smart TV,Credit Card,Documentary,4.0,35,2,3,0,0,0,1
CUST106933,23,Female,North India,Basic,195.55,32,1,Laptop,Debit Card,Kids,13.2,25,0,1,0,1,0,1
CUST106934,25,Female,East India,Standard,484.76,23,5,Smart TV,UPI,Drama,10.5,85,1,4,1,1,1,0
CUST106935,54,Male,South India,Basic,180.71,7,3,Laptop,Credit Card,Drama,13.2,27,0,3,0,0,1,0
CUST106936,15,Male,East India,Basic,204.33,59,1,Mobile,UPI,Action,5.0,60,0,1,1,1,0,0
CUST106937,21,Male,Central India,Standard,526.98,38,3,Mobile,Net Banking,Romance,9.2,21,3,3,0,1,0,1
CUST106938,24,Female,West India,Basic,195.25,31,2,Mobile,Debit Card,Thriller,18.3,49,4,1,0,1,1,1
CUST106939,35,Male,East India,Standard,503.16,29,3,Smart TV,Net Banking,Thriller,6.5,34,1,1,1,1,0,0
CUST106940,26,Male,Central India,Premium,799.97,44,1,Laptop,Debit Card,Kids,15.2,81,1,3,1,0,0,0
CUST106941,45,Male,Central India,Standard,498.48,28,3,Smart TV,Gift Card,Romance,12.3,68,2,2,0,0,1,1
CUST106942,30,Female,South India,Basic,220.43,12,2,Smart TV,Net Banking,Kids,5.2,10,1,1,0,0,0,0
CUST106943,61,Male,West India,Premium,794.85,27,5,Mobile,Gift Card,Thriller,17.0,87,0,1,0,1,1,0
CUST106944,53,Female,South India,Premium,750.42,4,1,Mobile,UPI,Documentary,17.5,37,0,4,1,1,0,0
CUST106945,21,Male,North India,Standard,485.84,21,2,Laptop,Net Banking,Kids,2.0,58,2,3,1,0,1,1
CUST106946,35,Female,West India,Standard,500.6,9,4,Smart TV,Credit Card,Thriller,14.6,44,0,3,0,0,0,1
CUST106947,22,Male,North India,Premium,797.4,49,5,Tablet,Debit Card,Documentary,7.6,43,1,2,0,1,0,0
CUST106948,31,Male,West India,Basic,195.56,34,5,Smart TV,Credit Card,Thriller,9.2,24,0,4,0,1,0,0
CUST106949,59,Male,Central India,Premium,791.35,37,1,Smart TV,Credit Card,Action,0.0,15,0,1,0,1,0,0
CUST106950,17,Female,North India,Premium,800.29,21,2,Tablet,UPI,Documentary,7.8,19,2,1,0,0,0,1
CUST106951,59,Male,West India,Premium,829.83,60,4,Mobile,UPI,Romance,4.8,53,1,4,0,1,0,1
CUST106952,64,Male,West India,Basic,194.11,23,2,Mobile,Credit Card,Thriller,9.3,12,0,4,0,1,1,0
CUST106953,35,Female,North India,Premium,831.45,24,3,Smart TV,Credit Card,Comedy,3.9,34,0,2,1,1,1,0
CUST106954,42,Female,West India,Standard,506.08,10,1,Smart TV,Credit Card,Thriller,4.5,11,2,1,0,1,1,0
CUST106955,37,Female,South India,Standard,488.95,38,3,Smart TV,Debit Card,Comedy,4.4,62,1,4,0,1,0,1
CUST106956,40,Female,South India,Premium,812.0,6,3,Mobile,UPI,Comedy,16.9,3,2,1,0,1,1,1
CUST106957,46,Male,North India,Basic,162.48,21,5,Tablet,Net Banking,Drama,8.9,35,0,3,0,0,1,0
CUST106958,57,Male,Central India,Standard,498.77,37,5,Laptop,UPI,Romance,12.7,81,1,4,0,1,0,1
CUST106959,68,Female,East India,Premium,806.78,29,3,Mobile,Credit Card,Kids,11.8,8,1,4,0,0,0,0
CUST106960,60,Male,North India,Premium,806.97,59,2,Mobile,Net Banking,Thriller,5.7,73,1,1,0,1,1,0
CUST106961,59,Female,North India,Premium,808.56,40,1,Laptop,Net Banking,Drama,12.2,9,2,2,0,1,0,0
CUST106962,37,Male,North India,Basic,209.87,21,1,Mobile,Net Banking,Drama,10.4,52,2,2,1,1,0,1
CUST106963,22,Female,North India,Standard,503.46,22,2,Smart TV,UPI,Documentary,5.3,7,1,4,1,1,0,1
CUST106964,26,Male,South India,Basic,209.84,35,3,Mobile,Credit Card,Comedy,9.1,58,0,4,0,1,1,1
CUST106965,54,Female,North India,Premium,790.6,46,1,Mobile,Credit Card,Drama,20.5,18,3,1,1,0,0,0
CUST106966,69,Female,Central India,Basic,216.65,5,5,Smart TV,Gift Card,Romance,2.4,43,1,2,0,1,0,1
CUST106967,58,Male,East India,Standard,492.1,15,4,Smart TV,Debit Card,Thriller,7.0,43,2,3,0,1,0,0
CUST106968,42,Male,East India,Standard,516.35,41,5,Mobile,UPI,Action,12.8,33,5,4,0,1,0,0
CUST106969,67,Male,Central India,Premium,798.7,47,2,Tablet,Gift Card,Thriller,1.2,52,0,2,0,1,1,0
CUST106970,53,Female,North India,Standard,502.27,19,4,Mobile,Gift Card,Comedy,8.3,2,1,4,0,1,0,1
CUST106971,37,Male,East India,Standard,512.23,16,1,Laptop,Gift Card,Documentary,16.4,86,2,4,1,1,0,1
CUST106972,26,Female,South India,Standard,521.6,40,1,Mobile,UPI,Thriller,7.1,1,2,3,1,0,1,1
CUST106973,47,Male,East India,Standard,499.61,47,4,Laptop,Debit Card,Thriller,16.0,59,3,1,1,1,0,0
CUST106974,64,Male,Central India,Standard,502.24,43,1,Tablet,Net Banking,Kids,4.1,45,0,4,0,1,0,1
CUST106975,60,Female,East India,Basic,160.26,23,4,Mobile,Debit Card,Drama,18.2,14,0,4,0,1,0,0
CUST106976,46,Female,Central India,Standard,485.96,4,3,Smart TV,Debit Card,Kids,23.1,6,0,1,1,1,0,0
CUST106977,22,Male,North India,Premium,776.33,21,2,Mobile,Credit Card,Thriller,0.0,60,0,2,0,0,0,0
CUST106978,47,Female,East India,Basic,192.92,24,5,Laptop,Gift Card,Comedy,18.7,34,1,4,1,1,0,0
CUST106979,23,Female,Central India,Basic,188.98,42,4,Laptop,Gift Card,Action,8.9,34,0,2,0,1,0,0
CUST106980,23,Male,South India,Standard,487.13,55,4,Mobile,Net Banking,Drama,7.6,68,1,2,1,1,1,0
CUST106981,33,Female,South India,Premium,783.5,26,3,Mobile,Credit Card,Romance,4.0,48,0,1,1,1,0,0
CUST106982,33,Male,West India,Basic,206.88,42,5,Mobile,Net Banking,Thriller,3.3,82,2,3,0,1,0,0
CUST106983,34,Male,East India,Premium,772.15,2,3,Mobile,UPI,Action,14.3,1,1,2,0,1,0,1
CUST106984,57,Female,North India,Premium,782.63,40,3,Mobile,Credit Card,Thriller,7.5,33,1,3,1,1,0,0
CUST106985,19,Male,West India,Basic,199.5,8,2,Mobile,Gift Card,Documentary,0.0,12,3,2,1,1,1,1
CUST106986,67,Female,East India,Basic,213.55,9,1,Mobile,Net Banking,Comedy,15.2,63,1,3,0,0,1,1
CUST106987,29,Male,South India,Standard,485.05,2,5,Tablet,Credit Card,Documentary,11.2,34,2,3,0,1,0,1
CUST106988,14,Female,North India,Premium,814.76,14,3,Mobile,Credit Card,Drama,6.8,77,2,4,0,0,1,1
CUST106989,24,Female,South India,Standard,458.02,20,1,Mobile,Debit Card,Romance,16.9,34,0,2,1,1,0,0
CUST106990,69,Female,East India,Standard,499.03,2,1,Mobile,Credit Card,Action,13.7,25,1,1,0,1,0,0
CUST106991,54,Female,North India,Basic,203.59,4,1,Tablet,Credit Card,Documentary,13.0,43,0,1,0,1,1,0
CUST106992,30,Female,North India,Standard,484.18,35,1,Laptop,Gift Card,Thriller,0.0,6,0,1,1,0,1,0
CUST106993,66,Male,West India,Standard,479.35,55,2,Mobile,UPI,Documentary,11.2,38,3,2,0,1,1,0
CUST106994,23,Male,North India,Basic,200.9,14,2,Laptop,Net Banking,Kids,14.2,84,1,2,0,0,1,1
CUST106995,28,Female,East India,Standard,498.46,21,3,Laptop,UPI,Action,6.0,78,0,3,1,1,0,1
CUST106996,61,Male,Central India,Basic,186.83,48,1,Tablet,Credit Card,Romance,6.8,12,1,2,1,1,0,0
CUST106997,63,Female,Central India,Standard,494.67,15,3,Laptop,Gift Card,Thriller,0.0,83,0,3,1,0,0,0
CUST106998,30,Female,North India,Basic,189.97,39,4,Mobile,Gift Card,Romance,0.0,89,0,3,0,1,1,0
CUST106999,47,Male,Central India,Basic,217.76,50,2,Smart TV,Gift Card,Drama,15.0,3,2,4,0,1,0,0
CUST107000,65,Male,East India,Premium,809.2,20,2,Laptop,Gift Card,Documentary,7.8,83,1,1,1,1,1,0
CUST107001,38,Female,West India,Basic,201.91,6,5,Tablet,Debit Card,Comedy,4.8,18,3,3,1,0,0,0
CUST107002,28,Female,South India,Standard,527.31,28,4,Mobile,Credit Card,Romance,6.9,30,2,2,1,0,0,1
CUST107003,18,Female,South India,Basic,214.52,53,2,Mobile,Debit Card,Action,16.1,82,0,1,1,0,1,0
CUST107004,69,Female,East India,Basic,217.66,48,1,Smart TV,Debit Card,Comedy,20.1,42,1,2,1,1,0,1
CUST107005,56,Female,West India,Standard,522.72,43,1,Smart TV,Credit Card,Kids,15.2,63,1,2,0,1,0,0
CUST107006,55,Female,East India,Basic,196.66,2,1,Smart TV,Gift Card,Thriller,9.5,1,1,1,1,1,0,0
CUST107007,59,Male,North India,Basic,180.73,28,3,Mobile,Net Banking,Comedy,20.5,89,1,1,0,0,0,0
CUST107008,59,Female,West India,Premium,772.24,55,2,Tablet,Gift Card,Romance,5.0,21,0,2,1,1,0,1
CUST107009,60,Female,Central India,Basic,210.09,34,3,Laptop,Gift Card,Action,2.6,80,0,2,0,1,1,1
CUST107010,54,Male,North India,Basic,184.5,14,2,Laptop,Debit Card,Romance,14.4,87,0,2,1,1,0,0
CUST107011,24,Female,Central India,Premium,848.9,9,5,Smart TV,UPI,Action,14.5,75,0,2,0,1,0,0
CUST107012,25,Female,North India,Basic,186.37,23,3,Laptop,Gift Card,Comedy,11.7,21,0,3,0,0,0,1
CUST107013,16,Male,North India,Standard,483.78,44,2,Mobile,Credit Card,Comedy,12.1,83,0,2,0,1,0,0
CUST107014,51,Female,North India,Basic,210.67,35,5,Mobile,Credit Card,Thriller,2.6,66,1,1,1,1,1,0
CUST107015,66,Male,North India,Basic,210.98,22,2,Tablet,Credit Card,Comedy,10.5,14,0,1,1,1,0,0
CUST107016,14,Female,West India,Standard,525.95,5,4,Smart TV,Debit Card,Action,1.8,42,0,2,1,1,0,0
CUST107017,38,Male,West India,Premium,795.26,60,3,Mobile,Net Banking,Kids,11.2,13,1,4,1,1,0,0
CUST107018,39,Male,North India,Basic,216.4,41,1,Tablet,Net Banking,Romance,17.5,73,1,1,0,0,0,0
CUST107019,39,Male,East India,Standard,496.56,29,5,Tablet,Net Banking,Kids,12.3,19,2,1,1,1,1,0
CUST107020,27,Female,North India,Basic,207.19,35,5,Laptop,Gift Card,Comedy,5.8,22,0,3,0,1,0,0
CUST107021,20,Female,North India,Basic,195.8,50,1,Mobile,Gift Card,Drama,10.3,53,1,4,1,0,1,0
CUST107022,19,Male,East India,Premium,827.71,34,5,Mobile,UPI,Action,8.5,72,3,4,1,1,1,1
CUST107023,59,Male,East India,Basic,233.01,4,1,Smart TV,UPI,Action,7.7,61,0,3,1,1,0,0
CUST107024,67,Female,North India,Premium,781.15,45,1,Smart TV,UPI,Thriller,8.0,61,0,4,0,1,1,1
CUST107025,58,Female,South India,Basic,218.16,49,2,Tablet,Debit Card,Thriller,2.8,63,1,1,0,1,0,1
CUST107026,52,Female,South India,Premium,785.05,9,3,Tablet,Net Banking,Documentary,11.6,73,3,1,0,0,1,1
CUST107027,24,Female,East India,Standard,516.43,51,4,Tablet,Gift Card,Thriller,9.1,52,0,3,1,1,0,0
CUST107028,25,Female,North India,Premium,823.6,14,5,Mobile,UPI,Drama,17.6,60,4,1,0,1,1,0
CUST107029,55,Male,Central India,Basic,184.57,45,2,Laptop,Debit Card,Thriller,12.7,52,1,2,0,1,0,0
CUST107030,29,Female,Central India,Premium,780.67,5,4,Laptop,UPI,Romance,19.7,2,3,2,0,1,1,0
CUST107031,29,Male,North India,Standard,491.57,50,4,Mobile,Gift Card,Documentary,18.8,11,0,2,0,0,0,0
CUST107032,68,Female,North India,Standard,516.52,56,5,Mobile,UPI,Action,1.8,19,2,3,1,0,1,0
CUST107033,48,Male,North India,Premium,806.14,47,5,Laptop,Debit Card,Thriller,6.3,24,4,1,1,1,0,0
CUST107034,33,Male,Central India,Standard,495.28,27,2,Mobile,Debit Card,Documentary,2.1,88,2,4,0,0,0,0
CUST107035,20,Female,Central India,Premium,809.82,11,5,Tablet,UPI,Thriller,4.1,27,4,1,0,1,1,1
CUST107036,17,Male,East India,Standard,494.62,30,4,Mobile,Gift Card,Thriller,5.8,15,1,2,1,0,0,1
CUST107037,38,Male,West India,Standard,500.98,51,5,Smart TV,Debit Card,Action,20.5,50,0,1,1,0,1,0
CUST107038,28,Male,East India,Premium,807.18,37,2,Tablet,Net Banking,Documentary,19.1,39,2,2,0,1,0,0
CUST107039,48,Male,East India,Basic,206.16,39,2,Tablet,Debit Card,Thriller,11.7,20,1,2,0,1,1,0
CUST107040,40,Female,South India,Standard,524.36,34,2,Laptop,Credit Card,Action,6.9,70,1,2,1,1,0,0
CUST107041,66,Male,East India,Premium,780.97,51,5,Laptop,UPI,Kids,0.4,75,1,1,0,1,0,1
CUST107042,41,Female,East India,Standard,513.2,24,3,Tablet,Net Banking,Documentary,6.0,81,1,2,1,1,0,1
CUST107043,59,Male,East India,Basic,184.9,16,2,Tablet,Gift Card,Comedy,10.2,81,2,3,1,1,1,0
CUST107044,24,Female,East India,Standard,492.93,58,3,Smart TV,Net Banking,Documentary,5.1,10,2,3,0,0,1,1
CUST107045,49,Female,West India,Premium,796.61,30,1,Laptop,Debit Card,Thriller,16.2,31,0,4,1,1,0,0
CUST107046,42,Female,South India,Premium,792.65,24,2,Smart TV,Debit Card,Thriller,20.8,46,2,3,0,1,0,0
CUST107047,35,Male,Central India,Premium,778.83,3,3,Smart TV,Credit Card,Documentary,5.1,44,2,2,0,1,0,0
CUST107048,28,Female,North India,Standard,492.24,29,3,Laptop,Net Banking,Romance,9.1,78,0,1,1,0,0,0
CUST107049,26,Female,Central India,Standard,503.08,42,4,Laptop,Debit Card,Action,8.0,17,0,1,1,0,0,1
CUST107050,22,Male,South India,Basic,196.99,12,3,Laptop,Gift Card,Romance,7.7,85,0,2,0,1,0,0
CUST107051,19,Female,East India,Basic,221.09,55,4,Mobile,Gift Card,Romance,5.3,5,3,4,0,0,0,0
CUST107052,57,Male,Central India,Basic,197.38,27,3,Smart TV,Net Banking,Documentary,6.0,58,1,2,0,0,0,0
CUST107053,64,Male,East India,Basic,199.22,29,3,Mobile,Net Banking,Thriller,2.6,85,0,4,0,1,0,1
CUST107054,49,Female,West India,Premium,801.74,2,1,Smart TV,Credit Card,Thriller,13.0,5,0,4,1,1,1,0
CUST107055,41,Male,West India,Premium,797.01,57,3,Smart TV,Net Banking,Romance,13.2,14,0,2,0,0,1,1
CUST107056,15,Male,South India,Standard,506.17,29,5,Laptop,Gift Card,Drama,18.0,60,2,1,0,0,0,1
CUST107057,27,Male,Central India,Premium,791.23,40,5,Mobile,Net Banking,Action,2.6,29,1,3,0,1,1,0
CUST107058,48,Female,West India,Premium,781.51,57,5,Mobile,Debit Card,Drama,1.7,45,0,3,0,0,1,0
CUST107059,59,Male,South India,Standard,497.92,9,1,Tablet,Debit Card,Kids,0.7,83,2,3,1,1,0,1
CUST107060,58,Male,South India,Standard,504.77,55,3,Tablet,Net Banking,Thriller,3.9,16,1,2,1,1,0,1
CUST107061,64,Male,South India,Basic,201.45,52,1,Mobile,UPI,Romance,19.3,74,1,4,0,1,1,0
CUST107062,31,Female,Central India,Standard,485.67,44,3,Mobile,Net Banking,Action,4.0,83,0,1,0,1,1,0
CUST107063,25,Male,Central India,Basic,201.41,28,4,Mobile,Credit Card,Romance,10.8,83,0,1,0,1,0,1
CUST107064,54,Female,South India,Standard,509.18,37,1,Laptop,Gift Card,Action,20.0,7,0,3,1,1,0,0
CUST107065,33,Male,North India,Premium,802.04,23,5,Smart TV,Gift Card,Action,11.6,49,0,3,0,1,0,0
CUST107066,49,Female,Central India,Basic,188.35,13,5,Smart TV,Net Banking,Kids,7.6,16,0,3,1,1,0,0
CUST107067,39,Female,Central India,Basic,200.15,5,5,Smart TV,UPI,Documentary,0.0,56,2,3,0,1,1,1
CUST107068,67,Female,North India,Standard,524.54,32,3,Smart TV,Gift Card,Documentary,8.5,57,2,2,0,1,0,0
CUST107069,64,Male,Central India,Standard,483.43,28,3,Mobile,UPI,Romance,12.5,75,2,2,0,1,1,1
CUST107070,41,Male,Central India,Basic,215.44,58,1,Laptop,Gift Card,Thriller,8.8,85,2,1,0,1,0,1
CUST107071,32,Male,West India,Basic,165.36,15,2,Laptop,Debit Card,Kids,8.8,26,0,4,0,1,0,1
CUST107072,37,Female,North India,Premium,790.82,24,3,Laptop,Credit Card,Action,2.6,57,1,1,0,1,1,1
CUST107073,18,Male,West India,Basic,192.54,32,2,Tablet,Gift Card,Romance,21.2,50,4,1,1,1,0,0
CUST107074,48,Male,North India,Premium,815.21,21,2,Laptop,Net Banking,Action,7.6,46,4,4,0,1,0,1
CUST107075,14,Female,North India,Standard,525.59,5,3,Mobile,Debit Card,Action,14.4,56,1,4,1,0,0,1
CUST107076,34,Male,North India,Standard,515.69,37,1,Mobile,UPI,Documentary,9.8,49,1,4,0,0,1,0
CUST107077,44,Male,Central India,Basic,206.67,36,2,Laptop,Credit Card,Thriller,7.6,89,1,1,1,0,0,1
CUST107078,28,Female,South India,Premium,814.94,59,1,Mobile,UPI,Action,8.0,30,0,3,1,1,0,0
CUST107079,30,Female,East India,Premium,778.71,28,1,Mobile,UPI,Romance,16.6,28,2,2,0,1,0,1
CUST107080,17,Male,South India,Basic,212.41,32,3,Mobile,Gift Card,Action,6.6,23,2,3,1,1,0,1
CUST107081,66,Female,Central India,Basic,182.47,59,2,Tablet,Debit Card,Romance,12.4,62,1,3,0,1,1,1
CUST107082,48,Male,Central India,Basic,187.91,60,1,Mobile,Credit Card,Comedy,11.7,67,3,1,0,1,0,1
CUST107083,42,Male,East India,Premium,804.94,23,2,Mobile,Debit Card,Kids,5.2,77,2,2,0,0,0,1
CUST107084,57,Male,Central India,Standard,480.46,16,1,Tablet,Debit Card,Drama,4.5,76,2,2,0,0,0,1
CUST107085,31,Male,North India,Basic,217.39,50,3,Smart TV,Gift Card,Kids,12.5,22,2,2,1,1,0,1
CUST107086,35,Male,West India,Basic,199.02,10,1,Mobile,UPI,Kids,20.8,7,1,3,0,1,0,0
CUST107087,46,Female,West India,Standard,479.48,29,3,Laptop,Debit Card,Kids,1.6,12,1,4,1,1,0,1
CUST107088,25,Female,North India,Premium,821.64,52,3,Mobile,UPI,Documentary,6.7,0,1,3,1,0,1,0
CUST107089,55,Male,South India,Standard,495.06,27,2,Laptop,Debit Card,Comedy,10.1,62,0,1,0,1,1,0
CUST107090,66,Female,West India,Basic,196.54,35,2,Smart TV,Credit Card,Thriller,10.6,26,1,2,1,1,0,1
CUST107091,41,Female,North India,Basic,195.69,42,2,Mobile,Net Banking,Drama,9.1,80,2,3,1,0,1,1
CUST107092,48,Male,South India,Standard,455.24,45,4,Laptop,Net Banking,Thriller,24.6,40,3,2,0,1,1,0
CUST107093,34,Female,West India,Basic,217.87,24,2,Smart TV,Net Banking,Documentary,8.5,8,1,4,0,1,1,0
CUST107094,64,Female,North India,Premium,799.42,23,2,Smart TV,Gift Card,Kids,0.8,26,2,2,0,0,0,1
CUST107095,64,Male,West India,Standard,501.3,3,1,Laptop,Gift Card,Thriller,18.6,89,2,2,0,0,1,1
CUST107096,59,Male,West India,Basic,209.21,36,4,Mobile,UPI,Romance,3.2,20,0,2,0,0,0,1
CUST107097,48,Male,West India,Standard,494.6,45,4,Mobile,Gift Card,Action,9.4,45,1,4,1,1,1,0
CUST107098,21,Male,East India,Standard,482.18,14,1,Tablet,Net Banking,Action,5.5,47,0,3,0,1,0,1
CUST107099,51,Male,South India,Standard,485.04,4,2,Smart TV,Gift Card,Kids,5.2,67,1,3,0,1,0,0
CUST107100,63,Male,West India,Premium,812.1,44,5,Smart TV,Net Banking,Thriller,2.1,13,1,3,1,1,0,1
CUST107101,31,Male,North India,Standard,498.82,48,3,Mobile,Debit Card,Thriller,14.0,41,0,2,0,1,1,0
CUST107102,50,Female,East India,Premium,814.09,42,4,Smart TV,Net Banking,Thriller,15.9,58,1,4,0,1,0,0
CUST107103,18,Male,Central India,Standard,516.73,55,1,Smart TV,Net Banking,Thriller,13.2,74,2,2,0,1,0,0
CUST107104,64,Female,Central India,Basic,212.31,32,5,Mobile,Credit Card,Action,18.9,61,0,3,0,1,0,1
CUST107105,59,Female,South India,Basic,217.85,56,3,Mobile,Credit Card,Kids,5.3,3,3,4,1,0,1,1
CUST107106,27,Male,North India,Premium,788.32,20,5,Smart TV,Credit Card,Comedy,8.2,58,2,3,0,1,0,1
CUST107107,69,Female,East India,Premium,808.03,56,2,Mobile,Credit Card,Comedy,5.8,33,3,1,1,0,0,1
CUST107108,32,Female,North India,Standard,491.99,17,1,Smart TV,Net Banking,Thriller,12.8,4,3,2,0,1,1,0
CUST107109,21,Female,East India,Standard,482.59,29,3,Laptop,UPI,Thriller,11.2,31,0,4,1,1,0,0
CUST107110,44,Male,East India,Basic,205.91,57,3,Mobile,Credit Card,Drama,0.7,79,1,1,0,1,1,1
CUST107111,16,Female,Central India,Standard,510.31,39,2,Laptop,Gift Card,Thriller,17.9,65,3,4,0,0,0,0
CUST107112,62,Female,South India,Premium,793.84,32,2,Mobile,Gift Card,Comedy,4.5,34,1,2,0,0,1,1
CUST107113,30,Male,South India,Premium,799.71,4,2,Tablet,Gift Card,Documentary,0.5,7,0,3,1,0,0,1
CUST107114,17,Female,North India,Basic,209.55,24,1,Tablet,Net Banking,Documentary,2.1,56,1,3,0,1,0,0
CUST107115,32,Female,East India,Basic,189.82,44,4,Laptop,Debit Card,Thriller,17.0,24,2,2,0,0,0,1
CUST107116,35,Female,East India,Standard,511.16,42,5,Mobile,Debit Card,Kids,19.6,22,2,2,1,1,0,1
CUST107117,23,Female,West India,Standard,485.4,2,1,Tablet,Credit Card,Thriller,8.9,35,0,3,0,0,0,0
CUST107118,49,Female,South India,Standard,505.12,14,1,Tablet,Gift Card,Documentary,14.7,24,2,4,1,1,0,1
CUST107119,34,Male,East India,Standard,480.86,40,5,Smart TV,Credit Card,Drama,4.3,16,0,4,0,1,1,0
CUST107120,16,Female,North India,Basic,219.19,42,3,Smart TV,Net Banking,Comedy,13.2,62,1,2,0,1,0,0
CUST107121,41,Male,Central India,Premium,809.27,38,5,Mobile,Gift Card,Kids,12.3,63,2,4,0,0,0,1
CUST107122,56,Female,Central India,Standard,529.16,55,2,Mobile,Credit Card,Romance,2.4,89,2,1,0,1,1,0
CUST107123,46,Male,South India,Premium,784.98,55,3,Smart TV,UPI,Thriller,9.7,36,0,2,1,1,1,1
CUST107124,25,Male,South India,Premium,808.98,34,1,Smart TV,Net Banking,Thriller,10.1,84,0,1,1,1,1,0
CUST107125,54,Male,West India,Standard,498.71,46,5,Mobile,Net Banking,Drama,4.8,4,1,4,1,1,0,1
CUST107126,21,Female,South India,Premium,777.01,43,1,Mobile,Net Banking,Comedy,14.4,23,0,1,0,0,0,1
CUST107127,54,Female,East India,Standard,500.66,2,1,Laptop,UPI,Thriller,2.9,73,1,1,0,1,0,0
CUST107128,43,Female,East India,Premium,807.53,36,5,Smart TV,Debit Card,Kids,14.8,65,0,3,0,1,0,0
CUST107129,19,Female,East India,Basic,228.55,6,1,Smart TV,Debit Card,Comedy,20.3,89,0,4,0,0,1,0
CUST107130,16,Female,East India,Premium,791.43,36,4,Smart TV,UPI,Comedy,13.1,72,2,4,0,1,0,1
CUST107131,31,Male,West India,Basic,206.12,22,4,Smart TV,Debit Card,Kids,15.2,47,3,4,0,1,0,0
CUST107132,54,Male,South India,Basic,203.6,5,1,Mobile,UPI,Documentary,15.1,29,0,4,1,1,0,0
CUST107133,42,Male,South India,Standard,496.39,38,3,Smart TV,Credit Card,Thriller,15.3,38,1,3,0,0,0,1
CUST107134,43,Female,South India,Standard,497.5,41,3,Mobile,UPI,Documentary,7.7,62,1,3,0,1,0,0
CUST107135,47,Female,West India,Basic,210.2,54,3,Laptop,Debit Card,Comedy,12.7,56,0,1,0,1,0,1
CUST107136,69,Male,West India,Standard,497.49,22,3,Mobile,UPI,Thriller,12.4,71,1,1,0,1,0,1
CUST107137,33,Female,East India,Premium,795.47,48,4,Mobile,UPI,Action,1.4,60,5,4,1,1,0,1
CUST107138,43,Female,West India,Basic,191.4,11,3,Smart TV,Gift Card,Action,7.1,2,1,3,0,0,0,1
CUST107139,31,Male,West India,Standard,476.48,43,5,Laptop,UPI,Drama,5.1,3,0,4,0,1,0,0
CUST107140,43,Male,North India,Basic,213.01,56,3,Laptop,Debit Card,Kids,6.7,88,2,2,0,0,0,0
CUST107141,65,Female,East India,Standard,491.24,31,5,Mobile,Net Banking,Documentary,16.2,48,2,4,0,0,0,1
CUST107142,44,Female,East India,Standard,517.5,53,4,Smart TV,Credit Card,Kids,7.1,15,2,4,0,1,0,0
CUST107143,14,Male,North India,Standard,517.91,53,5,Mobile,UPI,Comedy,6.9,22,2,4,0,1,0,0
CUST107144,64,Female,South India,Premium,834.97,42,5,Laptop,Debit Card,Action,10.3,25,1,3,0,1,0,1
CUST107145,22,Male,North India,Standard,505.67,29,1,Mobile,Debit Card,Thriller,8.3,78,2,4,0,1,0,1
CUST107146,14,Male,North India,Premium,807.4,59,5,Laptop,Gift Card,Kids,4.7,25,0,4,1,1,0,1
CUST107147,14,Male,North India,Standard,508.18,33,1,Tablet,Debit Card,Kids,10.8,24,2,1,0,1,0,1
CUST107148,36,Female,West India,Premium,802.9,22,3,Tablet,Net Banking,Comedy,9.9,41,0,2,0,1,0,1
CUST107149,29,Male,North India,Basic,216.7,49,5,Laptop,Debit Card,Kids,6.1,74,0,4,1,0,0,1
CUST107150,44,Male,Central India,Basic,197.76,27,5,Mobile,Net Banking,Drama,11.2,76,1,3,0,1,0,0
CUST107151,28,Female,North India,Standard,507.28,8,2,Smart TV,Credit Card,Comedy,7.5,43,1,4,1,0,0,1
CUST107152,28,Male,South India,Premium,797.37,58,3,Mobile,UPI,Romance,14.9,0,1,4,1,0,0,0
CUST107153,58,Female,South India,Basic,179.33,48,5,Mobile,Credit Card,Drama,0.0,35,1,1,1,1,0,1
CUST107154,51,Female,South India,Premium,810.17,57,5,Mobile,UPI,Romance,6.7,21,1,2,0,0,0,0
CUST107155,65,Female,North India,Basic,157.75,6,2,Smart TV,Credit Card,Comedy,10.7,4,0,1,0,1,1,0
CUST107156,43,Male,East India,Basic,207.24,46,1,Smart TV,Net Banking,Thriller,7.9,18,0,1,0,1,1,0
CUST107157,55,Male,South India,Basic,215.31,25,3,Tablet,UPI,Romance,1.4,86,1,3,0,1,0,1
CUST107158,36,Female,North India,Standard,507.82,34,2,Smart TV,UPI,Documentary,21.7,60,1,2,0,1,0,0
CUST107159,13,Female,South India,Premium,787.16,9,3,Smart TV,Credit Card,Action,10.1,85,3,4,0,0,0,1
CUST107160,23,Female,West India,Basic,222.2,36,3,Smart TV,Gift Card,Comedy,2.6,56,3,4,0,0,0,0
CUST107161,67,Male,West India,Standard,526.22,31,1,Laptop,Gift Card,Comedy,14.7,20,2,2,0,1,0,1
CUST107162,33,Female,North India,Basic,208.98,19,1,Tablet,Credit Card,Thriller,7.7,66,3,3,0,1,1,0
CUST107163,16,Female,South India,Standard,526.82,49,4,Smart TV,Debit Card,Thriller,16.4,52,2,3,0,0,0,0
CUST107164,19,Female,South India,Basic,230.8,1,2,Mobile,Credit Card,Action,7.6,59,3,3,0,0,0,1
CUST107165,38,Male,Central India,Standard,489.38,24,2,Mobile,Net Banking,Comedy,15.0,60,0,1,0,0,0,0
CUST107166,59,Female,South India,Standard,485.34,34,3,Laptop,Net Banking,Thriller,10.1,74,2,1,1,0,0,1
CUST107167,62,Male,East India,Standard,510.15,17,4,Mobile,Debit Card,Documentary,10.1,11,0,2,1,1,0,1
CUST107168,24,Male,West India,Basic,151.89,34,4,Laptop,Gift Card,Drama,6.1,41,1,2,0,0,0,1
CUST107169,43,Female,South India,Basic,195.68,35,3,Laptop,Net Banking,Drama,7.4,88,2,2,0,1,0,1
CUST107170,29,Female,East India,Standard,489.11,36,1,Smart TV,Net Banking,Thriller,12.0,47,0,3,0,1,0,1
CUST107171,45,Female,North India,Premium,796.16,13,4,Laptop,UPI,Action,8.3,84,1,3,1,0,0,1
CUST107172,23,Male,West India,Premium,780.59,59,2,Laptop,UPI,Romance,4.2,70,0,4,0,1,0,0
CUST107173,40,Male,North India,Premium,796.71,25,1,Smart TV,Debit Card,Thriller,5.4,74,1,1,1,1,0,0
CUST107174,44,Male,South India,Premium,808.09,55,5,Mobile,Net Banking,Thriller,13.1,64,1,4,0,0,1,0
CUST107175,13,Female,North India,Standard,524.89,12,4,Smart TV,Credit Card,Drama,14.2,77,1,4,0,1,0,1
CUST107176,59,Male,West India,Basic,206.03,21,3,Smart TV,Gift Card,Thriller,15.8,46,1,2,1,0,1,1
CUST107177,40,Female,North India,Basic,172.38,37,2,Tablet,Debit Card,Action,8.0,22,0,2,1,1,0,1
CUST107178,65,Female,North India,Standard,499.98,46,4,Smart TV,Credit Card,Drama,20.6,42,0,4,0,1,0,1
CUST107179,54,Female,North India,Standard,520.29,38,3,Smart TV,Credit Card,Kids,15.9,68,1,1,1,0,1,0
CUST107180,19,Male,East India,Premium,795.89,1,2,Smart TV,Debit Card,Romance,9.8,39,5,3,1,1,0,1
CUST107181,14,Male,East India,Basic,209.28,48,4,Mobile,Debit Card,Drama,10.3,55,2,1,0,1,1,0
CUST107182,54,Male,South India,Standard,517.19,6,2,Smart TV,Net Banking,Drama,13.9,68,2,3,0,0,1,1
CUST107183,36,Female,North India,Standard,501.59,45,5,Mobile,Gift Card,Documentary,5.3,65,1,4,1,0,0,0
CUST107184,16,Male,East India,Standard,504.38,45,2,Mobile,Net Banking,Romance,1.4,37,2,4,0,0,0,1
CUST107185,56,Male,West India,Basic,207.84,11,3,Mobile,Credit Card,Comedy,10.9,69,0,2,1,1,0,1
CUST107186,31,Female,West India,Premium,792.76,16,4,Smart TV,Net Banking,Thriller,10.6,80,0,3,0,1,0,0
CUST107187,38,Female,North India,Basic,195.93,22,3,Laptop,Net Banking,Romance,5.2,4,1,1,1,1,1,0
CUST107188,23,Male,South India,Premium,785.83,46,5,Laptop,Gift Card,Documentary,6.0,77,1,2,1,1,1,1
CUST107189,52,Female,East India,Premium,791.72,11,1,Mobile,UPI,Thriller,15.6,59,1,2,0,1,1,0
CUST107190,62,Male,East India,Standard,511.17,37,2,Mobile,Gift Card,Action,10.7,46,2,2,1,1,1,0
CUST107191,55,Female,East India,Standard,507.09,26,3,Smart TV,Net Banking,Kids,0.3,75,2,3,1,1,1,1
CUST107192,23,Female,South India,Standard,482.0,57,4,Mobile,UPI,Comedy,0.0,39,2,4,0,0,0,0
CUST107193,57,Male,Central India,Standard,484.73,26,4,Mobile,Credit Card,Thriller,0.0,23,1,1,0,1,0,1
CUST107194,15,Female,East India,Basic,190.26,42,1,Smart TV,Gift Card,Thriller,19.3,17,2,1,0,1,0,0
CUST107195,24,Female,North India,Premium,777.85,21,4,Mobile,Debit Card,Romance,6.1,74,1,2,1,1,0,1
CUST107196,15,Female,East India,Standard,502.84,57,5,Mobile,Credit Card,Comedy,8.5,88,0,3,0,1,1,1
CUST107197,54,Male,East India,Basic,189.62,26,1,Smart TV,UPI,Action,24.5,82,1,3,1,1,0,0
CUST107198,39,Female,Central India,Standard,506.74,15,5,Smart TV,Credit Card,Action,4.2,67,1,4,1,1,1,0
CUST107199,61,Female,North India,Basic,214.24,39,2,Smart TV,Debit Card,Thriller,15.4,61,1,1,0,1,1,0
CUST107200,66,Male,North India,Basic,173.9,35,5,Mobile,Debit Card,Comedy,8.5,6,3,2,0,1,0,0
CUST107201,14,Male,North India,Standard,489.63,11,2,Mobile,Gift Card,Drama,15.2,81,1,3,0,0,1,1
CUST107202,61,Female,East India,Standard,475.82,9,5,Mobile,Gift Card,Romance,12.9,14,3,3,1,1,1,0
CUST107203,28,Female,East India,Standard,471.44,42,1,Mobile,Net Banking,Drama,0.0,78,5,3,1,1,0,1
CUST107204,14,Female,West India,Premium,807.17,23,2,Mobile,Net Banking,Kids,4.4,65,1,3,1,1,0,1
CUST107205,66,Male,Central India,Premium,802.17,4,5,Mobile,Credit Card,Documentary,4.5,35,0,2,0,0,1,1
CUST107206,42,Female,North India,Basic,190.51,30,5,Smart TV,Debit Card,Romance,11.3,58,0,1,0,1,0,1
CUST107207,32,Male,North India,Basic,184.75,28,4,Laptop,Credit Card,Kids,6.3,70,0,4,0,1,0,1
CUST107208,50,Male,West India,Standard,482.78,25,5,Mobile,UPI,Romance,11.6,28,0,2,0,1,0,1
CUST107209,40,Female,East India,Standard,501.65,22,4,Mobile,UPI,Comedy,13.5,24,1,4,0,0,1,0
CUST107210,37,Female,West India,Premium,795.52,25,5,Smart TV,Net Banking,Action,20.3,54,2,1,0,1,0,0
CUST107211,44,Male,West India,Standard,485.56,52,3,Smart TV,Credit Card,Documentary,13.3,20,2,2,0,1,0,0
CUST107212,22,Female,East India,Basic,205.26,26,4,Mobile,UPI,Action,9.6,48,0,1,0,1,0,1
CUST107213,54,Female,South India,Standard,503.24,50,1,Mobile,Net Banking,Documentary,11.2,11,3,3,0,1,0,0
CUST107214,52,Male,Central India,Premium,784.44,29,1,Smart TV,Credit Card,Romance,0.0,7,0,3,1,0,0,0
CUST107215,45,Female,South India,Premium,791.89,46,2,Mobile,Debit Card,Action,6.7,84,2,2,0,0,1,0
CUST107216,25,Male,South India,Basic,211.91,41,1,Smart TV,UPI,Romance,4.1,40,0,1,1,0,0,1
CUST107217,68,Female,Central India,Standard,510.23,32,2,Laptop,UPI,Romance,16.5,23,2,1,0,0,0,0
CUST107218,53,Male,South India,Basic,189.16,26,1,Laptop,Debit Card,Thriller,14.5,35,1,2,1,1,0,1
CUST107219,66,Male,East India,Standard,523.92,28,4,Mobile,Net Banking,Action,0.0,1,2,3,0,1,0,0
CUST107220,54,Female,South India,Basic,196.37,20,3,Laptop,UPI,Comedy,13.9,28,3,4,1,1,1,0
CUST107221,59,Male,South India,Premium,810.83,48,2,Tablet,Debit Card,Documentary,15.3,12,0,2,1,0,1,0
CUST107222,49,Male,South India,Standard,483.23,59,3,Mobile,Net Banking,Drama,5.5,88,0,1,1,1,0,1
CUST107223,66,Female,East India,Premium,796.72,2,5,Mobile,Gift Card,Thriller,14.9,6,1,4,0,1,0,1
CUST107224,28,Female,West India,Premium,785.27,23,5,Laptop,Net Banking,Kids,11.0,39,0,3,1,0,0,1
CUST107225,57,Female,North India,Basic,174.2,39,3,Laptop,UPI,Action,2.3,58,0,3,0,0,0,1
CUST107226,34,Male,Central India,Standard,498.36,5,4,Smart TV,Net Banking,Drama,1.6,57,2,3,0,0,1,0
CUST107227,69,Male,Central India,Premium,794.08,21,3,Tablet,UPI,Kids,25.3,10,1,2,0,1,0,0
CUST107228,32,Male,East India,Standard,515.08,56,3,Mobile,Net Banking,Kids,8.6,28,0,1,0,0,1,0
CUST107229,62,Female,North India,Standard,490.34,22,3,Smart TV,Gift Card,Kids,12.2,16,1,3,1,1,0,1
CUST107230,55,Male,South India,Standard,503.03,49,2,Mobile,Net Banking,Documentary,1.0,12,0,3,0,0,0,0
CUST107231,39,Male,Central India,Standard,492.91,11,2,Mobile,Gift Card,Thriller,20.3,8,0,4,0,1,0,0
CUST107232,53,Female,South India,Standard,484.4,30,3,Mobile,UPI,Kids,15.0,41,0,3,1,0,1,1
CUST107233,28,Male,East India,Standard,511.1,28,4,Smart TV,Net Banking,Thriller,10.9,8,1,3,0,1,0,1
CUST107234,46,Female,East India,Basic,189.79,36,5,Smart TV,Debit Card,Thriller,20.2,20,2,1,1,0,1,0
CUST107235,44,Female,East India,Basic,192.49,17,5,Mobile,Gift Card,Kids,1.0,77,0,1,0,1,0,1
CUST107236,38,Female,West India,Basic,181.19,21,5,Smart TV,Credit Card,Drama,5.9,26,0,1,0,0,0,1
CUST107237,37,Male,East India,Basic,173.67,37,1,Smart TV,Gift Card,Kids,10.2,54,2,4,0,1,1,0
CUST107238,14,Male,South India,Standard,505.8,36,4,Mobile,Net Banking,Documentary,6.4,34,1,4,0,0,0,1
CUST107239,24,Male,West India,Basic,197.51,25,2,Mobile,Gift Card,Action,14.8,39,1,1,0,0,0,1
CUST107240,52,Female,South India,Basic,212.77,24,5,Mobile,Net Banking,Documentary,13.1,88,0,1,1,0,0,0
CUST107241,21,Female,East India,Premium,806.63,30,2,Smart TV,UPI,Thriller,17.2,11,1,3,1,0,0,0
CUST107242,24,Female,West India,Premium,780.33,42,2,Smart TV,UPI,Documentary,11.0,71,4,4,0,1,1,1
CUST107243,38,Male,North India,Premium,799.05,35,2,Smart TV,Debit Card,Action,4.0,28,2,2,0,1,0,0
CUST107244,21,Male,East India,Premium,798.47,21,2,Mobile,Credit Card,Kids,8.2,4,0,2,0,1,1,1
CUST107245,22,Male,West India,Basic,214.17,6,3,Tablet,UPI,Kids,13.5,59,0,4,1,1,0,0
CUST107246,44,Male,West India,Basic,217.5,21,2,Smart TV,Debit Card,Kids,8.0,18,1,4,0,1,0,0
CUST107247,69,Male,West India,Basic,173.06,8,1,Laptop,Credit Card,Documentary,10.7,34,1,2,0,1,0,0
CUST107248,46,Female,Central India,Premium,815.48,5,2,Mobile,Debit Card,Romance,7.3,45,2,1,1,0,0,1
CUST107249,60,Male,West India,Premium,813.46,40,5,Smart TV,UPI,Romance,13.1,45,1,4,0,0,0,1
CUST107250,32,Female,North India,Basic,186.82,10,2,Smart TV,Credit Card,Kids,13.2,44,0,4,1,0,1,0
CUST107251,51,Female,East India,Basic,198.32,31,5,Laptop,UPI,Kids,24.4,38,2,4,1,1,0,0
CUST107252,14,Male,East India,Standard,467.45,58,2,Smart TV,Net Banking,Kids,0.2,40,3,2,0,1,1,0
CUST107253,13,Female,East India,Basic,198.25,30,4,Mobile,Credit Card,Thriller,11.9,88,1,3,0,1,1,0
CUST107254,63,Male,West India,Standard,483.25,51,3,Mobile,Debit Card,Thriller,22.5,17,3,3,0,1,0,1
CUST107255,48,Male,East India,Premium,806.81,21,5,Tablet,Net Banking,Action,17.2,58,4,4,1,1,1,1
CUST107256,36,Female,North India,Standard,505.2,36,1,Mobile,Debit Card,Comedy,21.4,86,0,4,0,1,0,0
CUST107257,66,Male,Central India,Premium,797.59,27,2,Mobile,UPI,Romance,3.6,29,1,2,1,0,1,1
CUST107258,39,Male,North India,Standard,501.95,38,5,Mobile,UPI,Documentary,10.3,64,1,2,1,1,0,1
CUST107259,14,Female,Central India,Standard,487.15,35,3,Mobile,Net Banking,Thriller,1.7,89,0,2,0,1,1,0
CUST107260,43,Female,East India,Premium,782.07,60,2,Mobile,Net Banking,Kids,4.9,83,1,1,1,1,0,0
CUST107261,69,Female,South India,Standard,530.72,32,3,Laptop,Credit Card,Documentary,18.4,40,0,1,0,1,0,0
CUST107262,26,Female,Central India,Standard,514.37,26,1,Smart TV,Debit Card,Action,3.0,84,2,4,0,1,1,1
CUST107263,14,Female,North India,Standard,500.96,4,5,Mobile,Gift Card,Drama,8.1,54,1,2,0,0,0,0
CUST107264,41,Female,North India,Premium,795.79,27,1,Tablet,UPI,Drama,4.4,58,4,1,0,0,0,1
CUST107265,27,Male,South India,Basic,235.04,36,3,Smart TV,Gift Card,Kids,11.7,44,0,3,1,0,1,0
CUST107266,24,Male,Central India,Basic,224.1,37,4,Laptop,Gift Card,Kids,1.1,83,1,1,0,0,0,1
CUST107267,49,Male,Central India,Standard,494.73,27,4,Smart TV,Net Banking,Thriller,10.0,66,0,1,1,1,1,0
CUST107268,40,Female,North India,Premium,784.44,47,5,Smart TV,Debit Card,Romance,15.5,16,2,4,1,1,0,0
CUST107269,32,Male,Central India,Premium,799.79,48,2,Mobile,Gift Card,Action,7.9,81,1,4,1,0,1,1
CUST107270,51,Female,South India,Basic,193.33,6,1,Laptop,Debit Card,Romance,18.1,73,2,1,1,1,1,0
CUST107271,36,Male,Central India,Basic,184.79,18,4,Tablet,Net Banking,Action,13.0,19,0,1,0,0,0,1
CUST107272,33,Female,Central India,Premium,819.58,26,4,Mobile,Gift Card,Documentary,7.9,22,1,1,1,0,1,0
CUST107273,22,Male,South India,Basic,206.87,44,2,Laptop,Gift Card,Romance,5.7,63,2,4,1,1,0,1
CUST107274,58,Female,East India,Basic,192.89,24,1,Smart TV,UPI,Thriller,16.1,7,1,1,1,0,1,1
CUST107275,26,Female,Central India,Basic,192.68,52,3,Mobile,Gift Card,Drama,8.1,64,1,2,1,1,0,1
CUST107276,49,Female,North India,Basic,199.19,7,4,Tablet,Credit Card,Action,9.3,59,1,1,0,1,0,0
CUST107277,30,Female,West India,Standard,491.71,55,5,Mobile,Net Banking,Kids,22.6,6,0,2,1,0,0,0
CUST107278,36,Male,North India,Standard,490.41,44,5,Mobile,Credit Card,Action,16.2,3,1,1,0,0,0,1
CUST107279,26,Male,North India,Standard,529.81,14,3,Laptop,Gift Card,Drama,5.3,27,5,2,0,1,1,0
CUST107280,46,Female,East India,Premium,785.32,13,2,Smart TV,Gift Card,Documentary,10.6,18,2,3,0,0,0,1
CUST107281,24,Female,East India,Basic,165.83,26,2,Smart TV,Credit Card,Documentary,16.0,5,1,2,0,1,0,0
CUST107282,34,Female,North India,Basic,208.81,43,4,Laptop,UPI,Documentary,6.1,25,3,1,0,1,1,0
CUST107283,68,Male,Central India,Premium,815.75,43,4,Mobile,UPI,Documentary,18.6,39,3,2,0,0,1,1
CUST107284,18,Female,North India,Premium,801.31,2,4,Mobile,Credit Card,Thriller,12.7,18,1,2,0,1,0,0
CUST107285,48,Female,Central India,Basic,174.83,46,3,Tablet,Credit Card,Documentary,23.7,80,1,4,1,1,0,0
CUST107286,57,Male,South India,Basic,196.96,47,3,Mobile,Net Banking,Documentary,8.4,20,1,1,1,1,0,0
CUST107287,48,Female,South India,Basic,191.37,23,4,Smart TV,UPI,Romance,13.5,4,1,3,0,1,0,0
CUST107288,34,Female,East India,Standard,519.06,28,2,Mobile,Debit Card,Romance,5.7,16,2,2,0,1,0,1
CUST107289,26,Male,West India,Basic,186.32,1,1,Laptop,Gift Card,Thriller,9.5,37,1,2,0,1,0,0
CUST107290,28,Female,West India,Standard,502.46,32,4,Tablet,Gift Card,Action,6.5,61,1,2,0,1,1,0
CUST107291,48,Female,East India,Basic,207.97,12,2,Mobile,Credit Card,Comedy,16.2,39,0,1,1,0,0,1
CUST107292,68,Male,South India,Premium,786.14,46,2,Smart TV,Debit Card,Documentary,0.2,6,4,2,0,1,1,0
CUST107293,37,Female,East India,Standard,490.08,50,5,Laptop,UPI,Romance,0.0,26,0,1,0,1,0,0
CUST107294,44,Male,South India,Standard,505.5,53,1,Laptop,UPI,Comedy,11.7,30,2,4,0,1,0,1
CUST107295,45,Female,Central India,Basic,150.94,56,4,Smart TV,UPI,Kids,10.4,61,2,4,0,1,0,1
CUST107296,57,Female,South India,Basic,219.43,60,1,Mobile,Credit Card,Drama,5.4,25,2,2,0,1,1,1
CUST107297,48,Female,South India,Standard,483.83,55,4,Mobile,Credit Card,Comedy,10.6,69,4,1,0,1,1,1
CUST107298,32,Female,South India,Premium,799.66,35,1,Laptop,Gift Card,Romance,0.0,30,0,1,1,0,0,1
CUST107299,30,Female,West India,Standard,478.71,26,1,Tablet,Gift Card,Drama,19.4,11,0,3,1,1,1,0
CUST107300,50,Male,South India,Standard,518.78,31,2,Smart TV,UPI,Romance,5.3,14,0,2,1,1,1,0
CUST107301,15,Female,North India,Basic,199.01,57,1,Mobile,Gift Card,Romance,16.3,57,1,3,0,0,0,1
CUST107302,35,Female,Central India,Standard,502.21,12,1,Mobile,Gift Card,Comedy,3.1,0,0,3,0,1,0,1
CUST107303,44,Male,West India,Basic,207.39,29,4,Tablet,UPI,Documentary,1.9,61,1,1,0,0,0,0
CUST107304,57,Male,North India,Basic,215.35,5,2,Smart TV,Credit Card,Kids,4.4,58,1,3,0,0,1,0
CUST107305,28,Female,West India,Premium,782.22,35,1,Laptop,Gift Card,Comedy,10.3,89,0,1,1,1,0,1
CUST107306,17,Male,West India,Premium,794.96,7,2,Smart TV,Credit Card,Romance,15.4,36,0,2,0,0,0,1
CUST107307,16,Female,North India,Standard,517.94,16,2,Laptop,Debit Card,Action,19.4,5,1,4,1,1,0,1
CUST107308,33,Male,East India,Premium,792.41,32,3,Mobile,Credit Card,Kids,16.4,23,2,3,1,1,0,0
CUST107309,52,Male,East India,Premium,819.5,52,4,Smart TV,Net Banking,Romance,1.5,46,0,4,1,1,1,0
CUST107310,63,Female,South India,Basic,202.09,17,3,Tablet,Net Banking,Comedy,8.8,63,1,3,1,0,0,1
CUST107311,26,Male,North India,Premium,792.64,21,2,Smart TV,UPI,Drama,7.0,35,2,2,0,0,0,1
CUST107312,51,Female,South India,Standard,509.4,27,1,Mobile,Net Banking,Romance,9.5,82,2,2,0,1,1,1
CUST107313,43,Male,East India,Premium,796.69,40,4,Mobile,Debit Card,Action,12.3,55,1,1,0,1,1,0
CUST107314,26,Male,North India,Standard,511.75,47,5,Mobile,Credit Card,Kids,5.4,81,0,4,0,0,0,0
CUST107315,18,Male,North India,Standard,491.81,60,4,Tablet,Credit Card,Comedy,21.8,79,3,1,0,1,1,0
CUST107316,24,Female,North India,Standard,511.85,52,3,Mobile,Gift Card,Romance,7.4,16,2,2,1,0,0,1
CUST107317,28,Female,South India,Basic,205.56,15,4,Laptop,Gift Card,Drama,14.5,10,0,3,1,1,0,0
CUST107318,29,Male,West India,Premium,793.92,23,1,Mobile,Gift Card,Romance,1.2,3,1,3,1,0,0,1
CUST107319,57,Female,West India,Basic,171.65,8,4,Mobile,Credit Card,Kids,21.9,79,1,3,1,0,0,1
CUST107320,35,Female,West India,Basic,206.18,25,5,Laptop,Credit Card,Drama,14.0,8,2,4,1,1,0,0
CUST107321,26,Female,North India,Basic,215.13,11,3,Laptop,Gift Card,Documentary,8.2,86,1,3,1,1,1,1
CUST107322,19,Male,East India,Basic,201.88,57,3,Mobile,Credit Card,Drama,12.1,73,2,3,0,1,0,0
CUST107323,58,Female,South India,Basic,165.33,21,2,Mobile,Debit Card,Kids,12.6,89,1,2,1,1,1,1
CUST107324,44,Male,South India,Basic,216.1,54,3,Smart TV,Gift Card,Romance,11.2,38,0,4,0,1,0,0
CUST107325,27,Male,East India,Standard,504.97,55,5,Mobile,Net Banking,Action,8.4,66,0,2,1,1,0,1
CUST107326,56,Male,West India,Standard,508.27,10,5,Tablet,Gift Card,Thriller,2.4,83,0,3,0,1,0,1
CUST107327,29,Male,Central India,Basic,197.81,50,3,Mobile,Net Banking,Drama,19.5,80,3,1,0,0,1,1
CUST107328,53,Male,East India,Basic,170.02,9,4,Smart TV,UPI,Action,11.1,46,1,3,0,1,1,0
CUST107329,66,Female,West India,Premium,807.71,48,5,Mobile,Net Banking,Kids,5.4,27,0,3,1,1,0,1
CUST107330,59,Female,North India,Basic,195.71,1,3,Mobile,Debit Card,Romance,8.4,0,1,4,0,1,1,0
CUST107331,56,Male,East India,Basic,188.04,22,3,Smart TV,Credit Card,Thriller,17.0,35,2,1,1,1,0,0
CUST107332,46,Female,West India,Basic,225.15,6,4,Mobile,Debit Card,Comedy,17.4,88,1,4,0,0,0,0
CUST107333,17,Female,South India,Basic,207.83,30,3,Smart TV,UPI,Drama,8.3,49,2,2,0,1,1,0
CUST107334,57,Female,Central India,Standard,502.28,55,1,Laptop,Debit Card,Documentary,6.7,84,2,3,1,0,0,1
CUST107335,39,Female,Central India,Standard,486.06,34,2,Mobile,Debit Card,Comedy,7.1,76,2,2,1,1,1,0
CUST107336,64,Female,Central India,Standard,484.18,13,5,Smart TV,UPI,Documentary,16.2,38,1,3,0,1,0,1
CUST107337,35,Female,West India,Basic,206.53,22,4,Laptop,Debit Card,Romance,17.8,49,2,1,0,1,1,0
CUST107338,52,Female,West India,Standard,469.07,6,4,Smart TV,UPI,Action,8.5,22,2,3,0,1,0,1
CUST107339,26,Male,North India,Premium,807.26,41,2,Tablet,Credit Card,Action,13.8,52,1,3,1,1,0,0
CUST107340,27,Male,Central India,Basic,208.19,46,1,Mobile,Gift Card,Kids,8.0,5,3,2,0,1,0,0
CUST107341,55,Male,South India,Basic,219.63,24,2,Mobile,Credit Card,Thriller,1.8,82,0,2,0,1,0,0
CUST107342,45,Female,Central India,Basic,213.73,21,3,Mobile,Credit Card,Romance,13.6,9,3,3,1,0,1,1
CUST107343,65,Female,East India,Standard,516.1,39,4,Tablet,Credit Card,Documentary,9.0,15,0,3,1,1,0,1
CUST107344,43,Male,East India,Basic,190.04,23,3,Mobile,Debit Card,Action,9.2,76,1,1,0,1,0,0
CUST107345,47,Female,South India,Standard,477.02,5,4,Mobile,Credit Card,Romance,14.8,21,0,3,1,1,0,0
CUST107346,29,Female,West India,Basic,201.63,7,4,Laptop,UPI,Kids,2.0,65,1,1,1,1,1,1
CUST107347,40,Male,Central India,Basic,205.65,3,3,Tablet,UPI,Documentary,0.0,41,3,2,1,1,0,1
CUST107348,31,Male,East India,Basic,214.17,55,2,Tablet,UPI,Action,12.2,89,1,1,1,1,0,0
CUST107349,58,Male,South India,Basic,221.3,13,5,Smart TV,UPI,Documentary,20.2,4,1,3,1,1,0,1
CUST107350,66,Female,North India,Basic,181.54,54,5,Smart TV,Credit Card,Kids,15.8,36,2,2,1,1,1,0
CUST107351,35,Female,East India,Standard,511.85,12,2,Mobile,Net Banking,Thriller,5.4,85,1,1,0,0,0,0
CUST107352,44,Female,East India,Standard,465.34,6,1,Smart TV,Gift Card,Comedy,11.7,50,1,2,1,1,0,1
CUST107353,52,Male,Central India,Standard,503.13,34,2,Mobile,Net Banking,Romance,13.1,81,1,1,1,0,0,0
CUST107354,25,Male,West India,Standard,509.5,15,2,Laptop,Debit Card,Romance,13.4,18,1,3,0,1,0,0
CUST107355,32,Female,East India,Standard,476.1,47,2,Mobile,Credit Card,Drama,6.4,3,0,3,1,0,1,0
CUST107356,47,Male,East India,Standard,508.36,18,5,Laptop,Net Banking,Action,6.4,71,0,1,0,1,0,0
CUST107357,17,Male,Central India,Premium,783.03,55,4,Mobile,Credit Card,Kids,0.0,26,0,2,1,0,1,0
CUST107358,21,Female,West India,Basic,193.09,49,1,Smart TV,UPI,Kids,11.3,54,2,1,0,1,1,0
CUST107359,41,Male,North India,Basic,211.9,57,1,Smart TV,Debit Card,Kids,14.6,6,0,4,0,1,0,0
CUST107360,18,Male,North India,Standard,494.23,3,1,Mobile,Net Banking,Kids,15.8,60,0,3,0,0,0,1
CUST107361,37,Male,North India,Standard,494.0,22,3,Mobile,Gift Card,Kids,3.4,67,0,2,0,1,0,1
CUST107362,43,Female,North India,Standard,503.79,35,2,Mobile,UPI,Romance,9.6,25,0,1,0,1,1,0
CUST107363,34,Female,West India,Basic,210.97,28,4,Tablet,UPI,Documentary,9.4,58,0,2,1,1,1,1
CUST107364,14,Male,North India,Standard,498.98,41,4,Tablet,Debit Card,Action,4.8,76,1,2,0,0,1,1
CUST107365,57,Female,Central India,Premium,822.72,42,3,Mobile,UPI,Action,16.2,74,0,3,0,1,1,0
CUST107366,17,Female,Central India,Basic,193.97,12,5,Mobile,UPI,Drama,10.0,38,3,2,1,1,1,1
CUST107367,39,Female,Central India,Premium,817.49,55,3,Smart TV,Net Banking,Thriller,7.0,33,2,3,0,1,0,1
CUST107368,37,Male,North India,Standard,506.95,1,3,Smart TV,UPI,Romance,16.8,24,2,1,0,0,1,0
CUST107369,20,Female,Central India,Basic,209.08,36,2,Mobile,Debit Card,Drama,13.7,84,0,4,0,0,0,0
CUST107370,67,Male,Central India,Standard,481.59,30,5,Tablet,Credit Card,Comedy,5.9,35,2,3,0,0,0,1
CUST107371,13,Male,South India,Standard,517.24,53,3,Tablet,Debit Card,Comedy,0.0,65,2,2,1,1,0,1
CUST107372,32,Female,North India,Standard,500.8,55,4,Mobile,Debit Card,Comedy,5.3,88,1,3,1,0,0,0
CUST107373,56,Male,Central India,Standard,533.68,23,2,Smart TV,Credit Card,Comedy,10.6,64,1,4,0,1,0,0
CUST107374,35,Female,West India,Standard,502.86,37,5,Mobile,Net Banking,Comedy,6.9,5,1,2,1,1,0,0
CUST107375,44,Female,Central India,Basic,198.7,28,4,Smart TV,Gift Card,Documentary,2.9,12,0,1,1,1,1,0
CUST107376,23,Male,South India,Basic,191.29,49,1,Laptop,Gift Card,Action,8.5,16,2,3,1,1,1,0
CUST107377,51,Male,West India,Basic,199.07,53,2,Smart TV,Debit Card,Documentary,0.0,79,0,2,0,1,0,1
CUST107378,59,Female,West India,Premium,820.17,5,4,Smart TV,Net Banking,Documentary,13.3,37,4,4,0,0,1,0
CUST107379,66,Female,East India,Basic,210.74,36,3,Tablet,Net Banking,Drama,22.5,85,1,2,0,1,0,0
CUST107380,36,Female,South India,Premium,803.42,54,3,Laptop,Net Banking,Drama,13.6,42,0,2,0,1,0,1
CUST107381,23,Female,South India,Basic,211.84,47,2,Mobile,Net Banking,Documentary,17.7,40,3,1,1,1,0,1
CUST107382,41,Male,Central India,Basic,192.36,56,5,Mobile,Debit Card,Comedy,6.0,70,0,2,1,1,0,0
CUST107383,66,Male,South India,Basic,191.21,10,3,Laptop,UPI,Thriller,7.8,1,0,2,0,1,1,0
CUST107384,38,Male,West India,Basic,189.59,5,4,Mobile,Gift Card,Action,2.8,0,1,3,0,0,0,1
CUST107385,28,Female,West India,Premium,813.82,14,1,Mobile,Gift Card,Comedy,13.5,18,1,1,1,1,0,1
CUST107386,47,Male,Central India,Standard,515.32,24,5,Laptop,Credit Card,Drama,16.2,15,2,4,1,0,0,1
CUST107387,32,Male,West India,Premium,787.02,28,2,Mobile,Debit Card,Romance,6.2,33,2,3,0,1,0,1
CUST107388,58,Male,Central India,Premium,788.87,21,3,Smart TV,Gift Card,Documentary,11.2,71,1,1,0,0,0,1
CUST107389,15,Male,East India,Standard,496.96,45,5,Mobile,Debit Card,Kids,1.0,89,1,2,1,0,0,0
CUST107390,13,Female,South India,Standard,483.65,51,1,Laptop,Debit Card,Kids,8.9,10,0,1,0,1,0,0
CUST107391,65,Male,South India,Standard,502.53,40,5,Laptop,Net Banking,Drama,4.9,73,0,1,0,0,0,0
CUST107392,59,Male,South India,Standard,520.54,12,5,Tablet,Credit Card,Action,10.8,67,5,4,1,0,1,0
CUST107393,13,Male,East India,Basic,204.52,20,2,Mobile,Debit Card,Documentary,13.5,50,1,2,1,1,1,1
CUST107394,29,Male,South India,Standard,514.41,51,1,Smart TV,Gift Card,Romance,4.3,48,1,4,0,1,0,0
CUST107395,14,Female,East India,Standard,479.19,32,1,Smart TV,Gift Card,Thriller,1.9,22,2,1,0,0,1,1
CUST107396,41,Female,East India,Basic,191.45,51,5,Tablet,Credit Card,Documentary,9.4,1,0,4,0,1,0,1
CUST107397,32,Male,Central India,Standard,470.55,38,3,Mobile,Debit Card,Romance,9.6,31,1,3,0,1,0,0
CUST107398,18,Female,North India,Premium,798.06,40,5,Mobile,Net Banking,Drama,9.2,53,1,2,0,1,0,1
CUST107399,20,Female,North India,Standard,531.73,42,4,Mobile,Credit Card,Comedy,2.4,19,3,1,1,1,0,1
CUST107400,41,Female,Central India,Standard,525.56,21,3,Smart TV,Debit Card,Drama,2.5,76,1,4,0,1,1,1
CUST107401,60,Female,Central India,Basic,204.8,17,2,Smart TV,Credit Card,Romance,11.4,66,1,3,0,1,1,0
CUST107402,63,Male,Central India,Premium,800.21,1,1,Smart TV,Net Banking,Action,0.0,17,2,2,0,0,0,0
CUST107403,45,Female,South India,Standard,506.21,51,3,Mobile,UPI,Thriller,2.6,69,2,3,0,0,0,1
CUST107404,15,Female,West India,Premium,781.32,44,2,Laptop,UPI,Kids,20.2,13,0,3,0,1,1,1
CUST107405,47,Male,Central India,Premium,802.66,28,5,Smart TV,UPI,Romance,6.6,67,1,2,0,0,1,0
CUST107406,17,Male,East India,Premium,766.83,54,2,Smart TV,Net Banking,Action,1.2,89,2,3,0,0,0,1
CUST107407,39,Male,North India,Basic,160.65,2,4,Smart TV,Net Banking,Action,2.2,75,2,4,1,1,1,1
CUST107408,56,Male,South India,Basic,193.8,17,2,Laptop,Credit Card,Comedy,17.2,60,0,1,1,1,0,0
CUST107409,24,Female,West India,Premium,834.61,39,3,Mobile,Gift Card,Drama,5.6,37,0,2,1,1,1,1
CUST107410,32,Male,North India,Premium,823.99,14,1,Tablet,Net Banking,Comedy,8.8,57,2,2,1,1,0,1
CUST107411,57,Female,North India,Premium,816.17,14,3,Mobile,Net Banking,Comedy,7.1,40,1,4,1,1,0,1
CUST107412,32,Female,North India,Standard,499.26,44,3,Tablet,UPI,Documentary,1.0,5,0,3,0,0,1,0
CUST107413,21,Male,East India,Standard,522.39,48,1,Laptop,UPI,Romance,0.6,3,1,3,0,0,0,0
CUST107414,51,Male,East India,Basic,191.32,18,4,Smart TV,UPI,Drama,12.4,71,1,4,0,1,0,1
CUST107415,16,Female,East India,Premium,781.25,40,3,Mobile,Gift Card,Kids,2.6,43,2,4,1,1,0,1
CUST107416,63,Female,West India,Standard,490.44,34,1,Tablet,UPI,Documentary,23.3,3,3,4,1,1,0,0
CUST107417,66,Male,North India,Basic,174.9,43,1,Mobile,UPI,Kids,0.9,27,1,4,0,1,0,1
CUST107418,31,Male,Central India,Basic,233.0,1,3,Laptop,Gift Card,Drama,2.7,6,0,3,0,1,0,1
CUST107419,50,Male,West India,Standard,507.15,42,1,Laptop,UPI,Comedy,12.7,8,0,3,0,1,0,0
CUST107420,39,Female,East India,Standard,485.94,18,5,Mobile,Credit Card,Thriller,10.7,66,1,4,0,0,0,1
CUST107421,57,Female,East India,Basic,197.81,48,3,Tablet,Credit Card,Romance,17.7,52,3,4,0,1,0,0
CUST107422,55,Male,East India,Basic,197.35,34,4,Smart TV,Debit Card,Documentary,12.7,19,3,3,0,1,0,0
CUST107423,25,Female,South India,Basic,220.52,23,5,Smart TV,Credit Card,Drama,16.8,18,2,2,0,0,0,0
CUST107424,25,Male,North India,Basic,232.57,49,4,Tablet,Gift Card,Documentary,19.6,15,1,3,0,1,0,0
CUST107425,69,Female,Central India,Premium,815.28,16,3,Smart TV,UPI,Romance,8.1,2,1,4,1,0,1,0
CUST107426,34,Female,North India,Standard,510.13,19,2,Smart TV,Debit Card,Drama,0.0,5,1,1,0,0,1,1
CUST107427,40,Male,West India,Standard,503.79,37,1,Smart TV,Net Banking,Documentary,18.7,53,3,4,1,0,0,0
CUST107428,64,Male,South India,Premium,800.74,60,5,Smart TV,Net Banking,Thriller,15.6,77,1,2,1,1,0,1
CUST107429,59,Male,West India,Standard,500.38,55,3,Mobile,Credit Card,Drama,13.1,25,0,3,1,0,0,1
CUST107430,65,Female,East India,Premium,800.71,6,1,Mobile,Debit Card,Thriller,18.8,33,1,1,0,1,1,0
CUST107431,57,Female,East India,Premium,796.03,24,2,Mobile,Net Banking,Kids,9.5,8,0,2,0,1,0,1
CUST107432,34,Male,Central India,Standard,492.27,17,4,Mobile,Net Banking,Thriller,6.4,54,0,4,0,0,1,1
CUST107433,55,Female,North India,Standard,483.1,48,3,Laptop,Net Banking,Kids,16.5,32,0,3,0,1,0,1
CUST107434,31,Male,West India,Standard,495.48,16,3,Mobile,Credit Card,Thriller,11.6,59,0,2,0,1,1,1
CUST107435,20,Female,East India,Premium,779.33,39,2,Mobile,Credit Card,Documentary,8.6,18,1,3,1,0,1,1
CUST107436,64,Male,Central India,Basic,190.55,48,4,Smart TV,Debit Card,Action,19.1,72,3,2,0,0,1,1
CUST107437,20,Female,Central India,Basic,197.35,41,3,Tablet,Credit Card,Comedy,18.0,38,1,4,0,1,0,1
CUST107438,54,Female,West India,Premium,802.9,55,1,Mobile,Credit Card,Action,6.6,5,2,1,1,1,0,0
CUST107439,38,Female,North India,Premium,802.64,6,2,Laptop,Gift Card,Action,1.2,22,2,2,1,1,0,1
CUST107440,60,Female,South India,Standard,506.42,16,3,Smart TV,Credit Card,Romance,4.2,56,0,1,0,1,0,1
CUST107441,63,Male,Central India,Standard,505.13,9,4,Mobile,Debit Card,Documentary,6.5,8,2,4,0,1,1,0
CUST107442,38,Female,West India,Basic,225.9,29,5,Mobile,Credit Card,Romance,7.1,89,1,2,0,1,0,1
CUST107443,35,Male,East India,Standard,523.87,4,3,Smart TV,Credit Card,Action,11.6,9,4,1,0,0,0,1
CUST107444,55,Male,South India,Premium,793.23,60,4,Mobile,Gift Card,Action,28.3,69,2,3,1,1,0,0
CUST107445,25,Male,South India,Basic,212.78,26,2,Smart TV,Debit Card,Documentary,16.1,13,1,3,1,0,0,0
CUST107446,40,Male,North India,Standard,496.37,54,4,Smart TV,Net Banking,Comedy,17.3,16,0,4,1,0,0,1
CUST107447,21,Female,West India,Premium,773.93,38,4,Laptop,Gift Card,Comedy,9.8,67,5,2,1,1,1,1
CUST107448,32,Male,North India,Basic,208.97,26,2,Mobile,Credit Card,Action,11.4,77,1,4,1,0,0,0
CUST107449,68,Female,Central India,Premium,791.08,14,5,Smart TV,UPI,Comedy,13.1,23,3,4,1,1,1,0
CUST107450,31,Female,Central India,Standard,488.81,35,1,Mobile,Gift Card,Documentary,17.2,12,1,1,0,0,0,1
CUST107451,60,Female,West India,Premium,790.25,55,5,Laptop,Gift Card,Thriller,15.8,58,1,4,1,0,0,0
CUST107452,51,Female,East India,Premium,787.68,49,1,Mobile,Debit Card,Drama,14.2,64,1,4,1,0,0,0
CUST107453,63,Male,Central India,Standard,526.49,43,1,Smart TV,Net Banking,Documentary,6.1,37,2,4,0,1,1,1
CUST107454,24,Female,Central India,Premium,780.92,24,1,Laptop,Net Banking,Comedy,0.0,16,1,1,1,0,0,1
CUST107455,27,Male,East India,Premium,796.69,8,3,Smart TV,Net Banking,Romance,17.2,13,1,4,0,1,0,0
CUST107456,43,Female,South India,Premium,773.67,40,5,Mobile,Gift Card,Action,14.4,80,0,1,0,1,0,0
CUST107457,67,Female,West India,Standard,488.03,25,4,Laptop,UPI,Romance,6.2,45,1,3,0,0,1,0
CUST107458,26,Male,South India,Standard,479.3,4,3,Mobile,Debit Card,Kids,23.4,15,1,3,1,0,0,0
CUST107459,23,Female,North India,Basic,206.75,15,2,Laptop,UPI,Romance,4.9,70,0,1,0,1,0,0
CUST107460,38,Female,East India,Basic,176.14,16,2,Mobile,Net Banking,Comedy,9.8,46,1,3,1,0,0,0
CUST107461,54,Female,West India,Standard,520.46,54,1,Mobile,Gift Card,Kids,8.5,75,0,4,0,0,0,0
CUST107462,39,Female,East India,Basic,179.28,11,3,Smart TV,Net Banking,Action,5.9,22,5,3,0,0,0,1
CUST107463,23,Female,East India,Standard,483.42,28,3,Mobile,UPI,Drama,6.9,5,1,4,0,0,0,1
CUST107464,50,Male,South India,Standard,509.12,7,2,Laptop,Net Banking,Romance,6.3,37,1,2,0,1,0,0
CUST107465,46,Female,South India,Premium,827.18,50,4,Mobile,Credit Card,Thriller,5.7,29,1,1,0,1,0,0
CUST107466,55,Female,North India,Premium,792.45,38,5,Mobile,Debit Card,Thriller,13.3,21,2,1,1,1,0,1
CUST107467,31,Male,West India,Basic,207.92,24,5,Mobile,UPI,Documentary,15.1,0,2,2,0,1,1,1
CUST107468,18,Female,East India,Standard,483.33,31,1,Laptop,Credit Card,Drama,6.2,66,2,4,0,0,0,0
CUST107469,58,Male,North India,Premium,791.34,4,1,Laptop,Net Banking,Documentary,7.0,39,2,3,0,1,1,1
CUST107470,64,Female,East India,Basic,197.37,37,1,Smart TV,Debit Card,Kids,12.3,0,1,2,1,1,0,0
CUST107471,50,Female,North India,Basic,186.58,56,2,Mobile,Debit Card,Kids,11.4,47,1,1,0,1,1,0
CUST107472,61,Male,East India,Premium,816.11,35,2,Smart TV,Debit Card,Drama,10.8,38,2,2,1,1,0,1
CUST107473,54,Female,South India,Basic,211.03,6,5,Laptop,Gift Card,Drama,11.2,43,1,4,0,1,1,0
CUST107474,40,Female,Central India,Premium,791.03,46,1,Mobile,Debit Card,Thriller,13.7,48,1,3,1,0,0,1
CUST107475,13,Male,North India,Premium,762.22,33,3,Mobile,Credit Card,Drama,16.6,60,2,1,1,1,1,1
CUST107476,47,Male,North India,Standard,488.11,52,4,Smart TV,UPI,Romance,6.7,74,1,4,0,1,1,0
CUST107477,52,Female,Central India,Premium,817.89,32,2,Laptop,Credit Card,Drama,12.0,53,0,3,1,1,0,1
CUST107478,20,Male,South India,Standard,497.13,46,1,Smart TV,Net Banking,Comedy,7.1,18,4,4,0,0,0,1
CUST107479,64,Female,North India,Premium,814.35,38,1,Mobile,Gift Card,Drama,0.0,20,2,1,0,1,0,1
CUST107480,66,Male,South India,Premium,823.77,35,2,Mobile,Gift Card,Thriller,4.6,74,2,1,0,1,1,0
CUST107481,59,Female,East India,Basic,208.1,17,5,Mobile,Net Banking,Thriller,20.7,85,2,1,0,1,0,0
CUST107482,68,Male,East India,Standard,515.95,54,5,Tablet,UPI,Thriller,16.1,18,1,3,0,0,0,0
CUST107483,19,Male,Central India,Standard,490.46,32,5,Laptop,Gift Card,Action,0.0,27,0,3,0,1,0,0
CUST107484,23,Male,West India,Basic,216.45,14,5,Laptop,Net Banking,Romance,5.8,89,1,4,1,1,0,0
CUST107485,51,Male,South India,Premium,795.83,19,3,Smart TV,Net Banking,Documentary,9.0,18,0,2,0,1,1,1
CUST107486,16,Male,West India,Standard,487.5,24,1,Smart TV,Net Banking,Drama,10.2,14,2,3,1,0,0,0
CUST107487,37,Male,West India,Standard,530.72,39,5,Mobile,Net Banking,Action,6.6,4,0,4,0,0,0,0
CUST107488,24,Male,South India,Basic,198.7,11,5,Smart TV,Debit Card,Thriller,14.7,11,1,2,0,1,0,0
CUST107489,38,Male,West India,Standard,488.31,7,4,Laptop,UPI,Thriller,19.1,22,1,3,0,0,1,1
CUST107490,50,Male,North India,Premium,805.38,45,4,Mobile,Net Banking,Thriller,16.8,48,0,3,0,1,0,0
CUST107491,58,Female,East India,Standard,482.71,60,1,Mobile,Debit Card,Drama,6.7,80,2,2,0,0,0,1
CUST107492,24,Male,Central India,Premium,780.17,24,2,Mobile,Debit Card,Action,1.8,10,1,2,0,1,1,1
CUST107493,55,Female,South India,Standard,495.85,55,5,Mobile,Credit Card,Action,13.6,40,3,3,0,1,1,0
CUST107494,63,Male,Central India,Basic,177.4,53,3,Laptop,Net Banking,Comedy,1.1,57,2,3,0,1,0,0
CUST107495,65,Female,East India,Standard,491.88,58,4,Mobile,Debit Card,Documentary,14.4,71,2,1,0,1,1,1
CUST107496,49,Female,Central India,Basic,179.32,24,5,Smart TV,Credit Card,Thriller,18.6,39,3,4,0,1,0,0
CUST107497,58,Male,South India,Basic,213.7,14,2,Laptop,Credit Card,Kids,13.1,21,1,4,1,0,0,1
CUST107498,65,Male,Central India,Basic,224.27,24,3,Laptop,Net Banking,Comedy,3.5,9,2,4,1,0,0,1
CUST107499,36,Female,West India,Premium,778.16,11,4,Laptop,Gift Card,Drama,4.1,38,2,3,0,1,1,0
CUST107500,28,Female,West India,Premium,830.97,8,2,Smart TV,Debit Card,Comedy,10.4,50,4,3,0,1,0,1
CUST107501,69,Male,East India,Basic,210.41,44,2,Mobile,Gift Card,Thriller,20.7,44,0,1,0,1,0,1
CUST107502,25,Male,West India,Basic,202.65,15,3,Mobile,Credit Card,Comedy,10.8,69,1,1,1,1,1,0
CUST107503,37,Male,Central India,Basic,176.16,42,3,Smart TV,Gift Card,Thriller,3.3,74,1,1,0,1,0,0
CUST107504,66,Female,North India,Premium,774.38,54,4,Mobile,Gift Card,Comedy,9.3,17,2,3,0,1,0,1
CUST107505,66,Male,Central India,Standard,498.46,2,3,Tablet,Net Banking,Thriller,22.7,40,0,2,1,0,0,1
CUST107506,69,Male,North India,Standard,496.41,24,5,Smart TV,Credit Card,Action,1.2,76,1,2,0,1,1,1
CUST107507,64,Male,Central India,Standard,494.58,45,3,Laptop,UPI,Comedy,18.1,68,1,1,0,0,0,0
CUST107508,66,Male,North India,Standard,499.73,10,2,Laptop,Debit Card,Action,8.0,52,2,1,1,0,0,1
CUST107509,16,Male,North India,Basic,188.28,32,3,Laptop,Net Banking,Documentary,12.9,63,1,4,0,1,0,0
CUST107510,23,Female,South India,Basic,195.64,17,4,Laptop,Net Banking,Romance,15.6,45,0,2,0,0,0,1
CUST107511,44,Female,South India,Basic,198.93,57,5,Mobile,UPI,Documentary,5.5,24,2,3,1,0,0,1
CUST107512,61,Male,Central India,Standard,537.57,57,3,Laptop,Net Banking,Documentary,17.0,67,0,1,1,1,0,0
CUST107513,19,Male,West India,Premium,764.95,54,5,Mobile,Credit Card,Comedy,13.0,46,2,3,0,1,0,1
CUST107514,58,Female,South India,Basic,204.63,10,3,Tablet,Net Banking,Documentary,18.3,28,2,2,0,1,0,1
CUST107515,23,Male,North India,Basic,200.27,22,5,Laptop,Net Banking,Action,12.4,23,0,1,0,0,1,0
CUST107516,40,Female,Central India,Premium,799.31,6,3,Mobile,UPI,Action,21.5,84,1,4,1,1,0,1
CUST107517,66,Male,West India,Basic,204.5,27,3,Tablet,Debit Card,Kids,0.1,57,3,2,0,0,0,1
CUST107518,53,Female,Central India,Basic,228.74,20,1,Mobile,Debit Card,Kids,14.2,74,0,3,1,1,1,1
CUST107519,35,Female,North India,Premium,804.18,1,2,Smart TV,Gift Card,Kids,11.7,26,0,3,0,0,0,1
CUST107520,57,Male,South India,Standard,476.58,17,4,Smart TV,Credit Card,Documentary,3.6,47,1,3,1,1,0,1
CUST107521,35,Female,South India,Standard,504.39,1,4,Tablet,UPI,Documentary,17.8,40,1,1,1,0,0,0
CUST107522,62,Male,East India,Premium,796.6,37,1,Tablet,Debit Card,Drama,3.4,73,3,1,1,1,0,0
CUST107523,40,Female,East India,Standard,489.75,15,3,Smart TV,UPI,Drama,14.3,10,1,4,0,1,0,0
CUST107524,55,Male,Central India,Basic,201.81,55,2,Mobile,Gift Card,Comedy,7.7,42,2,4,0,1,1,0
CUST107525,59,Male,Central India,Standard,497.23,1,5,Mobile,Debit Card,Drama,23.7,72,1,3,0,1,0,0
CUST107526,69,Male,West India,Standard,495.59,17,1,Mobile,UPI,Action,13.8,2,3,1,1,0,1,1
CUST107527,38,Female,South India,Premium,797.47,46,4,Mobile,Credit Card,Action,14.0,48,1,4,0,0,1,1
CUST107528,37,Male,South India,Premium,781.38,45,4,Smart TV,Credit Card,Comedy,20.0,48,1,3,0,1,0,1
CUST107529,66,Male,East India,Standard,509.75,60,4,Smart TV,Gift Card,Comedy,10.2,43,0,3,1,0,0,0
CUST107530,41,Male,North India,Standard,496.93,43,3,Laptop,Debit Card,Romance,13.2,5,1,4,0,0,0,0
CUST107531,31,Female,North India,Basic,202.97,44,5,Mobile,Debit Card,Thriller,2.2,47,0,1,0,1,0,1
CUST107532,45,Male,East India,Basic,186.02,38,5,Mobile,Credit Card,Drama,10.3,88,2,1,0,0,0,1
CUST107533,48,Female,Central India,Standard,482.21,43,5,Mobile,Gift Card,Thriller,10.6,70,0,4,0,1,0,0
CUST107534,26,Female,South India,Standard,493.42,2,3,Smart TV,Net Banking,Documentary,0.0,26,0,1,0,1,0,0
CUST107535,26,Female,South India,Standard,498.57,18,4,Smart TV,Credit Card,Kids,12.8,49,1,3,0,1,0,0
CUST107536,47,Male,South India,Standard,492.84,12,4,Smart TV,Credit Card,Kids,18.3,85,1,4,0,1,0,1
CUST107537,42,Male,North India,Premium,800.29,29,3,Mobile,UPI,Action,15.3,82,2,1,1,1,0,1
CUST107538,40,Female,Central India,Premium,766.71,23,2,Laptop,Gift Card,Romance,17.8,85,2,2,0,1,0,1
CUST107539,29,Male,North India,Standard,529.06,47,3,Smart TV,Net Banking,Comedy,14.2,22,2,1,0,0,0,0
CUST107540,15,Male,Central India,Basic,187.51,9,3,Mobile,Gift Card,Documentary,10.4,75,0,4,1,1,1,0
CUST107541,28,Female,East India,Premium,781.62,8,4,Smart TV,Gift Card,Romance,0.0,65,1,3,1,1,0,1
CUST107542,58,Female,Central India,Premium,816.15,50,5,Smart TV,Credit Card,Thriller,4.8,28,1,3,0,1,0,0
CUST107543,42,Male,North India,Basic,181.56,16,4,Mobile,Credit Card,Documentary,10.6,13,3,1,0,1,1,0
CUST107544,64,Female,South India,Standard,502.03,23,2,Mobile,Credit Card,Documentary,6.7,72,1,1,0,0,0,1
CUST107545,41,Male,North India,Premium,781.56,53,1,Mobile,UPI,Comedy,4.5,89,0,3,1,0,0,0
CUST107546,57,Female,East India,Standard,494.44,29,1,Mobile,Net Banking,Drama,26.3,28,1,1,1,1,0,1
CUST107547,27,Male,South India,Standard,494.63,59,3,Mobile,Net Banking,Comedy,18.6,4,2,3,0,1,0,0
CUST107548,58,Male,North India,Basic,187.74,10,1,Mobile,Gift Card,Comedy,23.1,85,0,3,1,0,0,0
CUST107549,68,Female,South India,Standard,512.13,12,5,Mobile,Credit Card,Drama,6.9,58,4,1,0,1,0,1
CUST107550,37,Male,East India,Standard,520.26,52,4,Laptop,Gift Card,Romance,9.5,76,3,2,1,1,0,0
CUST107551,63,Male,Central India,Basic,187.52,12,2,Mobile,Credit Card,Drama,7.6,17,1,3,0,0,0,1
CUST107552,50,Female,Central India,Standard,500.96,30,2,Mobile,Gift Card,Comedy,0.0,70,0,2,0,0,1,1
CUST107553,54,Male,West India,Basic,179.2,10,2,Mobile,Gift Card,Drama,12.6,76,4,4,1,1,0,0
CUST107554,59,Male,South India,Standard,500.59,14,4,Tablet,UPI,Action,7.2,60,0,4,1,0,1,1
CUST107555,65,Male,East India,Premium,811.32,4,5,Smart TV,UPI,Documentary,6.9,47,1,3,1,1,1,0
CUST107556,66,Female,North India,Standard,500.69,47,2,Smart TV,Gift Card,Documentary,5.4,84,0,3,0,1,0,0
CUST107557,64,Female,North India,Standard,490.5,20,1,Laptop,Credit Card,Thriller,9.6,43,2,4,0,1,1,1
CUST107558,50,Female,West India,Standard,495.16,41,5,Mobile,Gift Card,Comedy,14.7,37,0,4,1,1,0,0
CUST107559,35,Female,North India,Basic,191.78,39,5,Tablet,Credit Card,Documentary,4.4,2,2,4,1,0,1,1
CUST107560,37,Female,East India,Premium,795.84,7,5,Mobile,Debit Card,Documentary,7.9,27,0,1,1,1,1,1
CUST107561,54,Male,East India,Basic,189.21,30,2,Smart TV,Net Banking,Documentary,8.5,53,1,4,0,1,0,1
CUST107562,19,Male,Central India,Basic,201.6,52,5,Mobile,Gift Card,Romance,9.2,44,3,1,1,1,0,0
CUST107563,34,Male,South India,Standard,481.0,41,2,Laptop,Debit Card,Drama,5.0,85,0,4,0,1,1,1
CUST107564,29,Female,South India,Standard,457.18,24,1,Mobile,Gift Card,Drama,13.2,42,0,1,0,1,1,1
CUST107565,30,Male,North India,Standard,514.98,10,1,Smart TV,UPI,Documentary,10.1,32,0,1,0,1,1,0
CUST107566,61,Female,South India,Basic,198.13,52,1,Mobile,Net Banking,Action,8.4,12,3,1,1,0,1,1
CUST107567,53,Male,West India,Premium,800.78,45,1,Smart TV,Gift Card,Drama,12.4,40,2,1,0,1,0,1
CUST107568,22,Female,South India,Standard,487.76,38,5,Mobile,UPI,Documentary,9.3,56,0,4,0,1,1,1
CUST107569,22,Male,North India,Basic,192.54,36,5,Tablet,UPI,Thriller,5.0,4,4,1,0,0,0,1
CUST107570,69,Male,South India,Standard,483.01,17,2,Mobile,Debit Card,Documentary,11.7,7,0,2,1,1,0,1
CUST107571,19,Female,East India,Basic,216.66,21,1,Smart TV,UPI,Romance,10.8,65,0,1,1,1,0,0
CUST107572,60,Male,East India,Standard,491.47,58,3,Smart TV,Debit Card,Kids,0.0,43,2,2,0,0,0,0
CUST107573,62,Male,Central India,Standard,475.83,46,1,Laptop,Credit Card,Kids,16.0,42,3,1,1,1,0,0
CUST107574,50,Female,Central India,Premium,809.14,59,4,Laptop,Credit Card,Comedy,2.5,80,2,1,1,0,0,0
CUST107575,39,Male,Central India,Basic,216.03,3,3,Tablet,Credit Card,Documentary,10.0,3,0,2,0,0,1,1
CUST107576,64,Male,Central India,Basic,196.26,1,4,Mobile,Credit Card,Romance,7.6,18,1,4,1,1,1,1
CUST107577,45,Female,South India,Basic,221.65,18,3,Mobile,Gift Card,Comedy,11.0,33,0,4,0,1,0,0
CUST107578,13,Female,North India,Basic,203.42,2,2,Mobile,Debit Card,Thriller,6.9,61,1,3,0,1,0,0
CUST107579,56,Female,South India,Basic,197.12,40,5,Smart TV,Credit Card,Romance,11.7,80,2,3,1,0,0,1
CUST107580,65,Female,North India,Basic,197.62,48,2,Mobile,UPI,Thriller,17.8,88,2,2,1,0,0,0
CUST107581,46,Female,North India,Basic,206.49,4,3,Laptop,Debit Card,Action,7.0,4,0,1,0,1,1,0
CUST107582,16,Male,North India,Standard,515.17,32,1,Mobile,Gift Card,Documentary,7.7,80,0,1,1,0,0,1
CUST107583,29,Female,North India,Standard,506.8,19,2,Mobile,Credit Card,Drama,5.8,10,3,2,0,1,0,1
CUST107584,16,Female,East India,Basic,202.91,20,3,Laptop,Debit Card,Action,11.9,57,3,2,1,1,0,1
CUST107585,55,Male,North India,Standard,500.07,42,1,Laptop,Net Banking,Kids,8.4,15,4,2,0,1,0,1
CUST107586,66,Male,South India,Basic,209.52,49,5,Laptop,Credit Card,Action,10.7,79,1,4,1,0,0,0
CUST107587,38,Male,North India,Standard,489.44,49,3,Mobile,Debit Card,Comedy,3.0,69,1,4,0,1,0,0
CUST107588,16,Male,East India,Standard,476.37,53,4,Tablet,Credit Card,Action,10.3,81,0,3,0,0,0,1
CUST107589,13,Male,South India,Basic,201.78,7,4,Smart TV,Net Banking,Kids,0.0,2,6,4,0,0,0,0
CUST107590,19,Female,West India,Basic,183.82,9,4,Laptop,UPI,Kids,13.1,17,1,1,1,1,1,1
CUST107591,42,Male,South India,Basic,176.61,7,1,Mobile,UPI,Action,6.1,6,3,3,1,0,0,1
CUST107592,62,Female,East India,Premium,823.28,27,1,Smart TV,Net Banking,Romance,7.6,74,1,2,1,0,1,0
CUST107593,21,Male,East India,Premium,749.16,21,2,Mobile,Debit Card,Romance,10.8,46,0,1,0,1,0,0
CUST107594,47,Female,Central India,Basic,208.36,35,1,Tablet,Gift Card,Action,3.7,14,0,4,0,1,0,0
CUST107595,20,Male,West India,Standard,482.88,24,3,Smart TV,Credit Card,Romance,3.8,61,1,3,0,1,0,0
CUST107596,36,Female,North India,Basic,186.96,32,4,Laptop,Gift Card,Kids,24.4,77,0,4,0,0,1,1
CUST107597,31,Female,East India,Basic,205.48,12,5,Smart TV,Credit Card,Comedy,9.9,22,0,1,1,0,0,1
CUST107598,48,Female,Central India,Basic,233.92,23,4,Mobile,Gift Card,Thriller,15.6,35,2,3,1,0,0,0
CUST107599,62,Female,Central India,Premium,809.52,36,3,Smart TV,Credit Card,Action,6.1,16,0,1,0,0,0,1
CUST107600,64,Female,North India,Standard,483.71,49,5,Smart TV,UPI,Thriller,8.9,21,1,1,0,1,1,1
CUST107601,55,Female,South India,Premium,798.32,29,2,Laptop,Credit Card,Thriller,5.6,23,0,3,0,1,0,1
CUST107602,39,Female,West India,Standard,494.67,3,1,Mobile,Credit Card,Kids,18.3,26,0,1,1,0,0,0
CUST107603,44,Female,North India,Basic,167.9,43,3,Laptop,Net Banking,Kids,11.5,16,1,3,0,1,0,1
CUST107604,26,Female,North India,Premium,799.87,8,1,Smart TV,Net Banking,Kids,7.8,22,2,2,1,0,0,0
CUST107605,69,Female,South India,Premium,788.91,34,2,Mobile,Credit Card,Kids,13.2,70,2,2,1,1,0,0
CUST107606,30,Male,South India,Premium,810.09,57,5,Laptop,Credit Card,Comedy,6.0,0,3,2,1,1,0,0
CUST107607,40,Female,East India,Standard,494.38,14,3,Tablet,Debit Card,Thriller,2.1,49,1,3,1,0,0,1
CUST107608,41,Female,South India,Basic,222.2,36,5,Smart TV,UPI,Kids,16.9,62,2,2,1,1,1,1
CUST107609,28,Male,South India,Basic,204.29,48,3,Mobile,Credit Card,Romance,8.6,49,0,2,0,1,1,0
CUST107610,47,Female,West India,Basic,202.2,46,2,Smart TV,Credit Card,Comedy,12.2,36,1,4,1,1,0,0
CUST107611,59,Female,West India,Standard,528.48,32,2,Mobile,UPI,Action,8.4,14,2,4,1,1,0,1
CUST107612,43,Male,West India,Premium,803.5,7,2,Smart TV,Debit Card,Drama,12.4,55,5,3,1,1,0,0
CUST107613,16,Male,North India,Standard,523.66,10,1,Smart TV,Net Banking,Comedy,0.0,81,1,4,0,0,1,1
CUST107614,49,Female,West India,Premium,782.04,12,4,Mobile,Net Banking,Romance,5.2,55,2,3,0,0,0,0
CUST107615,29,Male,West India,Basic,168.74,55,5,Mobile,UPI,Kids,0.0,67,0,1,1,1,0,0
CUST107616,51,Female,Central India,Standard,502.37,60,3,Mobile,Credit Card,Drama,20.0,28,1,1,0,1,0,1
CUST107617,60,Female,West India,Premium,817.01,40,5,Mobile,Net Banking,Action,10.9,86,1,2,0,0,1,0
CUST107618,58,Female,North India,Standard,481.8,23,4,Mobile,Credit Card,Drama,8.0,42,1,2,1,1,0,1
CUST107619,38,Male,Central India,Standard,492.41,11,1,Laptop,Gift Card,Documentary,4.9,85,0,1,0,1,0,1
CUST107620,60,Female,North India,Standard,473.86,52,1,Smart TV,Credit Card,Documentary,16.8,19,1,2,0,0,0,0
CUST107621,51,Female,North India,Standard,498.53,13,4,Laptop,Net Banking,Kids,20.6,85,4,3,1,1,1,0
CUST107622,53,Male,Central India,Premium,798.82,12,3,Mobile,Credit Card,Action,12.0,11,1,3,0,1,0,0
CUST107623,16,Female,Central India,Standard,508.14,7,4,Mobile,Credit Card,Thriller,11.4,89,1,1,0,0,1,0
CUST107624,42,Female,Central India,Basic,191.48,53,1,Mobile,Debit Card,Thriller,11.6,13,1,4,0,0,1,0
CUST107625,42,Female,Central India,Standard,495.02,44,1,Laptop,Debit Card,Comedy,6.9,60,3,1,0,1,0,0
CUST107626,34,Female,North India,Basic,208.42,10,5,Smart TV,Credit Card,Kids,9.1,83,2,2,1,0,1,1
CUST107627,23,Female,Central India,Standard,502.24,7,3,Smart TV,UPI,Documentary,0.0,75,1,2,0,1,0,0
CUST107628,14,Female,South India,Basic,205.07,51,3,Mobile,UPI,Comedy,3.9,60,0,3,0,0,1,0
CUST107629,56,Male,West India,Premium,811.79,58,1,Mobile,UPI,Action,12.2,8,0,3,0,0,0,1
CUST107630,24,Female,West India,Premium,810.0,27,4,Laptop,UPI,Romance,8.5,87,0,4,1,1,0,1
CUST107631,42,Female,South India,Basic,230.65,7,1,Mobile,Net Banking,Drama,17.2,72,1,3,0,1,1,1
CUST107632,48,Male,North India,Basic,205.67,55,5,Mobile,UPI,Kids,2.8,23,1,2,0,1,0,0
CUST107633,30,Female,North India,Standard,505.72,50,4,Mobile,Net Banking,Kids,16.5,68,0,2,0,1,0,0
CUST107634,38,Female,West India,Premium,794.44,24,1,Smart TV,UPI,Documentary,6.5,7,1,4,0,1,0,1
CUST107635,65,Male,East India,Basic,199.94,23,3,Tablet,Credit Card,Thriller,6.3,78,2,2,1,1,1,0
CUST107636,19,Male,South India,Basic,179.75,25,5,Mobile,UPI,Comedy,6.3,44,1,3,0,1,0,1
CUST107637,13,Male,South India,Standard,489.72,44,1,Smart TV,Credit Card,Drama,5.5,52,2,2,0,0,0,0
CUST107638,38,Male,West India,Standard,515.92,36,1,Smart TV,Credit Card,Thriller,13.8,19,1,2,0,0,0,0
CUST107639,35,Male,Central India,Basic,175.74,57,2,Laptop,Debit Card,Thriller,6.7,57,1,1,0,1,0,1
CUST107640,38,Male,East India,Standard,519.94,33,4,Smart TV,Gift Card,Kids,0.0,78,1,2,1,1,0,1
CUST107641,57,Male,North India,Premium,794.5,37,2,Laptop,Gift Card,Action,11.8,85,0,1,0,1,0,0
CUST107642,18,Female,North India,Basic,185.37,42,3,Smart TV,Credit Card,Thriller,12.1,69,0,3,1,1,0,1
CUST107643,18,Female,North India,Standard,494.85,39,4,Smart TV,Gift Card,Thriller,9.3,32,1,3,0,0,1,0
CUST107644,56,Female,North India,Basic,207.86,52,5,Smart TV,Gift Card,Thriller,10.3,60,2,3,0,0,1,0
CUST107645,20,Male,South India,Basic,200.32,7,4,Tablet,UPI,Drama,9.8,10,3,2,1,0,0,1
CUST107646,36,Female,South India,Basic,227.66,30,1,Smart TV,Gift Card,Drama,14.2,2,1,2,1,1,1,1
CUST107647,34,Male,Central India,Standard,505.53,60,1,Smart TV,Gift Card,Thriller,18.7,48,1,2,0,1,1,0
CUST107648,31,Female,South India,Premium,806.66,31,1,Mobile,Gift Card,Kids,3.0,56,1,2,0,0,0,1
CUST107649,49,Female,Central India,Standard,507.09,57,4,Smart TV,Debit Card,Action,21.3,66,3,3,0,0,0,0
CUST107650,30,Female,Central India,Basic,201.07,45,1,Smart TV,Gift Card,Romance,18.3,28,4,1,0,1,0,0
CUST107651,43,Female,North India,Basic,195.33,46,1,Laptop,UPI,Thriller,8.3,10,2,1,1,1,0,0
CUST107652,49,Male,North India,Standard,500.53,37,2,Smart TV,Net Banking,Documentary,11.8,54,1,3,0,1,0,0
CUST107653,42,Male,South India,Basic,202.43,21,1,Mobile,Debit Card,Documentary,17.8,49,3,3,1,1,1,1
CUST107654,69,Female,South India,Basic,198.19,34,2,Smart TV,UPI,Romance,14.0,14,0,1,0,0,1,1
CUST107655,54,Male,Central India,Standard,517.84,46,3,Mobile,Credit Card,Comedy,13.5,3,1,4,0,0,1,1
CUST107656,45,Male,West India,Premium,816.3,21,4,Mobile,UPI,Documentary,16.6,31,1,4,1,0,0,1
CUST107657,22,Female,North India,Basic,181.24,40,2,Laptop,Net Banking,Comedy,1.0,51,0,4,1,1,0,0
CUST107658,49,Male,East India,Standard,513.53,20,4,Mobile,Debit Card,Comedy,4.6,61,2,4,1,1,0,1
CUST107659,24,Male,West India,Basic,198.71,34,4,Smart TV,Net Banking,Comedy,9.1,73,1,3,1,0,1,0
CUST107660,66,Male,North India,Standard,494.43,8,5,Tablet,Credit Card,Romance,16.3,40,0,4,0,0,0,1
CUST107661,42,Male,North India,Standard,509.64,32,2,Mobile,Credit Card,Comedy,20.7,81,1,2,0,1,0,0
CUST107662,39,Female,South India,Premium,803.27,52,1,Mobile,Credit Card,Thriller,14.1,16,6,3,0,1,0,0
CUST107663,51,Female,East India,Standard,485.55,30,5,Laptop,UPI,Kids,6.9,4,2,4,0,1,0,0
CUST107664,21,Male,East India,Standard,511.1,29,2,Mobile,UPI,Drama,9.6,71,2,4,0,1,1,0
CUST107665,66,Female,North India,Basic,197.71,5,2,Laptop,Gift Card,Documentary,5.7,68,3,3,0,1,1,0
CUST107666,33,Female,Central India,Basic,210.85,30,3,Mobile,Credit Card,Romance,6.6,80,0,3,0,1,0,1
CUST107667,24,Female,East India,Standard,498.78,12,1,Laptop,Net Banking,Documentary,5.6,38,2,4,1,0,0,1
CUST107668,67,Male,West India,Premium,811.06,39,3,Mobile,Credit Card,Documentary,13.3,31,3,1,0,1,0,1
CUST107669,41,Male,Central India,Standard,513.21,27,4,Tablet,Debit Card,Comedy,12.6,6,3,1,1,1,0,1
CUST107670,45,Female,South India,Standard,516.94,53,1,Laptop,UPI,Action,16.4,85,2,1,0,0,1,1
CUST107671,55,Female,North India,Basic,189.84,13,3,Smart TV,Credit Card,Romance,11.4,75,0,2,0,1,0,0
CUST107672,65,Male,North India,Standard,526.41,47,3,Laptop,Gift Card,Drama,7.7,49,1,3,0,1,1,0
CUST107673,27,Female,West India,Basic,196.87,10,1,Mobile,Credit Card,Action,13.0,87,0,2,0,0,0,1
CUST107674,14,Male,West India,Basic,181.04,36,2,Mobile,Gift Card,Action,17.3,48,1,1,1,0,1,0
CUST107675,64,Female,South India,Standard,501.74,31,4,Mobile,UPI,Documentary,13.8,42,2,3,0,0,0,1
CUST107676,51,Male,South India,Premium,796.31,16,5,Smart TV,UPI,Action,18.1,16,1,3,0,1,1,0
CUST107677,65,Male,East India,Standard,490.25,39,5,Laptop,Gift Card,Thriller,11.6,70,1,1,1,1,0,1
CUST107678,56,Male,Central India,Standard,499.77,45,5,Smart TV,Debit Card,Action,1.5,80,0,1,0,1,0,1
CUST107679,66,Male,North India,Premium,810.28,36,4,Smart TV,UPI,Action,15.1,19,2,1,0,1,0,0
CUST107680,30,Female,East India,Basic,204.03,26,1,Smart TV,Gift Card,Documentary,14.8,44,0,4,0,1,1,0
CUST107681,15,Male,South India,Premium,819.01,44,1,Laptop,UPI,Action,20.2,73,0,1,0,0,0,0
CUST107682,19,Female,West India,Basic,197.18,20,1,Laptop,Credit Card,Comedy,5.3,69,1,2,0,1,0,0
CUST107683,55,Male,East India,Basic,205.38,34,5,Tablet,Net Banking,Kids,11.4,47,1,2,0,0,0,0
CUST107684,30,Male,West India,Basic,202.74,37,2,Mobile,Debit Card,Drama,11.2,31,0,2,1,1,1,0
CUST107685,56,Female,Central India,Basic,226.9,8,3,Mobile,Net Banking,Thriller,8.6,7,2,4,1,0,0,1
CUST107686,50,Female,West India,Standard,483.78,4,5,Tablet,Debit Card,Drama,1.5,43,0,2,0,1,1,1
CUST107687,49,Female,North India,Premium,790.52,59,4,Laptop,Credit Card,Comedy,7.9,61,0,3,1,1,0,0
CUST107688,45,Male,Central India,Basic,230.23,29,1,Mobile,Gift Card,Action,8.5,82,1,2,1,1,0,1
CUST107689,56,Male,West India,Basic,195.67,31,3,Tablet,Gift Card,Documentary,7.5,82,0,4,1,1,0,1
CUST107690,43,Female,East India,Basic,175.41,2,1,Laptop,Gift Card,Drama,12.4,21,0,1,0,1,0,0
CUST107691,23,Male,North India,Standard,528.77,25,1,Mobile,Credit Card,Action,19.5,34,0,2,0,0,0,0
CUST107692,16,Female,North India,Standard,484.43,38,1,Laptop,Net Banking,Drama,14.5,27,1,1,0,1,1,1
CUST107693,30,Male,South India,Standard,500.47,3,2,Laptop,UPI,Action,5.1,32,0,3,0,1,0,1
CUST107694,16,Male,South India,Standard,515.16,46,3,Mobile,Gift Card,Documentary,16.1,5,2,2,0,0,0,1
CUST107695,61,Male,East India,Standard,512.51,42,5,Smart TV,UPI,Kids,16.8,11,0,4,1,1,0,1
CUST107696,46,Female,South India,Premium,785.86,43,2,Tablet,Net Banking,Comedy,13.6,49,1,1,0,1,1,1
CUST107697,41,Male,West India,Basic,234.79,5,4,Smart TV,UPI,Drama,19.8,60,2,2,1,0,0,1
CUST107698,36,Female,South India,Premium,806.91,22,4,Laptop,UPI,Thriller,9.0,49,1,3,1,1,1,0
CUST107699,34,Female,North India,Basic,198.37,16,5,Mobile,UPI,Romance,23.1,75,3,4,0,0,1,0
CUST107700,14,Male,East India,Basic,184.03,9,3,Laptop,Credit Card,Comedy,11.7,36,0,4,1,1,1,0
CUST107701,56,Female,West India,Premium,806.22,53,5,Mobile,Net Banking,Kids,0.0,66,1,4,1,0,0,1
CUST107702,18,Female,North India,Standard,521.51,48,2,Mobile,UPI,Documentary,23.4,60,0,4,0,1,1,0
CUST107703,54,Male,North India,Premium,794.74,9,3,Smart TV,Gift Card,Kids,3.1,10,1,4,1,1,0,0
CUST107704,37,Female,Central India,Basic,172.74,49,4,Laptop,Gift Card,Thriller,9.4,79,3,4,0,1,0,0
CUST107705,67,Female,South India,Premium,788.43,12,3,Smart TV,Net Banking,Romance,7.4,53,1,1,1,1,1,1
CUST107706,69,Male,West India,Basic,194.01,47,3,Tablet,Credit Card,Action,8.3,66,1,3,0,1,0,0
CUST107707,33,Male,East India,Basic,176.13,42,3,Smart TV,UPI,Kids,10.0,85,1,1,1,1,1,0
CUST107708,67,Male,East India,Basic,206.86,4,5,Mobile,Credit Card,Drama,15.8,57,2,3,1,1,1,1
CUST107709,28,Female,East India,Premium,810.02,49,1,Tablet,Net Banking,Romance,12.8,48,3,4,0,1,0,0
CUST107710,43,Female,Central India,Standard,488.26,18,2,Mobile,Debit Card,Romance,10.0,78,1,1,1,0,1,0
CUST107711,26,Male,West India,Standard,511.65,18,3,Laptop,Gift Card,Romance,7.3,83,1,2,1,0,1,1
CUST107712,51,Female,North India,Basic,185.27,42,3,Mobile,UPI,Kids,9.0,42,1,1,0,1,0,1
CUST107713,40,Male,Central India,Basic,179.03,43,5,Tablet,UPI,Romance,16.7,67,2,4,1,0,0,1
CUST107714,44,Male,South India,Basic,183.18,53,2,Mobile,Net Banking,Romance,11.6,83,2,3,0,0,0,1
CUST107715,40,Male,North India,Standard,486.58,33,2,Smart TV,Net Banking,Thriller,5.6,28,1,2,0,0,0,1
CUST107716,63,Female,East India,Standard,510.83,42,4,Smart TV,Credit Card,Kids,13.5,13,3,4,1,1,0,1
CUST107717,67,Female,South India,Standard,507.35,3,2,Mobile,Gift Card,Comedy,20.4,0,1,2,1,1,0,1
CUST107718,61,Male,West India,Premium,785.27,59,2,Smart TV,Credit Card,Kids,5.1,17,0,1,1,0,1,0
CUST107719,21,Male,West India,Basic,188.9,38,3,Mobile,Net Banking,Thriller,0.0,80,0,3,1,0,0,1
CUST107720,57,Female,Central India,Basic,225.54,17,1,Laptop,Gift Card,Documentary,10.3,14,0,4,1,0,1,1
CUST107721,34,Male,West India,Standard,511.28,12,3,Tablet,Net Banking,Thriller,13.6,88,1,4,1,0,0,1
CUST107722,44,Female,East India,Standard,477.84,11,5,Laptop,Credit Card,Drama,19.4,12,0,4,1,1,1,0
CUST107723,17,Male,Central India,Standard,518.9,17,2,Smart TV,Credit Card,Kids,5.3,23,0,2,0,1,0,1
CUST107724,35,Male,Central India,Premium,832.85,35,1,Mobile,Credit Card,Drama,8.7,33,0,4,0,1,0,0
CUST107725,17,Female,East India,Standard,498.61,41,3,Mobile,Debit Card,Action,7.5,10,2,3,0,1,0,0
CUST107726,54,Female,West India,Basic,194.45,50,4,Smart TV,Credit Card,Thriller,14.3,61,0,1,0,1,1,0
CUST107727,65,Female,South India,Basic,192.6,60,5,Smart TV,UPI,Thriller,3.5,46,1,2,0,0,0,0
CUST107728,44,Female,Central India,Premium,794.35,6,5,Laptop,Credit Card,Documentary,18.5,24,2,4,1,1,1,1
CUST107729,22,Female,South India,Standard,510.53,35,5,Smart TV,Net Banking,Drama,13.4,31,1,4,1,0,1,1
CUST107730,51,Male,South India,Basic,189.51,6,3,Tablet,Credit Card,Romance,2.6,64,0,4,0,1,0,0
CUST107731,27,Male,South India,Basic,210.48,32,1,Smart TV,Net Banking,Comedy,8.3,28,2,3,0,1,1,0
CUST107732,19,Female,South India,Standard,499.01,11,1,Smart TV,Net Banking,Action,11.0,40,5,4,1,0,0,1
CUST107733,41,Female,East India,Standard,490.15,43,2,Mobile,Gift Card,Romance,5.6,74,1,2,0,1,0,1
CUST107734,59,Male,North India,Basic,204.37,39,1,Mobile,Debit Card,Thriller,5.7,21,1,1,0,0,0,0
CUST107735,15,Male,West India,Standard,495.76,13,4,Smart TV,Net Banking,Action,5.9,75,1,4,0,1,1,1
CUST107736,31,Female,North India,Basic,189.42,13,5,Smart TV,Net Banking,Thriller,5.8,0,2,3,1,1,0,0
CUST107737,22,Female,North India,Premium,798.57,39,3,Mobile,UPI,Kids,0.0,15,4,4,0,1,0,0
CUST107738,40,Male,Central India,Basic,198.77,46,5,Mobile,Credit Card,Thriller,15.4,15,2,2,1,0,0,1
CUST107739,41,Female,North India,Standard,491.84,34,5,Mobile,Debit Card,Documentary,17.7,2,4,3,0,1,0,1
CUST107740,27,Male,North India,Standard,486.77,3,4,Mobile,Debit Card,Thriller,0.0,2,1,1,1,1,0,1
CUST107741,47,Male,East India,Basic,200.35,32,5,Smart TV,Gift Card,Action,10.8,51,2,1,0,1,0,1
CUST107742,18,Female,South India,Standard,502.1,4,5,Mobile,Net Banking,Action,8.0,30,1,2,0,1,0,1
CUST107743,24,Male,North India,Basic,205.0,40,4,Mobile,Net Banking,Documentary,7.9,34,2,2,0,1,0,1
CUST107744,59,Male,North India,Standard,504.52,53,4,Smart TV,UPI,Documentary,4.6,49,0,4,0,1,1,1
CUST107745,50,Male,Central India,Standard,518.79,1,1,Smart TV,Debit Card,Action,7.7,75,4,2,0,1,0,0
CUST107746,25,Female,West India,Basic,182.68,9,5,Smart TV,Credit Card,Action,23.5,88,2,2,0,1,1,1
CUST107747,41,Male,Central India,Basic,222.79,49,2,Smart TV,Gift Card,Thriller,14.5,22,0,1,1,0,1,0
CUST107748,31,Female,West India,Premium,778.93,50,2,Smart TV,Gift Card,Romance,9.5,80,2,1,1,0,0,1
CUST107749,15,Male,West India,Basic,217.72,7,2,Laptop,Gift Card,Drama,1.6,64,0,3,1,1,0,0
CUST107750,20,Male,West India,Standard,506.52,27,4,Smart TV,Gift Card,Action,7.1,80,1,3,0,1,0,1
CUST107751,20,Male,East India,Basic,191.26,3,5,Smart TV,Debit Card,Comedy,9.8,58,1,2,1,0,1,0
CUST107752,67,Male,East India,Premium,762.69,22,1,Tablet,Net Banking,Drama,4.9,34,1,1,0,0,0,1
CUST107753,32,Male,South India,Standard,476.57,16,5,Mobile,Debit Card,Comedy,11.3,62,0,3,1,0,0,1
CUST107754,59,Female,West India,Standard,489.49,8,2,Laptop,Credit Card,Drama,9.2,17,1,1,0,1,0,1
CUST107755,16,Female,East India,Basic,205.69,5,3,Smart TV,Gift Card,Action,14.8,9,0,4,0,1,0,0
CUST107756,63,Male,East India,Basic,190.99,49,2,Laptop,Debit Card,Documentary,5.3,46,0,2,1,0,0,1
CUST107757,33,Female,North India,Basic,198.42,58,4,Smart TV,Credit Card,Documentary,12.9,32,2,2,1,0,1,1
CUST107758,15,Female,West India,Basic,192.45,30,5,Mobile,UPI,Action,13.5,5,0,2,1,0,0,0
CUST107759,57,Male,Central India,Standard,501.53,28,4,Mobile,Gift Card,Drama,11.7,20,3,3,0,1,0,0
CUST107760,20,Female,North India,Standard,478.24,51,1,Laptop,Net Banking,Action,8.5,46,1,2,0,0,0,0
CUST107761,35,Female,East India,Standard,495.04,27,5,Laptop,Net Banking,Romance,14.0,29,2,4,0,1,0,0
CUST107762,28,Female,East India,Standard,506.89,50,5,Mobile,Net Banking,Drama,6.4,89,0,3,1,1,0,0
CUST107763,25,Female,East India,Basic,236.9,22,5,Laptop,Credit Card,Kids,0.0,70,2,3,0,0,0,1
CUST107764,15,Male,East India,Basic,211.64,30,3,Mobile,Debit Card,Romance,7.7,20,3,4,0,0,1,1
CUST107765,60,Female,Central India,Premium,796.22,37,5,Mobile,Gift Card,Action,10.2,44,0,4,1,1,0,0
CUST107766,21,Male,South India,Standard,489.42,7,3,Smart TV,Gift Card,Romance,5.0,49,0,2,0,1,1,1
CUST107767,26,Male,South India,Standard,505.86,50,5,Smart TV,Gift Card,Romance,9.4,2,1,2,0,1,0,1
CUST107768,25,Female,West India,Basic,186.43,30,2,Laptop,Gift Card,Kids,0.0,75,1,4,0,1,1,0
CUST107769,65,Male,East India,Standard,501.16,13,1,Smart TV,UPI,Romance,13.7,32,1,1,0,1,0,0
CUST107770,69,Female,West India,Basic,203.75,22,5,Tablet,Gift Card,Comedy,13.5,87,2,3,0,1,0,0
CUST107771,19,Male,Central India,Premium,796.04,11,4,Laptop,UPI,Kids,9.8,70,0,3,1,1,0,1
CUST107772,27,Female,West India,Standard,513.58,5,2,Mobile,Debit Card,Action,17.6,57,1,2,0,1,0,0
CUST107773,19,Female,South India,Basic,197.59,22,4,Laptop,Net Banking,Drama,4.5,71,0,2,0,1,0,1
CUST107774,50,Male,South India,Premium,792.25,15,4,Laptop,UPI,Thriller,14.7,46,0,1,1,1,1,0
CUST107775,46,Female,South India,Standard,491.35,53,3,Tablet,Net Banking,Kids,12.3,36,1,2,1,1,0,0
CUST107776,53,Female,West India,Premium,779.63,39,1,Mobile,Net Banking,Documentary,7.4,53,3,1,0,0,1,1
CUST107777,34,Female,East India,Basic,177.67,37,4,Laptop,Credit Card,Thriller,9.0,34,2,1,1,1,1,1
CUST107778,36,Female,North India,Basic,207.99,31,2,Mobile,UPI,Action,9.5,62,1,1,0,0,1,0
CUST107779,61,Male,South India,Basic,221.18,29,1,Smart TV,Gift Card,Drama,11.6,6,3,4,1,1,1,1
CUST107780,49,Male,West India,Basic,231.23,39,2,Smart TV,Credit Card,Documentary,10.8,3,0,3,1,0,0,0
CUST107781,56,Male,North India,Premium,815.76,17,4,Tablet,Gift Card,Action,1.8,33,0,4,1,0,0,1
CUST107782,13,Female,South India,Standard,506.81,41,1,Smart TV,Net Banking,Thriller,14.9,38,0,4,0,0,1,0
CUST107783,22,Male,South India,Standard,503.62,6,5,Smart TV,Credit Card,Documentary,15.4,85,2,4,0,1,1,0
CUST107784,55,Female,Central India,Premium,818.65,41,4,Smart TV,Gift Card,Action,10.8,32,0,3,1,1,0,0
CUST107785,28,Female,South India,Basic,193.47,17,4,Mobile,Gift Card,Documentary,15.9,74,0,2,0,1,1,0
CUST107786,58,Female,North India,Premium,826.02,34,3,Smart TV,Debit Card,Comedy,4.8,8,0,2,1,1,0,1
CUST107787,20,Male,North India,Premium,798.4,23,2,Smart TV,Credit Card,Romance,19.9,14,3,4,0,1,0,0
CUST107788,68,Male,East India,Standard,502.89,52,5,Smart TV,Credit Card,Documentary,4.8,29,3,1,1,1,0,1
CUST107789,61,Male,North India,Basic,199.37,30,1,Mobile,Net Banking,Comedy,16.0,43,0,2,0,0,1,1
CUST107790,37,Male,West India,Standard,515.88,13,4,Mobile,Net Banking,Kids,11.2,22,1,1,0,1,0,0
CUST107791,62,Female,West India,Basic,198.83,58,4,Mobile,Credit Card,Documentary,12.3,67,0,3,0,1,0,0
CUST107792,24,Male,South India,Premium,805.07,30,5,Laptop,Debit Card,Documentary,17.6,77,0,3,0,1,0,1
CUST107793,37,Male,East India,Basic,180.71,49,4,Mobile,Debit Card,Documentary,13.8,82,2,4,1,1,0,1
CUST107794,29,Male,South India,Standard,496.1,53,2,Smart TV,Net Banking,Comedy,5.4,87,2,1,1,1,1,0
CUST107795,38,Male,East India,Standard,514.71,20,1,Mobile,UPI,Action,13.2,56,3,1,0,0,0,1
CUST107796,58,Female,Central India,Basic,186.33,6,5,Laptop,Gift Card,Thriller,22.7,44,2,1,0,0,0,0
CUST107797,60,Male,East India,Standard,498.6,55,5,Mobile,Net Banking,Documentary,21.3,70,1,3,0,1,0,1
CUST107798,26,Male,Central India,Basic,198.4,31,3,Mobile,Debit Card,Kids,16.1,17,2,3,0,0,0,1
CUST107799,53,Male,Central India,Standard,490.23,59,1,Mobile,Credit Card,Thriller,12.8,44,2,2,1,1,0,0
CUST107800,48,Female,South India,Premium,814.27,19,5,Laptop,Debit Card,Thriller,5.3,48,2,3,0,0,1,1
CUST107801,69,Male,West India,Basic,206.42,6,4,Tablet,Credit Card,Documentary,12.6,14,1,4,1,1,1,0
CUST107802,35,Male,East India,Premium,812.53,34,1,Mobile,Net Banking,Comedy,9.6,46,1,3,0,0,0,1
CUST107803,55,Male,South India,Basic,214.77,28,2,Laptop,Gift Card,Drama,6.8,4,0,4,0,1,1,0
CUST107804,18,Female,Central India,Standard,499.47,58,5,Mobile,Gift Card,Drama,8.9,61,2,3,0,0,1,0
CUST107805,59,Female,Central India,Premium,822.61,13,2,Mobile,Net Banking,Drama,5.5,83,1,2,1,0,1,0
CUST107806,17,Male,North India,Basic,180.75,52,5,Mobile,Gift Card,Documentary,24.0,6,3,4,0,1,0,0
CUST107807,55,Male,North India,Premium,796.75,10,4,Tablet,Gift Card,Thriller,7.7,73,0,4,0,1,0,0
CUST107808,37,Female,East India,Standard,501.23,41,3,Laptop,UPI,Drama,14.9,64,2,3,1,1,1,0
CUST107809,30,Female,West India,Basic,172.91,45,4,Mobile,UPI,Romance,10.1,86,1,3,0,1,0,0
CUST107810,25,Female,North India,Premium,820.22,7,2,Mobile,UPI,Kids,2.4,39,2,1,0,1,1,1
CUST107811,55,Female,Central India,Basic,185.97,18,1,Smart TV,Credit Card,Documentary,9.5,82,0,1,1,1,1,0
CUST107812,26,Female,South India,Basic,200.02,22,2,Mobile,UPI,Documentary,10.4,56,0,4,0,1,0,1
CUST107813,40,Male,West India,Standard,510.32,14,3,Mobile,Net Banking,Documentary,19.1,32,2,2,1,0,1,0
CUST107814,30,Male,East India,Premium,833.77,36,5,Laptop,UPI,Comedy,9.4,79,1,4,0,1,1,1
CUST107815,69,Male,South India,Premium,774.03,8,5,Mobile,Net Banking,Kids,3.9,33,2,4,0,1,1,1
CUST107816,40,Male,East India,Basic,207.95,12,2,Laptop,UPI,Action,3.2,29,0,1,0,1,0,1
CUST107817,63,Female,South India,Premium,794.86,40,1,Mobile,Gift Card,Comedy,16.2,23,0,2,1,1,1,0
CUST107818,68,Female,South India,Standard,508.72,48,5,Mobile,UPI,Thriller,6.2,35,0,4,0,0,1,0
CUST107819,39,Female,West India,Premium,813.06,33,5,Tablet,Net Banking,Documentary,10.6,15,1,4,0,1,1,0
CUST107820,44,Female,East India,Basic,205.27,24,3,Tablet,Net Banking,Comedy,0.0,82,2,3,0,0,0,1
CUST107821,59,Female,North India,Standard,500.19,42,3,Smart TV,Net Banking,Drama,20.1,57,2,3,0,1,0,0
CUST107822,21,Male,South India,Premium,783.15,39,1,Smart TV,UPI,Romance,4.3,2,3,2,1,1,1,1
CUST107823,52,Male,South India,Standard,484.21,14,5,Smart TV,Credit Card,Romance,15.5,80,0,1,0,0,1,0
CUST107824,44,Male,North India,Premium,811.08,49,4,Smart TV,Net Banking,Action,16.6,30,0,1,1,1,1,0
CUST107825,32,Male,West India,Basic,186.11,51,2,Laptop,Credit Card,Romance,22.8,2,1,2,0,1,1,0
CUST107826,40,Male,West India,Basic,205.38,5,5,Laptop,UPI,Documentary,3.9,11,3,4,0,1,1,1
CUST107827,45,Female,West India,Premium,818.53,19,2,Laptop,Credit Card,Comedy,10.4,37,0,4,1,1,1,0
CUST107828,16,Female,Central India,Premium,779.53,3,5,Smart TV,Credit Card,Drama,27.7,45,2,1,0,1,0,0
CUST107829,58,Female,Central India,Basic,218.59,1,3,Laptop,Net Banking,Romance,6.5,61,3,4,0,0,0,1
CUST107830,69,Female,West India,Basic,218.07,40,1,Mobile,UPI,Drama,9.6,69,2,2,0,0,0,1
CUST107831,46,Female,West India,Premium,804.14,41,4,Mobile,Net Banking,Romance,14.7,76,1,1,0,1,0,1
CUST107832,60,Male,North India,Premium,789.77,37,3,Smart TV,Gift Card,Comedy,15.7,52,1,4,0,0,1,0
CUST107833,15,Male,Central India,Standard,506.98,33,1,Mobile,Debit Card,Comedy,21.6,33,1,2,1,0,0,1
CUST107834,38,Male,East India,Standard,496.33,49,3,Smart TV,Credit Card,Romance,6.9,4,0,4,1,1,0,1
CUST107835,20,Female,West India,Premium,788.38,57,2,Laptop,UPI,Kids,7.0,85,1,4,0,1,0,1
CUST107836,18,Female,West India,Basic,201.07,46,5,Smart TV,Credit Card,Kids,11.0,72,0,1,1,0,0,0
CUST107837,28,Female,West India,Premium,785.86,17,3,Mobile,UPI,Kids,20.2,32,1,3,0,0,1,1
CUST107838,36,Female,South India,Standard,481.26,9,1,Laptop,Net Banking,Kids,6.4,26,0,2,1,1,0,0
CUST107839,60,Male,Central India,Standard,490.85,31,5,Mobile,Debit Card,Thriller,8.2,11,1,3,0,1,0,0
CUST107840,51,Female,East India,Standard,473.19,35,2,Tablet,Debit Card,Documentary,6.7,17,0,4,0,1,0,0
CUST107841,42,Male,South India,Standard,516.98,3,2,Mobile,Debit Card,Kids,8.8,46,0,4,1,1,1,1
CUST107842,57,Female,South India,Standard,506.75,13,4,Laptop,Debit Card,Drama,7.0,41,2,3,1,1,0,1
CUST107843,25,Male,East India,Premium,786.09,52,5,Tablet,Credit Card,Romance,12.4,72,1,2,0,1,1,0
CUST107844,17,Female,East India,Standard,491.35,37,2,Tablet,UPI,Thriller,8.6,88,0,3,0,0,0,0
CUST107845,37,Female,East India,Premium,810.38,38,3,Laptop,Gift Card,Drama,16.2,29,1,1,1,1,0,1
CUST107846,32,Male,East India,Basic,218.1,14,2,Laptop,UPI,Comedy,10.1,36,3,2,1,0,0,0
CUST107847,66,Male,East India,Premium,800.61,6,2,Smart TV,Credit Card,Drama,0.0,41,2,2,0,1,0,1
CUST107848,30,Female,West India,Basic,195.13,58,2,Smart TV,Net Banking,Romance,19.4,15,0,4,1,1,0,0
CUST107849,59,Male,East India,Basic,174.49,29,4,Smart TV,Gift Card,Drama,14.9,26,0,3,0,1,0,1
CUST107850,30,Female,East India,Basic,194.18,57,1,Laptop,Gift Card,Documentary,17.2,22,0,4,0,1,0,1
CUST107851,14,Female,Central India,Standard,481.93,49,2,Laptop,Gift Card,Comedy,8.3,69,0,3,1,1,1,0
CUST107852,22,Male,West India,Premium,781.49,9,1,Laptop,Credit Card,Drama,22.4,77,1,3,1,1,1,0
CUST107853,67,Female,South India,Standard,517.5,36,5,Smart TV,Debit Card,Action,14.6,26,0,2,0,1,1,1
CUST107854,57,Female,West India,Basic,197.24,23,1,Smart TV,Debit Card,Thriller,14.6,16,2,1,1,0,1,0
CUST107855,62,Male,North India,Basic,201.11,15,5,Tablet,Debit Card,Kids,0.0,5,0,4,0,1,0,1
CUST107856,59,Female,East India,Standard,505.1,54,4,Mobile,UPI,Kids,9.0,77,2,4,0,1,1,0
CUST107857,24,Female,South India,Basic,196.33,57,5,Mobile,Debit Card,Drama,13.9,82,1,4,1,1,0,1
CUST107858,59,Female,North India,Standard,500.02,50,5,Tablet,Gift Card,Drama,11.9,9,2,4,0,1,1,0
CUST107859,25,Female,South India,Standard,499.29,47,3,Smart TV,Debit Card,Thriller,6.7,44,1,3,0,1,1,1
CUST107860,62,Male,West India,Premium,792.6,59,4,Smart TV,Gift Card,Drama,0.0,55,2,4,1,1,1,0
CUST107861,59,Male,North India,Standard,503.11,50,2,Laptop,Gift Card,Comedy,11.1,30,0,1,1,1,0,0
CUST107862,69,Male,East India,Basic,197.67,7,4,Laptop,UPI,Drama,12.0,39,0,4,0,0,0,0
CUST107863,67,Female,East India,Premium,800.33,47,3,Mobile,Debit Card,Comedy,18.8,2,2,2,1,0,0,0
CUST107864,23,Male,North India,Standard,499.06,60,5,Mobile,Net Banking,Romance,13.9,46,0,1,0,0,0,0
CUST107865,31,Male,West India,Premium,828.33,25,4,Laptop,Debit Card,Comedy,11.2,23,0,2,0,0,0,0
CUST107866,47,Male,North India,Basic,213.85,37,3,Laptop,Net Banking,Comedy,10.8,10,0,1,0,1,0,1
CUST107867,51,Female,West India,Standard,510.64,23,2,Mobile,UPI,Kids,11.0,74,1,2,1,0,0,1
CUST107868,65,Male,South India,Premium,806.05,11,5,Laptop,Credit Card,Thriller,7.3,30,2,2,1,1,0,1
CUST107869,38,Male,West India,Basic,205.39,56,4,Smart TV,UPI,Romance,7.5,46,0,3,0,0,0,0
CUST107870,58,Female,North India,Standard,494.77,46,4,Smart TV,UPI,Comedy,11.2,77,1,3,0,1,0,1
CUST107871,26,Female,North India,Basic,215.81,8,5,Tablet,Net Banking,Drama,17.7,42,2,1,0,1,1,1
CUST107872,66,Female,South India,Standard,503.94,36,4,Smart TV,UPI,Documentary,14.8,10,0,4,1,1,1,0
CUST107873,57,Female,North India,Premium,807.76,42,5,Mobile,Gift Card,Comedy,13.1,55,0,1,0,1,1,1
CUST107874,56,Female,Central India,Standard,494.59,39,3,Mobile,UPI,Drama,1.3,5,1,4,0,0,1,1
CUST107875,36,Female,North India,Premium,785.94,1,5,Mobile,UPI,Drama,15.8,0,0,4,0,1,1,1
CUST107876,53,Male,Central India,Standard,516.03,52,2,Tablet,Net Banking,Action,12.4,75,1,1,0,1,1,1
CUST107877,13,Male,North India,Premium,800.94,44,5,Mobile,UPI,Drama,25.0,1,1,1,0,0,1,0
CUST107878,63,Female,North India,Standard,491.81,13,4,Smart TV,UPI,Action,10.6,35,0,1,1,1,0,0
CUST107879,55,Female,South India,Basic,204.14,16,5,Laptop,Debit Card,Drama,14.4,72,2,1,0,1,0,0
CUST107880,67,Male,Central India,Standard,497.43,46,5,Mobile,Gift Card,Comedy,13.1,79,1,4,1,0,0,1
CUST107881,34,Female,South India,Standard,522.25,13,5,Laptop,Gift Card,Kids,9.9,40,0,1,0,0,0,1
CUST107882,35,Female,Central India,Premium,793.66,37,2,Mobile,Gift Card,Action,10.2,64,0,1,0,1,1,1
CUST107883,68,Male,Central India,Standard,505.7,14,2,Mobile,UPI,Action,7.3,32,1,4,0,1,1,1
CUST107884,66,Female,East India,Standard,515.3,58,4,Tablet,Gift Card,Romance,13.8,65,0,2,1,0,0,1
CUST107885,31,Female,Central India,Premium,808.84,13,4,Mobile,Debit Card,Action,2.6,72,0,1,0,0,0,1
CUST107886,30,Male,South India,Premium,807.13,46,5,Laptop,Credit Card,Comedy,27.1,7,1,3,0,1,1,0
CUST107887,24,Male,South India,Standard,491.4,12,1,Laptop,Credit Card,Documentary,9.5,2,2,2,1,0,0,1
CUST107888,67,Male,West India,Premium,800.75,55,3,Mobile,Debit Card,Comedy,7.1,43,2,3,1,0,0,1
CUST107889,40,Male,North India,Standard,505.92,28,5,Mobile,Credit Card,Romance,9.1,10,3,3,1,1,1,0
CUST107890,40,Male,East India,Basic,201.54,22,3,Laptop,Credit Card,Documentary,16.0,0,0,4,1,1,0,0
CUST107891,45,Female,North India,Basic,221.23,20,2,Smart TV,Net Banking,Comedy,14.5,47,0,4,0,0,0,0
CUST107892,31,Female,South India,Premium,796.51,47,4,Mobile,UPI,Drama,10.1,69,1,2,1,1,1,0
CUST107893,40,Female,East India,Basic,199.5,19,1,Laptop,Net Banking,Comedy,7.8,41,1,3,0,0,0,1
CUST107894,64,Female,Central India,Standard,537.75,11,4,Laptop,Net Banking,Documentary,4.0,76,1,4,1,0,1,1
CUST107895,61,Female,South India,Premium,811.45,30,2,Mobile,Debit Card,Thriller,10.0,44,0,1,0,1,0,1
CUST107896,49,Male,South India,Basic,184.48,54,5,Mobile,Credit Card,Romance,12.5,86,1,2,0,0,0,0
CUST107897,38,Female,South India,Premium,806.47,26,2,Mobile,Debit Card,Drama,0.0,33,0,2,1,1,1,0
CUST107898,47,Female,South India,Premium,810.9,15,1,Smart TV,Gift Card,Action,16.1,31,0,2,0,0,0,0
CUST107899,46,Female,East India,Premium,786.98,30,5,Tablet,Net Banking,Comedy,13.4,60,2,1,1,1,0,0
CUST107900,47,Female,North India,Basic,194.49,29,5,Laptop,Credit Card,Kids,8.4,5,0,4,0,1,0,1
CUST107901,52,Female,North India,Basic,181.13,60,1,Mobile,UPI,Drama,10.5,77,1,2,0,1,1,0
CUST107902,28,Male,Central India,Premium,803.4,32,4,Laptop,Net Banking,Documentary,5.1,77,4,4,1,1,0,1
CUST107903,50,Female,South India,Basic,174.68,53,5,Laptop,Credit Card,Action,11.0,87,3,4,1,1,0,1
CUST107904,25,Female,South India,Standard,487.18,30,4,Laptop,Gift Card,Documentary,0.0,61,3,1,1,1,1,0
CUST107905,35,Female,North India,Standard,478.25,44,3,Smart TV,Debit Card,Drama,16.3,34,1,3,1,0,0,1
CUST107906,66,Female,Central India,Basic,203.93,51,1,Laptop,Credit Card,Drama,9.1,10,0,4,0,0,0,0
CUST107907,34,Female,West India,Premium,793.92,16,3,Laptop,Credit Card,Drama,0.0,13,1,4,1,1,0,1
CUST107908,28,Female,East India,Standard,504.96,36,5,Laptop,Net Banking,Drama,16.7,44,1,1,1,0,1,0
CUST107909,40,Male,North India,Basic,171.47,18,1,Mobile,Credit Card,Documentary,7.6,25,1,1,0,0,1,1
CUST107910,60,Female,East India,Basic,187.28,41,5,Laptop,Gift Card,Thriller,7.0,89,1,3,0,1,0,0
CUST107911,47,Male,North India,Basic,210.85,48,1,Laptop,UPI,Drama,7.8,39,0,2,1,1,1,0
CUST107912,57,Male,Central India,Basic,181.75,39,4,Mobile,Gift Card,Romance,7.0,33,1,4,0,1,1,0
CUST107913,58,Female,South India,Standard,514.34,28,2,Mobile,Credit Card,Action,13.9,78,2,4,1,0,0,0
CUST107914,20,Female,West India,Basic,196.72,58,2,Laptop,UPI,Documentary,9.4,65,2,3,0,0,0,0
CUST107915,56,Female,East India,Standard,486.45,19,1,Mobile,Gift Card,Comedy,7.7,21,1,2,0,1,0,1
CUST107916,67,Male,West India,Premium,787.4,56,3,Mobile,UPI,Comedy,8.4,40,4,4,0,1,0,0
CUST107917,67,Female,South India,Standard,502.21,56,1,Mobile,Net Banking,Documentary,17.7,58,0,2,0,0,0,0
CUST107918,34,Female,North India,Basic,231.92,11,4,Mobile,Credit Card,Documentary,6.3,81,1,4,1,0,0,1
CUST107919,33,Female,Central India,Premium,839.77,17,3,Tablet,UPI,Drama,9.8,31,2,3,1,0,0,0
CUST107920,38,Male,South India,Basic,178.97,21,1,Laptop,Debit Card,Romance,4.3,34,1,3,0,1,0,1
CUST107921,52,Male,West India,Premium,809.09,37,1,Mobile,Net Banking,Documentary,17.7,69,0,4,0,0,0,0
CUST107922,33,Female,West India,Standard,524.0,44,5,Mobile,Credit Card,Action,6.3,3,0,3,1,0,1,0
CUST107923,37,Male,West India,Standard,480.32,51,4,Mobile,Net Banking,Comedy,19.4,75,0,3,1,1,0,0
CUST107924,53,Female,North India,Premium,789.63,34,4,Smart TV,Debit Card,Action,24.9,7,1,4,0,1,1,0
CUST107925,13,Male,West India,Standard,503.36,33,2,Mobile,Credit Card,Romance,14.5,52,2,1,0,1,0,0
CUST107926,18,Female,North India,Premium,799.61,29,5,Laptop,Net Banking,Kids,6.2,84,1,1,1,0,0,1
CUST107927,35,Male,West India,Premium,778.23,4,3,Laptop,Net Banking,Romance,4.5,30,2,1,0,1,0,1
CUST107928,63,Female,East India,Standard,510.22,32,2,Laptop,UPI,Action,17.4,21,0,2,0,0,0,0
CUST107929,35,Female,East India,Standard,505.52,60,4,Laptop,UPI,Drama,12.0,13,1,2,0,1,0,0
CUST107930,55,Male,South India,Premium,813.12,11,1,Laptop,Net Banking,Kids,10.2,72,1,4,0,0,0,1
CUST107931,55,Male,South India,Standard,507.0,26,5,Smart TV,UPI,Romance,13.4,32,0,2,0,0,0,1
CUST107932,35,Male,Central India,Premium,806.91,18,4,Tablet,Credit Card,Documentary,4.6,15,1,4,1,0,0,0
CUST107933,44,Male,West India,Standard,499.43,53,4,Laptop,UPI,Kids,8.9,17,1,2,0,1,1,1
CUST107934,42,Male,West India,Standard,517.13,32,5,Smart TV,Credit Card,Comedy,4.5,15,1,4,0,0,0,1
CUST107935,25,Female,North India,Basic,179.09,60,4,Laptop,Credit Card,Comedy,12.4,29,2,4,1,0,1,1
CUST107936,55,Female,South India,Basic,182.53,27,2,Mobile,Credit Card,Comedy,14.3,11,2,2,0,0,0,1
CUST107937,30,Male,East India,Standard,515.45,16,5,Tablet,Credit Card,Action,17.0,13,3,4,0,0,0,1
CUST107938,35,Female,North India,Standard,494.76,10,4,Mobile,Net Banking,Kids,6.5,84,0,1,0,1,1,1
CUST107939,27,Female,East India,Standard,485.39,44,4,Smart TV,Gift Card,Comedy,16.4,5,1,2,1,1,0,0
CUST107940,45,Male,North India,Standard,511.67,34,5,Mobile,Gift Card,Comedy,0.0,23,2,4,1,1,0,1
CUST107941,33,Female,South India,Standard,509.13,33,1,Laptop,Credit Card,Action,3.7,12,0,4,1,1,0,1
CUST107942,69,Female,West India,Premium,769.16,10,3,Tablet,Gift Card,Drama,14.1,51,6,2,0,0,0,1
CUST107943,51,Male,West India,Basic,209.23,42,5,Smart TV,Credit Card,Action,13.5,80,0,4,0,1,0,0
CUST107944,35,Male,South India,Standard,489.54,60,1,Laptop,Gift Card,Romance,12.7,73,0,1,0,0,0,0
CUST107945,39,Female,East India,Basic,206.36,26,4,Mobile,Debit Card,Action,0.7,76,2,2,0,1,0,1
CUST107946,57,Male,Central India,Standard,497.82,42,2,Mobile,UPI,Kids,16.6,70,0,3,1,1,0,0
CUST107947,56,Female,Central India,Basic,208.21,25,4,Mobile,Gift Card,Drama,12.1,68,1,4,0,1,0,0
CUST107948,30,Male,South India,Standard,498.84,2,4,Mobile,Credit Card,Thriller,11.4,13,1,2,0,1,1,0
CUST107949,36,Male,North India,Standard,480.29,26,1,Smart TV,UPI,Kids,14.7,84,2,4,0,1,0,0
CUST107950,63,Male,West India,Basic,174.86,20,5,Laptop,UPI,Thriller,7.7,81,2,3,0,1,1,0
CUST107951,59,Male,East India,Standard,478.8,3,3,Mobile,Net Banking,Documentary,17.6,77,2,2,0,1,0,0
CUST107952,52,Female,Central India,Premium,782.3,32,3,Mobile,Net Banking,Documentary,11.9,38,1,1,0,0,1,1
CUST107953,63,Male,West India,Basic,205.58,1,5,Mobile,Gift Card,Romance,12.6,47,1,3,0,1,0,1
CUST107954,54,Male,South India,Standard,513.4,24,5,Mobile,Net Banking,Action,15.0,25,2,3,0,1,0,0
CUST107955,19,Female,West India,Standard,494.33,50,2,Mobile,Credit Card,Romance,0.2,27,3,3,1,1,0,1
CUST107956,62,Female,Central India,Basic,185.56,43,5,Mobile,Net Banking,Documentary,7.6,64,1,3,0,0,0,0
CUST107957,60,Female,East India,Basic,199.46,56,2,Smart TV,Debit Card,Thriller,8.0,12,3,1,0,1,0,1
CUST107958,32,Female,North India,Basic,169.4,44,5,Laptop,Gift Card,Documentary,6.2,85,0,1,0,0,1,0
CUST107959,39,Male,North India,Premium,808.29,33,2,Mobile,UPI,Romance,11.9,44,2,4,1,1,0,1
CUST107960,18,Female,West India,Basic,197.93,38,5,Laptop,UPI,Romance,8.0,2,1,3,1,0,0,1
CUST107961,39,Male,North India,Basic,200.11,48,5,Smart TV,Debit Card,Thriller,15.3,49,2,2,1,0,1,0
CUST107962,21,Female,Central India,Basic,190.95,52,3,Smart TV,Credit Card,Thriller,11.8,84,2,1,1,1,0,1
CUST107963,65,Male,East India,Standard,489.64,35,4,Laptop,UPI,Action,6.0,0,1,3,0,0,0,0
CUST107964,57,Female,North India,Standard,474.26,17,4,Mobile,Debit Card,Documentary,11.6,51,1,2,0,0,0,1
CUST107965,69,Male,North India,Standard,512.02,58,2,Tablet,Net Banking,Documentary,4.0,37,1,4,0,0,0,1
CUST107966,43,Male,South India,Standard,480.1,48,1,Mobile,Gift Card,Romance,3.0,9,1,1,1,0,0,1
CUST107967,33,Female,North India,Standard,488.19,43,3,Smart TV,Debit Card,Drama,8.6,87,0,2,0,1,0,1
CUST107968,38,Male,North India,Basic,184.78,48,5,Mobile,Debit Card,Drama,13.4,62,0,4,0,1,1,0
CUST107969,52,Male,Central India,Standard,511.49,44,3,Smart TV,Net Banking,Thriller,13.8,51,1,1,0,1,0,1
CUST107970,60,Male,North India,Standard,490.24,33,1,Smart TV,Credit Card,Kids,13.9,7,2,1,0,0,0,0
CUST107971,57,Male,South India,Standard,513.45,11,3,Tablet,Net Banking,Action,6.9,57,1,1,0,0,1,1
CUST107972,25,Female,South India,Standard,507.74,23,1,Smart TV,Net Banking,Comedy,6.7,48,3,2,1,1,1,0
CUST107973,61,Male,South India,Standard,484.84,38,1,Smart TV,UPI,Romance,0.0,3,0,2,1,1,0,0
CUST107974,35,Male,North India,Basic,197.48,32,1,Tablet,Debit Card,Documentary,1.5,33,6,2,1,1,1,1
CUST107975,32,Female,West India,Basic,173.55,19,1,Smart TV,Debit Card,Documentary,20.3,31,0,3,0,0,0,1
CUST107976,49,Female,West India,Standard,504.99,12,1,Smart TV,Net Banking,Thriller,10.6,24,1,2,0,1,0,0
CUST107977,66,Female,Central India,Standard,489.17,28,5,Tablet,Net Banking,Thriller,7.4,30,2,4,1,1,0,0
CUST107978,65,Male,West India,Basic,183.16,2,3,Laptop,Debit Card,Documentary,15.2,9,0,4,0,1,0,0
CUST107979,40,Male,Central India,Premium,794.89,10,4,Tablet,Debit Card,Thriller,12.9,34,2,4,1,1,0,0
CUST107980,29,Female,Central India,Standard,492.04,19,4,Mobile,Debit Card,Action,12.1,39,2,2,1,1,0,1
CUST107981,40,Male,South India,Basic,203.24,28,5,Smart TV,Credit Card,Documentary,7.7,76,2,2,0,0,0,0
CUST107982,53,Female,East India,Standard,527.5,47,2,Mobile,Net Banking,Documentary,9.6,59,1,3,0,0,0,0
CUST107983,14,Male,Central India,Basic,218.84,8,1,Laptop,Net Banking,Drama,14.0,77,1,4,0,1,1,1
CUST107984,37,Female,North India,Standard,481.09,43,3,Tablet,UPI,Thriller,16.2,67,1,1,1,1,0,0
CUST107985,62,Male,South India,Standard,522.03,23,1,Mobile,UPI,Kids,9.4,2,2,1,0,0,0,0
CUST107986,53,Female,North India,Basic,199.7,48,1,Mobile,Gift Card,Drama,13.9,66,0,2,0,0,0,1
CUST107987,18,Male,North India,Premium,760.85,45,4,Mobile,Debit Card,Thriller,0.1,2,2,2,0,0,0,1
CUST107988,23,Female,West India,Premium,795.59,30,1,Smart TV,Debit Card,Comedy,5.4,63,5,3,0,1,0,0
CUST107989,69,Male,North India,Basic,175.63,28,3,Mobile,Gift Card,Documentary,8.0,47,2,1,1,1,0,0
CUST107990,50,Male,Central India,Standard,492.43,13,3,Smart TV,Net Banking,Drama,3.6,52,1,2,0,1,1,1
CUST107991,18,Male,North India,Basic,227.63,55,4,Mobile,Debit Card,Documentary,7.2,7,3,2,0,1,1,1
CUST107992,57,Female,North India,Premium,779.34,37,5,Tablet,UPI,Romance,25.9,46,2,1,0,0,0,0
CUST107993,23,Male,West India,Basic,178.9,12,4,Smart TV,Credit Card,Drama,21.2,60,1,4,0,0,0,1
CUST107994,26,Male,North India,Standard,497.52,10,4,Smart TV,Net Banking,Drama,2.5,26,1,3,0,1,0,0
CUST107995,14,Male,Central India,Basic,186.74,51,1,Mobile,Credit Card,Comedy,8.6,72,2,2,0,0,0,1
CUST107996,52,Female,Central India,Basic,195.17,17,2,Mobile,Credit Card,Documentary,8.0,69,1,2,1,1,0,1
CUST107997,15,Male,North India,Standard,500.63,1,5,Smart TV,Gift Card,Action,6.2,19,3,2,1,1,0,1
CUST107998,67,Female,Central India,Standard,476.79,22,5,Laptop,Credit Card,Thriller,2.0,9,3,3,1,1,1,1
CUST107999,65,Male,Central India,Standard,502.43,15,5,Tablet,Debit Card,Documentary,9.3,27,1,2,1,0,0,1
CUST108000,47,Female,West India,Standard,487.58,16,1,Mobile,Gift Card,Thriller,5.2,67,0,4,1,1,0,0
CUST108001,45,Female,South India,Standard,515.08,20,4,Laptop,UPI,Action,2.2,51,2,1,1,1,1,1
CUST108002,36,Male,South India,Basic,185.9,55,1,Mobile,Credit Card,Kids,6.0,1,0,2,1,0,1,0
CUST108003,31,Female,East India,Basic,188.33,10,3,Laptop,Debit Card,Kids,17.0,37,2,3,0,1,0,1
CUST108004,30,Female,South India,Standard,485.03,42,2,Mobile,Debit Card,Action,6.9,0,0,2,1,1,0,0
CUST108005,61,Male,North India,Standard,492.79,26,2,Mobile,UPI,Thriller,6.8,42,0,3,0,1,0,0
CUST108006,64,Female,Central India,Premium,777.38,49,1,Smart TV,Gift Card,Thriller,10.1,57,2,1,1,1,0,1
CUST108007,36,Female,South India,Basic,206.83,54,4,Laptop,Gift Card,Thriller,16.5,63,2,4,1,1,0,0
CUST108008,57,Female,West India,Standard,491.09,23,5,Mobile,Gift Card,Action,1.5,2,2,2,1,1,0,1
CUST108009,47,Female,East India,Basic,211.18,17,3,Mobile,UPI,Action,13.6,68,2,3,0,1,0,0
CUST108010,13,Male,North India,Premium,799.88,34,3,Laptop,UPI,Action,11.2,7,0,2,0,0,0,1
CUST108011,48,Female,South India,Premium,824.68,41,2,Smart TV,UPI,Romance,15.3,15,0,4,0,1,0,0
CUST108012,37,Female,Central India,Basic,195.13,57,4,Laptop,Gift Card,Romance,13.7,75,0,2,1,1,1,1
CUST108013,57,Male,West India,Standard,493.63,22,5,Mobile,Credit Card,Documentary,21.4,83,3,2,1,1,0,0
CUST108014,61,Male,South India,Standard,507.83,59,2,Laptop,UPI,Thriller,6.5,13,0,4,1,0,0,0
CUST108015,55,Female,Central India,Basic,167.85,4,4,Smart TV,UPI,Romance,4.7,32,1,4,0,0,0,0
CUST108016,46,Male,South India,Standard,491.8,7,5,Laptop,Gift Card,Documentary,6.1,42,2,4,0,0,1,1
CUST108017,37,Male,North India,Standard,497.7,5,1,Mobile,UPI,Comedy,11.6,41,1,3,0,1,0,0
CUST108018,28,Male,East India,Basic,209.87,31,4,Laptop,Credit Card,Action,16.9,45,0,4,1,0,0,1
CUST108019,46,Male,Central India,Standard,512.96,19,3,Smart TV,Gift Card,Kids,18.6,46,2,2,1,1,1,1
CUST108020,41,Male,East India,Basic,215.79,4,4,Smart TV,UPI,Documentary,6.4,87,2,3,1,1,1,1
CUST108021,31,Male,East India,Standard,494.57,50,4,Mobile,UPI,Action,20.6,1,1,1,1,1,0,0
CUST108022,35,Male,West India,Premium,787.95,22,4,Smart TV,Net Banking,Drama,11.5,69,3,3,0,1,1,1
CUST108023,31,Male,Central India,Standard,499.88,3,5,Smart TV,Net Banking,Thriller,9.6,32,1,4,1,1,0,1
CUST108024,37,Male,West India,Basic,195.01,23,5,Laptop,Debit Card,Romance,9.6,68,2,1,0,1,0,1
CUST108025,28,Female,East India,Basic,173.88,4,1,Laptop,Debit Card,Romance,18.1,58,1,2,0,1,0,1
CUST108026,66,Female,North India,Standard,501.46,46,1,Smart TV,UPI,Action,4.6,43,3,1,0,1,1,1
CUST108027,63,Female,North India,Basic,185.28,24,5,Mobile,Net Banking,Romance,12.2,87,3,3,1,0,1,0
CUST108028,21,Female,South India,Standard,495.58,59,5,Tablet,Debit Card,Thriller,11.0,27,1,2,1,1,0,0
CUST108029,13,Female,South India,Basic,194.67,14,2,Tablet,Gift Card,Documentary,2.0,47,0,2,0,0,0,1
CUST108030,54,Male,Central India,Premium,831.12,49,4,Mobile,Net Banking,Drama,0.0,63,0,2,1,1,0,1
CUST108031,31,Male,North India,Premium,812.49,41,4,Smart TV,Credit Card,Thriller,10.6,57,1,1,1,1,0,1
CUST108032,45,Female,East India,Premium,808.61,51,3,Mobile,Credit Card,Comedy,2.6,17,2,2,0,1,0,1
CUST108033,46,Female,North India,Basic,213.58,3,5,Laptop,Credit Card,Action,8.4,88,1,4,1,0,0,0
CUST108034,28,Male,Central India,Standard,493.81,47,5,Mobile,Credit Card,Thriller,9.7,36,1,3,0,0,0,1
CUST108035,56,Female,South India,Basic,180.34,21,1,Tablet,Net Banking,Kids,0.0,28,2,1,1,1,0,0
CUST108036,52,Male,South India,Premium,766.59,26,1,Smart TV,Gift Card,Kids,8.9,51,3,4,0,1,1,0
CUST108037,67,Female,West India,Basic,207.11,1,4,Mobile,Credit Card,Comedy,6.7,60,1,1,1,1,0,1
CUST108038,30,Male,South India,Premium,807.31,30,4,Laptop,Gift Card,Thriller,6.7,76,1,3,0,1,0,0
CUST108039,46,Female,East India,Standard,487.6,51,5,Smart TV,Debit Card,Documentary,7.0,52,2,4,1,0,0,1
CUST108040,37,Male,Central India,Premium,789.44,4,4,Smart TV,Debit Card,Kids,7.6,79,2,3,1,1,0,0
CUST108041,57,Female,South India,Standard,486.98,14,5,Mobile,UPI,Romance,3.6,76,2,4,0,1,1,0
CUST108042,18,Female,South India,Standard,487.01,18,3,Mobile,Net Banking,Action,33.5,19,0,4,1,0,0,0
CUST108043,33,Male,East India,Premium,791.43,12,3,Tablet,Credit Card,Action,0.0,66,0,2,0,1,0,0
CUST108044,18,Male,South India,Basic,204.04,38,2,Smart TV,Gift Card,Comedy,12.5,42,1,1,0,1,0,0
CUST108045,44,Female,East India,Premium,814.93,42,1,Mobile,Gift Card,Kids,8.1,57,1,4,0,1,0,1
CUST108046,53,Female,South India,Premium,798.64,36,2,Mobile,Net Banking,Kids,5.2,13,2,1,1,1,0,0
CUST108047,60,Male,East India,Premium,818.0,16,3,Smart TV,Debit Card,Romance,13.5,11,0,2,0,1,0,1
CUST108048,55,Male,South India,Basic,234.57,1,4,Mobile,Net Banking,Drama,16.4,32,1,1,1,0,1,1
CUST108049,51,Male,Central India,Basic,204.99,3,1,Mobile,Gift Card,Kids,11.0,80,0,3,1,0,1,1
CUST108050,43,Female,West India,Standard,498.08,39,1,Mobile,Net Banking,Drama,10.9,81,0,4,1,1,1,0
CUST108051,54,Female,West India,Premium,764.11,35,2,Smart TV,Debit Card,Comedy,11.3,11,3,4,0,0,0,1
CUST108052,22,Male,North India,Basic,208.06,54,1,Mobile,Debit Card,Thriller,8.6,44,0,4,1,1,0,0
CUST108053,42,Female,West India,Basic,199.94,59,3,Mobile,Credit Card,Drama,14.3,25,1,1,0,1,0,0
CUST108054,69,Female,East India,Basic,200.31,15,4,Mobile,Credit Card,Romance,2.9,27,0,4,0,1,0,1
CUST108055,64,Male,East India,Premium,795.66,38,2,Laptop,Credit Card,Action,2.4,76,1,4,0,1,0,0
CUST108056,30,Female,West India,Premium,792.48,16,4,Laptop,Debit Card,Comedy,16.6,11,0,4,1,0,0,1
CUST108057,36,Male,East India,Basic,184.01,17,2,Laptop,Gift Card,Comedy,0.0,56,0,3,1,1,0,1
CUST108058,64,Male,Central India,Basic,211.11,34,5,Smart TV,Credit Card,Action,8.4,3,0,2,0,1,1,0
CUST108059,21,Female,East India,Standard,458.37,10,1,Laptop,Net Banking,Drama,2.3,83,0,1,0,1,0,1
CUST108060,43,Female,Central India,Basic,205.65,11,5,Smart TV,Gift Card,Documentary,8.9,56,0,2,0,1,1,0
CUST108061,27,Male,Central India,Standard,476.26,28,1,Smart TV,UPI,Romance,6.5,9,2,2,0,1,1,1
CUST108062,16,Male,Central India,Standard,518.19,27,5,Mobile,Credit Card,Comedy,15.6,48,0,4,0,1,0,0
CUST108063,52,Male,South India,Standard,494.01,38,4,Mobile,UPI,Kids,20.4,44,1,1,0,0,0,1
CUST108064,21,Female,North India,Premium,807.39,18,3,Mobile,Credit Card,Thriller,3.3,46,1,3,1,0,1,1
CUST108065,57,Male,East India,Standard,501.87,47,2,Smart TV,Gift Card,Comedy,4.9,73,1,2,1,0,1,0
CUST108066,21,Male,South India,Basic,216.92,48,1,Tablet,UPI,Romance,7.0,27,2,1,0,0,0,1
CUST108067,38,Male,North India,Premium,826.67,30,2,Mobile,Debit Card,Kids,8.8,11,1,1,0,0,0,1
CUST108068,16,Male,South India,Basic,216.39,13,3,Smart TV,Credit Card,Kids,15.2,21,0,3,0,0,0,0
CUST108069,29,Female,East India,Premium,808.28,16,5,Smart TV,Net Banking,Documentary,3.9,63,1,2,1,1,0,0
CUST108070,28,Female,Central India,Basic,194.74,2,4,Smart TV,UPI,Action,8.4,84,0,3,1,1,0,1
CUST108071,27,Male,South India,Premium,806.28,20,2,Mobile,Net Banking,Kids,8.6,44,1,3,1,1,0,0
CUST108072,47,Female,North India,Basic,214.43,12,5,Mobile,UPI,Romance,7.3,14,2,4,0,1,0,1
CUST108073,69,Female,North India,Basic,193.21,29,1,Mobile,Gift Card,Drama,13.6,79,4,2,0,1,1,0
CUST108074,64,Female,North India,Standard,500.02,46,2,Laptop,Net Banking,Action,8.5,63,1,3,1,0,0,1
CUST108075,17,Male,South India,Premium,787.56,8,2,Mobile,Credit Card,Action,0.2,65,0,2,0,0,1,1
CUST108076,67,Female,North India,Premium,812.0,38,1,Smart TV,Debit Card,Drama,1.9,49,0,3,1,1,1,0
CUST108077,17,Female,West India,Basic,206.52,46,3,Tablet,Gift Card,Action,9.3,78,0,4,0,0,0,0
CUST108078,32,Male,North India,Basic,179.94,56,5,Smart TV,UPI,Kids,20.9,78,1,2,0,0,0,1
CUST108079,27,Male,North India,Standard,504.07,47,2,Smart TV,Credit Card,Action,13.1,86,1,1,1,0,1,0
CUST108080,30,Female,South India,Basic,196.07,20,5,Mobile,UPI,Comedy,15.8,81,2,4,1,1,0,1
CUST108081,59,Female,East India,Premium,800.91,59,4,Smart TV,Net Banking,Thriller,9.8,42,0,2,0,1,1,0
CUST108082,14,Male,South India,Standard,488.5,35,5,Smart TV,Net Banking,Drama,10.1,32,0,2,1,1,0,0
CUST108083,41,Male,South India,Premium,818.76,39,5,Laptop,Debit Card,Comedy,11.5,36,3,4,1,1,0,1
CUST108084,25,Male,West India,Standard,489.17,31,1,Smart TV,Net Banking,Kids,10.4,16,1,4,0,0,0,1
CUST108085,16,Male,East India,Standard,530.88,16,5,Smart TV,Gift Card,Documentary,11.2,25,1,1,0,1,1,0
CUST108086,54,Female,South India,Premium,801.25,23,3,Tablet,UPI,Comedy,16.5,42,2,1,1,1,1,0
CUST108087,57,Male,West India,Basic,194.6,34,5,Laptop,UPI,Comedy,10.5,57,3,2,0,1,0,1
CUST108088,22,Female,South India,Basic,205.73,32,4,Smart TV,Gift Card,Action,9.4,8,0,4,1,1,0,0
CUST108089,43,Female,West India,Premium,803.64,17,5,Smart TV,Net Banking,Thriller,19.7,20,1,3,0,0,0,1
CUST108090,53,Female,Central India,Basic,228.69,43,1,Laptop,Net Banking,Comedy,13.0,64,1,4,1,0,1,1
CUST108091,20,Male,North India,Basic,205.97,24,4,Laptop,Gift Card,Documentary,0.0,62,1,3,0,1,0,0
CUST108092,15,Male,North India,Premium,771.18,35,1,Mobile,Debit Card,Action,5.1,72,1,3,0,1,0,1
CUST108093,60,Female,South India,Standard,489.48,54,3,Smart TV,Credit Card,Romance,2.1,26,0,3,0,1,1,0
CUST108094,58,Female,West India,Standard,511.15,23,3,Mobile,Credit Card,Comedy,13.2,77,0,1,1,0,0,1
CUST108095,21,Female,Central India,Standard,496.39,8,1,Smart TV,Net Banking,Romance,17.9,35,0,4,0,1,0,0
CUST108096,42,Female,North India,Basic,191.47,54,3,Tablet,Credit Card,Documentary,14.7,58,1,3,0,1,0,0
CUST108097,65,Female,South India,Premium,788.94,23,1,Mobile,Credit Card,Drama,9.2,45,2,1,1,0,0,1
CUST108098,23,Male,South India,Basic,185.2,21,2,Mobile,Credit Card,Kids,20.5,29,2,3,0,0,0,1
CUST108099,47,Male,West India,Standard,502.82,19,5,Mobile,Net Banking,Comedy,11.8,81,0,2,1,1,0,1
CUST108100,49,Male,East India,Premium,789.02,31,2,Mobile,UPI,Drama,15.5,16,2,2,1,1,0,0
CUST108101,54,Female,South India,Standard,519.17,50,3,Mobile,Net Banking,Drama,12.4,80,2,4,1,1,0,1
CUST108102,25,Female,Central India,Premium,786.57,7,1,Smart TV,Net Banking,Documentary,3.4,51,2,3,1,1,0,1
CUST108103,48,Male,Central India,Premium,779.46,48,1,Laptop,Debit Card,Action,7.6,46,0,2,0,0,1,1
CUST108104,68,Male,East India,Standard,498.71,24,1,Laptop,Debit Card,Thriller,13.0,87,1,1,0,1,0,0
CUST108105,25,Female,Central India,Basic,168.47,46,1,Mobile,Net Banking,Thriller,12.1,36,1,2,0,0,1,0
CUST108106,24,Male,West India,Standard,462.91,8,5,Laptop,Gift Card,Comedy,9.1,13,1,1,1,1,0,0
CUST108107,49,Male,South India,Premium,808.37,13,4,Mobile,Gift Card,Kids,7.5,35,0,2,0,1,0,1
CUST108108,22,Male,West India,Standard,499.82,3,2,Mobile,Debit Card,Documentary,13.6,34,0,2,0,1,0,0
CUST108109,68,Female,East India,Standard,467.71,34,3,Tablet,Debit Card,Drama,16.0,57,1,2,1,1,0,1
CUST108110,21,Female,East India,Standard,500.36,13,1,Mobile,UPI,Comedy,11.6,49,1,2,1,0,0,1
CUST108111,64,Male,West India,Basic,194.62,57,2,Mobile,Debit Card,Action,19.6,5,2,4,1,1,1,1
CUST108112,19,Female,North India,Basic,176.15,54,4,Mobile,Credit Card,Kids,17.2,61,2,1,0,0,0,1
CUST108113,14,Male,East India,Premium,809.97,58,2,Tablet,Net Banking,Kids,7.3,61,2,2,0,0,0,0
CUST108114,66,Male,South India,Standard,521.78,32,3,Mobile,Net Banking,Thriller,14.7,37,1,2,0,1,0,0
CUST108115,68,Female,East India,Basic,227.87,35,1,Mobile,Net Banking,Kids,27.1,84,3,3,0,1,0,1
CUST108116,35,Female,West India,Premium,803.9,21,3,Smart TV,UPI,Thriller,5.2,8,4,2,1,1,0,1
CUST108117,51,Female,West India,Standard,499.34,1,1,Mobile,UPI,Drama,13.7,12,1,2,0,0,0,0
CUST108118,52,Male,Central India,Premium,825.61,2,4,Mobile,Credit Card,Kids,0.0,79,0,1,0,1,0,0
CUST108119,51,Male,North India,Basic,202.79,57,3,Mobile,Net Banking,Comedy,14.5,22,0,4,1,1,0,0
CUST108120,33,Male,West India,Premium,793.89,42,2,Smart TV,Credit Card,Kids,15.5,32,2,1,1,1,0,1
CUST108121,35,Female,Central India,Standard,489.16,43,4,Smart TV,Debit Card,Comedy,9.7,53,1,2,1,1,1,1
CUST108122,41,Male,Central India,Standard,507.31,26,3,Laptop,Net Banking,Thriller,8.3,44,4,2,1,0,0,1
CUST108123,26,Male,South India,Basic,174.45,3,1,Mobile,Credit Card,Romance,10.0,47,2,2,1,1,1,1
CUST108124,38,Male,Central India,Basic,216.39,24,4,Smart TV,UPI,Action,2.9,84,0,4,0,0,0,1
CUST108125,63,Male,North India,Basic,178.14,26,1,Smart TV,UPI,Documentary,8.0,67,2,1,0,1,0,0
CUST108126,17,Female,South India,Premium,786.28,8,5,Mobile,UPI,Kids,9.4,60,1,3,1,0,0,0
CUST108127,67,Female,West India,Basic,203.64,47,2,Smart TV,Credit Card,Drama,14.8,51,1,4,0,1,0,0
CUST108128,43,Female,West India,Standard,525.18,37,1,Laptop,Credit Card,Thriller,0.0,45,1,3,1,0,0,1
CUST108129,37,Male,Central India,Basic,194.97,8,3,Tablet,Credit Card,Thriller,11.1,43,2,4,1,1,0,1
CUST108130,43,Male,East India,Basic,183.24,18,5,Smart TV,Gift Card,Comedy,4.9,74,0,1,1,1,1,0
CUST108131,62,Male,North India,Basic,215.01,18,4,Laptop,Net Banking,Drama,10.3,48,1,1,1,0,1,0
CUST108132,32,Female,North India,Premium,792.39,12,3,Laptop,Gift Card,Thriller,22.1,36,0,4,0,0,1,0
CUST108133,56,Female,Central India,Premium,773.81,36,4,Tablet,Gift Card,Thriller,6.9,40,1,1,0,1,0,0
CUST108134,67,Female,North India,Premium,808.09,40,5,Laptop,Debit Card,Kids,1.9,21,5,4,1,1,0,0
CUST108135,29,Female,South India,Premium,795.67,2,3,Mobile,Debit Card,Romance,0.4,41,0,1,0,0,0,0
CUST108136,57,Female,Central India,Basic,195.34,20,1,Mobile,UPI,Romance,10.8,57,5,3,1,1,0,1
CUST108137,14,Male,East India,Premium,810.06,56,3,Laptop,Gift Card,Thriller,17.4,51,1,1,1,1,1,0
CUST108138,37,Female,West India,Standard,511.42,3,2,Smart TV,Debit Card,Kids,0.1,52,2,3,0,1,0,0
CUST108139,25,Female,North India,Premium,787.73,40,1,Mobile,Gift Card,Drama,14.3,48,0,4,0,0,0,1
CUST108140,51,Female,West India,Basic,200.84,44,2,Smart TV,Net Banking,Kids,6.0,12,0,2,1,0,0,1
CUST108141,40,Male,East India,Premium,775.63,34,3,Tablet,Gift Card,Thriller,9.8,61,0,4,0,0,0,0
CUST108142,54,Female,East India,Basic,195.14,49,3,Mobile,UPI,Thriller,18.1,35,2,4,0,1,1,0
CUST108143,67,Female,South India,Basic,185.84,46,4,Smart TV,Credit Card,Kids,8.1,51,0,3,0,1,0,1
CUST108144,18,Female,East India,Basic,195.85,46,3,Smart TV,UPI,Comedy,12.9,40,1,4,0,1,0,1
CUST108145,15,Male,East India,Basic,192.86,6,1,Mobile,Gift Card,Action,6.3,36,0,4,1,0,0,1
CUST108146,47,Male,North India,Standard,496.27,40,2,Mobile,Gift Card,Documentary,8.3,18,2,1,0,0,1,0
CUST108147,30,Female,West India,Premium,773.93,57,5,Laptop,Credit Card,Romance,9.5,57,1,2,0,1,0,0
CUST108148,23,Female,North India,Premium,779.23,10,2,Tablet,UPI,Kids,8.5,23,3,1,0,1,1,0
CUST108149,66,Female,North India,Basic,195.75,24,4,Tablet,UPI,Drama,0.0,62,0,1,0,1,0,1
CUST108150,32,Female,Central India,Basic,221.42,18,5,Mobile,Gift Card,Documentary,10.6,54,2,3,0,1,1,1
CUST108151,17,Male,Central India,Standard,509.98,33,5,Mobile,Net Banking,Thriller,13.6,3,1,3,1,1,0,0
CUST108152,31,Female,South India,Premium,805.51,39,3,Tablet,Debit Card,Action,10.8,24,0,2,0,1,0,1
CUST108153,34,Male,South India,Basic,190.07,7,4,Laptop,Gift Card,Comedy,15.3,60,0,3,1,1,0,1
CUST108154,31,Female,East India,Standard,484.83,45,4,Laptop,Gift Card,Comedy,11.8,30,2,4,1,1,0,0
CUST108155,59,Male,South India,Basic,208.37,48,3,Mobile,Debit Card,Drama,1.7,20,1,3,0,1,0,0
CUST108156,28,Male,South India,Standard,481.53,44,1,Smart TV,Credit Card,Romance,7.5,4,0,1,0,0,0,0
CUST108157,36,Female,East India,Basic,223.48,29,3,Laptop,Gift Card,Action,4.2,67,1,1,1,0,0,1
CUST108158,53,Male,West India,Basic,198.35,19,4,Smart TV,Net Banking,Kids,0.0,4,3,4,0,1,0,0
CUST108159,16,Female,East India,Basic,229.22,38,5,Smart TV,Credit Card,Romance,16.2,15,1,3,1,1,0,1
CUST108160,27,Male,East India,Basic,224.55,39,1,Laptop,Credit Card,Drama,27.3,11,3,2,1,1,0,0
CUST108161,37,Male,West India,Basic,205.32,25,4,Laptop,Credit Card,Comedy,6.0,64,2,2,0,1,1,1
CUST108162,56,Female,East India,Standard,504.73,17,4,Mobile,Gift Card,Thriller,11.2,65,3,2,1,0,0,0
CUST108163,67,Female,Central India,Basic,189.32,51,3,Mobile,Credit Card,Drama,4.5,71,1,2,0,1,0,0
CUST108164,47,Male,South India,Basic,218.83,37,2,Laptop,UPI,Action,11.3,42,1,3,0,1,1,1
CUST108165,67,Male,East India,Basic,193.28,3,4,Mobile,Gift Card,Kids,17.3,24,2,3,1,1,1,0
CUST108166,26,Female,North India,Premium,773.67,24,2,Tablet,Gift Card,Drama,13.0,45,1,2,0,1,0,0
CUST108167,61,Female,South India,Standard,516.31,58,1,Laptop,Debit Card,Kids,16.0,0,0,2,0,1,1,0
CUST108168,31,Female,Central India,Standard,507.19,54,5,Laptop,Credit Card,Comedy,18.9,77,1,2,0,0,0,0
CUST108169,50,Male,Central India,Standard,491.28,18,2,Mobile,Gift Card,Drama,20.4,31,1,4,0,0,0,0
CUST108170,48,Female,East India,Basic,202.97,49,2,Mobile,Net Banking,Thriller,11.9,60,0,3,0,1,0,0
CUST108171,19,Female,West India,Basic,199.49,26,2,Mobile,Net Banking,Kids,4.9,28,1,1,1,1,1,0
CUST108172,42,Male,North India,Standard,521.17,21,2,Smart TV,Gift Card,Comedy,6.1,47,2,4,0,1,0,1
CUST108173,31,Female,East India,Standard,483.9,11,2,Mobile,Gift Card,Kids,9.1,82,1,2,1,1,1,0
CUST108174,61,Female,West India,Premium,821.35,57,1,Mobile,Net Banking,Drama,8.4,22,1,3,1,0,0,1
CUST108175,37,Female,Central India,Premium,818.95,58,4,Mobile,Net Banking,Documentary,1.6,68,0,1,0,0,1,1
CUST108176,28,Female,South India,Standard,489.39,41,5,Smart TV,UPI,Kids,9.9,86,2,1,0,1,0,1
CUST108177,59,Male,Central India,Standard,505.31,17,4,Smart TV,Net Banking,Documentary,10.8,52,1,4,0,1,1,0
CUST108178,66,Female,East India,Basic,207.22,51,1,Smart TV,UPI,Comedy,4.6,70,0,3,1,0,0,0
CUST108179,52,Female,West India,Basic,243.68,45,1,Mobile,Gift Card,Thriller,9.7,77,2,1,1,0,0,1
CUST108180,63,Female,East India,Premium,787.29,38,2,Tablet,Credit Card,Romance,3.0,86,2,2,1,1,0,0
CUST108181,20,Female,Central India,Basic,170.12,21,1,Smart TV,Credit Card,Romance,11.5,25,3,2,1,0,0,0
CUST108182,30,Female,North India,Premium,768.85,4,1,Mobile,Debit Card,Action,5.1,70,0,3,1,1,0,0
CUST108183,40,Female,Central India,Standard,502.17,32,2,Mobile,UPI,Thriller,11.9,20,0,3,1,1,0,0
CUST108184,28,Male,East India,Standard,514.37,18,1,Mobile,Net Banking,Drama,13.6,87,1,2,1,1,0,0
CUST108185,64,Male,West India,Basic,185.66,44,1,Mobile,UPI,Comedy,14.8,80,3,3,0,0,1,0
CUST108186,31,Male,East India,Standard,496.13,60,1,Smart TV,Debit Card,Documentary,20.6,59,2,2,0,0,0,0
CUST108187,54,Female,South India,Standard,492.36,28,3,Tablet,Debit Card,Action,12.8,54,0,1,0,0,1,0
CUST108188,29,Female,South India,Standard,481.85,36,4,Mobile,UPI,Romance,9.8,72,1,2,0,1,0,0
CUST108189,57,Female,West India,Basic,208.05,37,3,Laptop,Net Banking,Comedy,15.6,78,1,3,0,1,1,0
CUST108190,25,Male,Central India,Basic,172.8,44,4,Tablet,Gift Card,Comedy,0.5,67,1,4,0,1,0,1
CUST108191,19,Female,East India,Standard,508.57,50,2,Mobile,Gift Card,Comedy,7.4,87,0,2,1,1,1,0
CUST108192,39,Male,South India,Basic,192.55,26,2,Mobile,Gift Card,Drama,7.1,11,0,1,0,1,0,1
CUST108193,22,Female,North India,Standard,513.77,49,4,Smart TV,Debit Card,Documentary,5.3,7,2,3,0,0,1,1
CUST108194,46,Female,South India,Standard,501.59,55,4,Laptop,UPI,Kids,8.7,16,0,2,1,1,0,1
CUST108195,48,Male,Central India,Basic,175.75,55,5,Mobile,Debit Card,Documentary,22.6,42,2,3,0,1,0,1
CUST108196,37,Male,West India,Standard,503.69,24,4,Smart TV,Net Banking,Documentary,8.7,8,2,2,0,1,0,0
CUST108197,18,Male,North India,Basic,193.26,10,4,Laptop,Credit Card,Romance,13.1,16,2,3,0,0,0,0
CUST108198,36,Male,East India,Standard,515.4,38,2,Smart TV,Debit Card,Action,5.0,15,1,2,1,0,1,1
CUST108199,30,Male,East India,Basic,209.91,49,2,Smart TV,Net Banking,Kids,5.5,50,0,4,0,0,0,1
CUST108200,35,Male,West India,Basic,216.16,8,1,Smart TV,Net Banking,Kids,4.5,34,2,3,1,0,0,1
CUST108201,18,Female,North India,Basic,193.82,2,1,Smart TV,Net Banking,Kids,5.5,51,2,1,0,1,0,1
CUST108202,41,Male,North India,Premium,785.26,44,2,Smart TV,Credit Card,Romance,19.0,76,2,3,0,0,1,1
CUST108203,37,Female,North India,Basic,198.78,35,1,Mobile,Gift Card,Drama,7.7,11,0,4,0,1,0,1
CUST108204,67,Female,West India,Basic,210.0,56,3,Smart TV,UPI,Thriller,5.4,66,2,4,0,1,0,1
CUST108205,29,Female,West India,Standard,484.62,52,3,Mobile,Debit Card,Documentary,12.8,68,3,4,0,1,1,0
CUST108206,58,Female,East India,Basic,203.63,21,1,Tablet,Credit Card,Thriller,10.6,12,1,4,0,1,1,1
CUST108207,36,Female,South India,Premium,804.64,57,1,Mobile,Net Banking,Romance,20.2,12,0,4,1,1,1,1
CUST108208,23,Male,Central India,Standard,519.63,27,4,Mobile,Credit Card,Comedy,12.2,27,1,3,0,1,0,1
CUST108209,38,Male,East India,Premium,783.37,23,4,Mobile,Debit Card,Kids,18.5,46,0,4,1,1,0,0
CUST108210,63,Male,North India,Basic,206.39,32,3,Tablet,UPI,Comedy,3.0,43,2,1,0,0,0,1
CUST108211,46,Female,South India,Basic,191.62,26,3,Smart TV,Debit Card,Comedy,9.4,62,0,1,0,0,0,0
CUST108212,40,Male,Central India,Standard,487.67,60,4,Smart TV,Credit Card,Documentary,14.4,68,4,3,0,0,0,0
CUST108213,15,Female,North India,Standard,528.14,7,4,Tablet,Net Banking,Kids,5.9,19,1,3,1,1,1,0
CUST108214,23,Female,West India,Basic,205.68,33,4,Tablet,Net Banking,Romance,10.6,35,0,3,1,1,0,0
CUST108215,50,Female,South India,Standard,522.05,17,1,Smart TV,Gift Card,Comedy,2.9,44,2,2,0,1,0,1
CUST108216,26,Female,West India,Premium,787.79,8,2,Smart TV,Gift Card,Drama,9.7,81,1,4,0,1,0,0
CUST108217,63,Male,Central India,Basic,224.15,42,3,Tablet,UPI,Kids,1.2,56,0,2,1,1,0,1
CUST108218,38,Male,Central India,Standard,492.89,17,5,Mobile,UPI,Comedy,5.4,86,1,1,0,1,0,1
CUST108219,60,Male,North India,Basic,210.93,48,4,Smart TV,Gift Card,Documentary,2.4,1,2,2,1,1,0,0
CUST108220,33,Male,West India,Premium,784.82,42,1,Laptop,Gift Card,Romance,8.7,41,1,1,1,1,0,1
CUST108221,66,Male,East India,Standard,482.91,47,3,Smart TV,Debit Card,Drama,13.1,49,0,2,1,1,0,1
CUST108222,68,Female,East India,Basic,198.6,48,4,Mobile,Debit Card,Documentary,1.7,30,1,4,1,0,0,1
CUST108223,51,Male,West India,Standard,522.23,18,1,Mobile,Net Banking,Comedy,12.8,81,1,2,0,1,0,0
CUST108224,42,Female,Central India,Premium,817.96,36,3,Laptop,Net Banking,Drama,6.4,47,1,1,0,0,0,1
CUST108225,20,Female,South India,Standard,501.12,57,3,Mobile,Gift Card,Comedy,0.0,86,1,3,0,1,0,0
CUST108226,63,Female,West India,Basic,194.15,39,5,Tablet,Debit Card,Drama,14.5,79,2,4,0,0,0,0
CUST108227,32,Male,North India,Standard,503.78,44,5,Mobile,Gift Card,Thriller,12.3,25,0,4,1,1,0,0
CUST108228,60,Female,East India,Standard,483.22,23,3,Smart TV,Gift Card,Drama,7.7,24,2,4,1,1,1,1
CUST108229,44,Female,North India,Basic,201.1,12,1,Smart TV,UPI,Thriller,15.2,34,0,3,1,1,0,0
CUST108230,34,Male,South India,Basic,199.71,58,4,Mobile,Gift Card,Comedy,22.5,85,2,2,0,1,1,0
CUST108231,19,Female,East India,Standard,499.78,23,4,Mobile,Net Banking,Drama,10.7,72,0,3,1,0,1,0
CUST108232,21,Female,East India,Standard,505.97,53,3,Mobile,UPI,Documentary,17.1,33,3,4,0,0,1,1
CUST108233,57,Female,East India,Basic,210.88,33,4,Smart TV,Debit Card,Kids,0.2,44,1,4,1,1,0,0
CUST108234,13,Male,North India,Premium,763.15,53,5,Smart TV,Net Banking,Drama,12.4,22,2,4,0,1,0,0
CUST108235,41,Female,Central India,Standard,486.54,56,4,Smart TV,Credit Card,Drama,12.8,73,2,1,0,0,0,1
CUST108236,20,Female,North India,Basic,189.17,28,2,Mobile,Debit Card,Kids,12.7,15,0,1,1,1,0,1
CUST108237,68,Male,Central India,Basic,196.62,44,5,Mobile,Credit Card,Drama,1.5,3,1,2,1,1,0,0
CUST108238,66,Male,West India,Standard,497.95,23,5,Smart TV,Net Banking,Action,6.7,53,1,4,1,1,0,1
CUST108239,16,Female,East India,Standard,508.51,7,3,Mobile,Debit Card,Documentary,11.9,67,1,1,1,0,0,1
CUST108240,47,Male,North India,Standard,503.83,47,3,Mobile,Credit Card,Drama,9.6,52,1,4,0,1,0,1
CUST108241,15,Male,South India,Basic,216.97,2,4,Smart TV,Credit Card,Drama,7.9,13,2,1,0,1,0,1
CUST108242,66,Male,South India,Standard,494.5,1,4,Smart TV,Debit Card,Comedy,13.9,79,1,1,0,0,0,0
CUST108243,57,Male,Central India,Premium,788.81,4,3,Mobile,Gift Card,Kids,5.9,82,1,3,0,1,1,1
CUST108244,52,Male,Central India,Standard,496.9,8,1,Mobile,Net Banking,Romance,7.6,2,1,2,1,1,1,1
CUST108245,19,Male,East India,Basic,199.45,49,4,Laptop,Net Banking,Kids,13.4,41,1,1,1,0,1,0
CUST108246,39,Male,Central India,Premium,800.49,29,1,Laptop,UPI,Romance,16.8,66,4,1,0,0,0,0
CUST108247,13,Female,South India,Basic,195.16,18,5,Mobile,Debit Card,Documentary,11.8,49,1,4,1,1,0,0
CUST108248,39,Male,North India,Basic,215.29,55,2,Mobile,Net Banking,Drama,19.7,19,1,4,0,1,0,0
CUST108249,28,Male,North India,Basic,213.78,37,1,Laptop,Credit Card,Drama,19.4,54,0,4,0,1,1,1
CUST108250,50,Male,Central India,Basic,215.31,31,4,Tablet,Debit Card,Drama,20.7,65,1,2,1,1,0,0
CUST108251,19,Female,Central India,Standard,484.2,6,3,Mobile,Credit Card,Romance,3.9,83,1,2,0,1,1,1
CUST108252,56,Male,South India,Basic,209.87,44,3,Laptop,Debit Card,Thriller,9.4,52,1,1,0,1,1,1
CUST108253,35,Male,West India,Premium,823.09,24,2,Smart TV,Credit Card,Action,10.8,25,1,4,0,1,1,1
CUST108254,53,Female,North India,Standard,515.79,60,2,Mobile,Credit Card,Documentary,4.0,18,0,3,1,1,0,1
CUST108255,23,Male,Central India,Standard,491.3,48,5,Smart TV,Debit Card,Thriller,8.8,62,2,4,0,1,1,1
CUST108256,54,Female,East India,Standard,494.02,41,1,Smart TV,UPI,Drama,5.9,32,0,4,1,1,1,0
CUST108257,65,Female,Central India,Standard,475.45,15,2,Mobile,Credit Card,Kids,0.0,27,2,3,1,0,0,1
CUST108258,45,Male,Central India,Standard,518.29,40,5,Mobile,Debit Card,Documentary,3.6,47,0,3,1,1,0,0
CUST108259,62,Female,North India,Premium,784.35,12,5,Laptop,Gift Card,Thriller,10.2,52,1,4,0,0,1,1
CUST108260,48,Male,Central India,Premium,791.81,46,5,Laptop,Gift Card,Action,20.2,55,0,1,1,0,0,0
CUST108261,49,Male,East India,Standard,507.38,49,4,Mobile,UPI,Thriller,2.1,48,1,1,0,0,0,0
CUST108262,53,Female,East India,Standard,501.17,14,2,Smart TV,Debit Card,Romance,17.4,77,1,1,0,0,0,1
CUST108263,29,Female,East India,Premium,804.47,27,3,Mobile,UPI,Comedy,10.0,62,0,3,0,0,0,0
CUST108264,47,Male,South India,Standard,490.36,52,5,Smart TV,Credit Card,Drama,9.2,13,3,4,1,1,0,0
CUST108265,60,Male,East India,Basic,180.12,37,3,Tablet,Gift Card,Thriller,5.0,28,1,2,1,0,0,0
CUST108266,17,Female,North India,Basic,202.24,13,4,Mobile,UPI,Kids,7.3,52,0,3,0,0,0,0
CUST108267,60,Male,West India,Premium,785.79,57,1,Mobile,Credit Card,Action,8.5,25,1,3,1,0,1,0
CUST108268,44,Male,Central India,Basic,206.81,38,4,Laptop,Gift Card,Kids,14.4,32,1,4,1,1,1,0
CUST108269,15,Male,Central India,Premium,785.63,46,4,Laptop,UPI,Kids,9.1,68,0,4,1,0,1,1
CUST108270,64,Female,Central India,Basic,196.76,38,2,Smart TV,Credit Card,Romance,20.7,65,2,3,0,1,0,0
CUST108271,59,Male,East India,Standard,524.74,3,5,Laptop,Net Banking,Drama,3.1,72,1,1,1,1,0,1
CUST108272,47,Male,East India,Standard,502.28,16,4,Tablet,Gift Card,Comedy,18.8,18,3,2,0,1,1,0
CUST108273,64,Male,East India,Basic,187.0,12,5,Smart TV,Credit Card,Kids,5.7,58,0,2,1,1,0,1
CUST108274,26,Female,West India,Standard,506.49,14,3,Mobile,Net Banking,Romance,6.3,89,5,2,0,0,0,1
CUST108275,60,Female,West India,Standard,496.87,34,1,Smart TV,UPI,Romance,12.5,77,1,1,0,0,1,1
CUST108276,43,Female,West India,Standard,487.17,50,1,Laptop,Net Banking,Comedy,3.0,2,1,4,0,1,0,1
CUST108277,43,Male,West India,Standard,499.37,31,3,Mobile,Gift Card,Thriller,19.5,57,1,4,0,1,0,0
CUST108278,29,Female,West India,Basic,217.6,39,2,Mobile,Debit Card,Romance,9.3,20,1,2,0,0,1,0
CUST108279,36,Male,Central India,Standard,508.06,5,3,Mobile,UPI,Drama,10.7,45,1,4,0,0,0,0
CUST108280,64,Female,Central India,Basic,196.27,12,3,Mobile,Net Banking,Thriller,10.2,39,2,3,1,1,0,1
CUST108281,35,Male,West India,Basic,180.81,26,2,Laptop,Credit Card,Comedy,15.7,71,5,1,1,1,0,1
CUST108282,30,Female,Central India,Premium,810.02,17,2,Mobile,Debit Card,Documentary,5.1,69,1,4,0,0,0,0
CUST108283,62,Male,West India,Standard,506.17,44,4,Laptop,Debit Card,Thriller,2.8,65,0,3,0,1,0,0
CUST108284,66,Male,West India,Standard,474.6,53,5,Mobile,UPI,Romance,11.1,56,1,2,0,0,0,0
CUST108285,26,Female,West India,Standard,476.78,11,1,Tablet,Net Banking,Documentary,9.2,5,0,4,0,0,0,0
CUST108286,62,Male,Central India,Basic,222.59,33,2,Smart TV,Gift Card,Drama,7.6,58,0,4,0,1,0,1
CUST108287,27,Female,South India,Standard,503.8,41,2,Mobile,Net Banking,Comedy,15.7,38,1,2,0,1,1,1
CUST108288,27,Female,South India,Premium,778.11,40,4,Laptop,Net Banking,Romance,7.9,74,0,2,0,0,0,1
CUST108289,18,Male,South India,Basic,216.05,46,4,Smart TV,UPI,Thriller,1.6,68,0,2,0,1,0,1
CUST108290,39,Male,North India,Premium,817.25,4,5,Smart TV,UPI,Thriller,27.9,73,1,3,1,1,1,0
CUST108291,27,Female,South India,Standard,488.35,32,2,Tablet,Credit Card,Romance,5.5,51,0,1,0,1,0,1
CUST108292,62,Female,South India,Basic,185.16,31,2,Smart TV,Gift Card,Thriller,13.6,37,3,2,1,0,0,0
CUST108293,48,Female,South India,Standard,500.19,11,4,Laptop,UPI,Drama,9.3,70,1,4,1,1,0,0
CUST108294,67,Male,East India,Standard,501.4,17,3,Mobile,Credit Card,Kids,0.0,81,3,1,1,1,1,0
CUST108295,20,Female,West India,Basic,196.63,27,5,Laptop,Debit Card,Kids,5.3,73,0,4,0,0,0,0
CUST108296,27,Male,Central India,Premium,782.91,8,2,Mobile,Credit Card,Drama,8.8,56,2,4,1,1,1,0
CUST108297,15,Male,East India,Premium,793.72,21,1,Laptop,Gift Card,Kids,0.0,6,2,4,1,1,0,1
CUST108298,59,Female,West India,Premium,792.64,33,1,Mobile,Credit Card,Kids,3.4,35,2,3,0,1,0,0
CUST108299,25,Female,South India,Premium,776.68,50,4,Mobile,Credit Card,Romance,6.2,49,3,2,1,1,0,1
CUST108300,53,Male,South India,Premium,813.87,5,1,Tablet,UPI,Action,8.1,71,0,1,0,1,0,1
CUST108301,46,Male,East India,Premium,783.08,32,4,Mobile,Gift Card,Romance,17.7,39,1,1,0,0,0,0
CUST108302,36,Male,Central India,Basic,218.59,25,3,Mobile,Credit Card,Romance,8.5,73,0,3,1,1,1,0
CUST108303,52,Male,East India,Standard,501.3,58,4,Smart TV,Net Banking,Kids,6.5,39,2,4,1,0,1,1
CUST108304,44,Female,East India,Basic,189.37,8,2,Tablet,Credit Card,Thriller,15.4,50,1,1,0,1,0,0
CUST108305,44,Male,West India,Standard,504.81,27,1,Smart TV,Debit Card,Drama,4.9,89,0,2,0,1,0,1
CUST108306,42,Female,North India,Premium,797.01,26,2,Mobile,Debit Card,Comedy,20.8,19,3,2,0,1,0,1
CUST108307,64,Female,Central India,Basic,218.86,40,1,Laptop,Credit Card,Drama,5.5,1,1,2,0,1,0,0
CUST108308,61,Female,Central India,Standard,530.82,29,1,Smart TV,Credit Card,Drama,7.6,86,2,2,0,1,0,1
CUST108309,25,Male,East India,Standard,504.89,9,4,Tablet,Net Banking,Thriller,8.6,22,5,2,0,0,1,0
CUST108310,13,Male,East India,Basic,196.32,18,5,Smart TV,Credit Card,Documentary,13.7,80,1,2,1,0,1,0
CUST108311,46,Female,South India,Basic,223.04,7,1,Smart TV,UPI,Comedy,15.2,40,1,1,1,1,0,0
CUST108312,27,Female,East India,Standard,495.93,42,1,Smart TV,Gift Card,Documentary,11.9,56,4,2,1,0,0,1
CUST108313,56,Female,West India,Basic,191.1,21,5,Smart TV,Net Banking,Action,6.8,20,2,2,0,1,0,0
CUST108314,26,Female,South India,Standard,517.46,16,2,Laptop,Credit Card,Thriller,2.9,38,1,1,0,0,0,1
CUST108315,69,Male,North India,Standard,511.59,3,1,Mobile,UPI,Kids,12.1,25,2,4,0,1,0,1
CUST108316,41,Female,West India,Standard,491.29,32,4,Mobile,Credit Card,Documentary,13.3,71,3,1,0,1,0,0
CUST108317,46,Male,Central India,Basic,203.72,10,5,Mobile,Net Banking,Drama,15.3,50,2,4,1,0,1,1
CUST108318,30,Male,Central India,Standard,493.84,32,5,Smart TV,Net Banking,Drama,2.0,70,1,3,0,1,0,1
CUST108319,66,Male,West India,Basic,208.06,8,1,Mobile,Debit Card,Action,10.2,20,2,1,0,1,0,1
CUST108320,19,Male,East India,Premium,806.57,32,2,Mobile,Debit Card,Romance,2.6,57,1,3,1,0,1,1
CUST108321,41,Female,East India,Basic,179.83,50,2,Tablet,Credit Card,Romance,10.9,49,1,3,1,0,1,1
CUST108322,67,Male,East India,Premium,799.62,4,3,Mobile,Gift Card,Romance,6.6,22,2,3,0,0,1,1
CUST108323,43,Female,Central India,Standard,476.75,29,3,Tablet,UPI,Action,5.8,76,3,4,1,1,1,1
CUST108324,37,Male,West India,Premium,777.66,12,4,Tablet,Debit Card,Comedy,17.9,41,2,2,1,1,0,0
CUST108325,50,Female,East India,Basic,191.6,53,1,Smart TV,Debit Card,Comedy,16.8,41,1,4,0,1,0,1
CUST108326,26,Female,South India,Basic,190.05,37,2,Mobile,Gift Card,Thriller,11.3,39,0,1,0,1,1,1
CUST108327,20,Female,Central India,Standard,473.35,36,3,Mobile,Net Banking,Action,6.4,26,1,2,0,1,1,0
CUST108328,39,Female,West India,Basic,181.2,51,1,Tablet,Credit Card,Thriller,14.4,19,2,2,1,0,0,0
CUST108329,66,Female,West India,Premium,775.88,19,1,Tablet,Credit Card,Documentary,15.4,61,3,3,0,1,0,0
CUST108330,14,Male,West India,Standard,487.88,37,2,Tablet,UPI,Comedy,9.9,12,1,1,1,1,0,0
CUST108331,29,Female,West India,Premium,806.89,47,1,Tablet,Gift Card,Romance,14.9,41,0,2,1,1,0,1
CUST108332,49,Male,North India,Premium,821.15,31,5,Mobile,Gift Card,Thriller,10.1,65,1,4,0,1,0,1
CUST108333,26,Female,South India,Basic,214.87,44,3,Smart TV,Gift Card,Romance,6.8,42,3,3,0,0,0,0
CUST108334,37,Male,North India,Standard,505.51,26,4,Laptop,Net Banking,Action,11.8,82,0,4,0,1,0,0
CUST108335,68,Male,East India,Basic,204.66,45,3,Mobile,Gift Card,Documentary,3.3,48,0,1,0,1,0,0
CUST108336,42,Male,North India,Basic,197.41,6,1,Smart TV,Net Banking,Comedy,4.2,78,1,2,1,1,1,1
CUST108337,41,Female,North India,Basic,197.5,29,5,Mobile,Credit Card,Thriller,0.3,11,1,4,0,1,0,0
CUST108338,32,Male,Central India,Premium,819.77,17,3,Mobile,Net Banking,Kids,19.2,39,2,4,1,0,1,1
CUST108339,33,Female,West India,Standard,508.28,59,2,Mobile,Credit Card,Action,6.8,73,2,2,0,0,1,0
CUST108340,65,Female,North India,Standard,501.99,20,5,Mobile,UPI,Thriller,17.9,67,1,1,1,0,1,0
CUST108341,34,Male,West India,Basic,172.67,42,3,Smart TV,Gift Card,Comedy,0.0,3,1,1,0,1,1,1
CUST108342,47,Male,South India,Standard,509.93,46,1,Smart TV,UPI,Documentary,24.9,41,1,4,0,0,0,0
CUST108343,49,Female,North India,Standard,510.12,47,2,Mobile,Gift Card,Drama,8.7,11,1,2,0,0,0,0
CUST108344,28,Female,Central India,Basic,189.7,10,1,Laptop,UPI,Kids,11.7,21,1,2,0,1,0,1
CUST108345,62,Female,Central India,Basic,202.4,6,1,Laptop,Debit Card,Documentary,2.7,67,1,4,0,0,0,0
CUST108346,61,Female,East India,Standard,497.0,48,2,Mobile,Debit Card,Romance,9.0,88,2,3,1,1,0,0
CUST108347,55,Female,North India,Standard,490.93,32,5,Mobile,Net Banking,Romance,6.1,71,1,2,1,1,1,1
CUST108348,29,Female,South India,Basic,205.15,2,3,Mobile,UPI,Thriller,4.5,70,1,1,0,1,0,0
CUST108349,28,Male,West India,Premium,782.79,10,5,Laptop,Gift Card,Thriller,8.1,7,2,3,0,1,1,1
CUST108350,67,Female,North India,Basic,229.58,37,2,Smart TV,Credit Card,Romance,0.0,17,0,2,1,1,1,1
CUST108351,14,Female,East India,Standard,506.97,27,3,Smart TV,Net Banking,Drama,21.7,89,0,4,0,1,1,1
CUST108352,16,Male,Central India,Basic,197.35,41,2,Mobile,Net Banking,Romance,8.4,59,2,4,0,0,0,1
CUST108353,33,Male,North India,Basic,213.38,19,4,Mobile,Debit Card,Thriller,17.1,72,2,1,0,1,0,1
CUST108354,51,Male,East India,Premium,810.76,51,4,Tablet,UPI,Kids,27.4,60,1,2,0,0,1,1
CUST108355,46,Female,South India,Premium,787.83,41,5,Mobile,UPI,Documentary,5.8,30,1,1,1,1,0,1
CUST108356,42,Male,West India,Standard,491.42,16,2,Smart TV,Net Banking,Comedy,12.1,5,0,3,0,0,0,0
CUST108357,18,Male,South India,Premium,764.69,51,3,Mobile,Debit Card,Romance,12.9,78,0,4,0,1,0,1
CUST108358,29,Female,South India,Premium,782.92,20,5,Mobile,Credit Card,Documentary,2.5,17,1,1,0,1,0,0
CUST108359,51,Female,West India,Standard,509.0,60,4,Smart TV,Debit Card,Documentary,15.1,53,1,2,0,0,0,1
CUST108360,37,Female,North India,Premium,801.75,57,4,Smart TV,UPI,Kids,18.2,39,0,2,0,1,0,1
CUST108361,17,Female,West India,Standard,491.6,36,4,Mobile,Credit Card,Kids,7.5,50,2,1,0,1,0,1
CUST108362,17,Male,East India,Standard,504.21,5,5,Mobile,Net Banking,Kids,12.7,73,1,1,1,0,1,0
CUST108363,32,Female,South India,Premium,791.02,18,3,Laptop,Credit Card,Kids,10.7,71,3,3,0,1,0,0
CUST108364,28,Male,West India,Basic,177.24,8,4,Mobile,Net Banking,Documentary,8.8,88,1,2,1,1,0,0
CUST108365,63,Female,Central India,Premium,784.8,13,5,Smart TV,Debit Card,Romance,16.2,35,1,1,1,1,1,0
CUST108366,53,Male,West India,Basic,233.43,41,5,Tablet,Credit Card,Comedy,5.9,5,1,4,1,1,0,1
CUST108367,49,Female,West India,Premium,796.72,10,1,Smart TV,Gift Card,Thriller,7.7,22,1,1,0,1,0,1
CUST108368,52,Female,East India,Basic,197.58,36,1,Mobile,UPI,Documentary,1.6,47,0,2,0,1,0,1
CUST108369,21,Female,South India,Basic,206.85,19,3,Laptop,Net Banking,Comedy,7.2,19,0,1,1,1,0,0
CUST108370,17,Male,East India,Basic,213.68,31,4,Smart TV,Credit Card,Thriller,15.8,60,1,3,0,1,0,1
CUST108371,54,Male,East India,Premium,795.61,36,1,Tablet,Credit Card,Romance,9.3,86,0,1,0,1,0,0
CUST108372,69,Male,Central India,Basic,215.64,29,3,Laptop,Gift Card,Romance,6.3,54,1,2,1,0,1,1
CUST108373,14,Female,East India,Standard,495.7,45,1,Smart TV,Debit Card,Comedy,0.0,86,1,1,1,0,1,0
CUST108374,21,Male,East India,Standard,498.84,23,4,Smart TV,Gift Card,Comedy,0.8,35,0,4,0,1,1,1
CUST108375,55,Female,Central India,Basic,191.77,32,5,Mobile,Credit Card,Documentary,1.9,44,2,3,0,0,1,0
CUST108376,48,Female,North India,Premium,810.53,49,4,Mobile,UPI,Drama,10.3,85,3,2,1,0,0,0
CUST108377,34,Female,East India,Basic,178.27,59,1,Smart TV,Credit Card,Documentary,20.8,86,3,1,0,1,0,0
CUST108378,34,Male,West India,Standard,502.43,11,4,Smart TV,Credit Card,Comedy,13.7,41,2,4,1,1,1,1
CUST108379,34,Female,East India,Standard,507.88,2,5,Smart TV,Credit Card,Comedy,9.2,72,2,2,0,1,0,0
CUST108380,46,Male,South India,Basic,214.38,32,2,Laptop,Gift Card,Comedy,14.7,28,0,1,0,0,0,0
CUST108381,67,Female,West India,Basic,207.19,58,5,Mobile,Gift Card,Romance,6.9,20,3,4,0,1,0,1
CUST108382,41,Female,West India,Standard,485.2,5,1,Mobile,Net Banking,Action,0.0,61,1,4,1,0,0,1
CUST108383,50,Female,North India,Premium,807.66,57,5,Mobile,Net Banking,Kids,14.4,36,2,3,1,1,0,1
CUST108384,58,Male,South India,Basic,210.1,31,3,Laptop,Net Banking,Documentary,15.4,36,2,3,1,1,0,1
CUST108385,45,Male,South India,Basic,208.74,13,4,Mobile,Credit Card,Drama,3.0,29,1,2,0,0,1,0
CUST108386,30,Female,South India,Premium,795.41,22,2,Mobile,Net Banking,Kids,10.6,66,1,4,0,0,0,1
CUST108387,19,Male,East India,Basic,196.71,35,2,Mobile,Net Banking,Thriller,16.4,32,0,4,1,1,1,0
CUST108388,13,Male,East India,Standard,513.94,19,4,Smart TV,Debit Card,Drama,1.7,60,1,2,1,1,0,1
CUST108389,45,Female,West India,Standard,499.03,29,4,Smart TV,Gift Card,Kids,17.3,47,1,1,0,0,0,0
CUST108390,13,Female,North India,Basic,184.69,23,3,Mobile,Net Banking,Romance,15.3,42,2,2,0,1,0,1
CUST108391,36,Male,East India,Standard,492.86,19,5,Smart TV,Gift Card,Drama,17.6,79,0,4,0,1,0,0
CUST108392,16,Female,East India,Premium,821.37,16,2,Smart TV,UPI,Action,22.3,27,1,1,0,0,0,0
CUST108393,16,Female,North India,Standard,478.85,31,1,Laptop,Debit Card,Romance,4.9,19,2,4,1,0,0,1
CUST108394,30,Male,South India,Standard,518.5,16,4,Mobile,UPI,Comedy,15.0,42,2,3,1,0,0,0
CUST108395,39,Male,West India,Standard,499.36,26,4,Laptop,Gift Card,Romance,2.5,73,3,2,1,1,0,1
CUST108396,55,Female,East India,Standard,479.12,3,2,Mobile,Gift Card,Drama,6.3,27,1,2,0,0,1,1
CUST108397,44,Male,North India,Basic,210.88,58,4,Laptop,UPI,Kids,21.5,7,2,3,0,1,0,0
CUST108398,45,Male,North India,Standard,488.33,60,2,Smart TV,Net Banking,Comedy,14.5,87,0,2,0,0,1,1
CUST108399,40,Female,South India,Standard,500.41,23,1,Smart TV,Debit Card,Documentary,6.3,64,1,3,0,0,0,0
CUST108400,54,Female,Central India,Basic,171.44,57,1,Mobile,Gift Card,Romance,4.6,16,1,1,0,0,0,1
CUST108401,53,Female,Central India,Premium,819.18,9,2,Laptop,Credit Card,Comedy,9.9,59,1,4,0,0,1,0
CUST108402,67,Female,Central India,Premium,794.59,51,4,Mobile,Debit Card,Kids,5.4,19,2,3,0,1,0,1
CUST108403,48,Male,Central India,Premium,789.8,24,3,Laptop,UPI,Comedy,0.0,12,3,4,0,0,0,1
CUST108404,18,Male,East India,Basic,201.87,33,3,Laptop,Gift Card,Documentary,9.2,12,0,3,1,1,0,1
CUST108405,28,Female,North India,Premium,812.28,14,5,Laptop,Gift Card,Documentary,2.1,30,2,1,1,1,0,1
CUST108406,46,Female,West India,Standard,496.17,28,3,Laptop,UPI,Kids,6.8,21,0,3,1,1,0,0
CUST108407,35,Female,East India,Premium,811.81,24,4,Mobile,Credit Card,Kids,20.5,14,0,3,0,1,1,0
CUST108408,62,Female,Central India,Premium,798.61,43,3,Tablet,Credit Card,Drama,7.2,78,2,3,0,0,0,1
CUST108409,54,Male,West India,Premium,800.32,50,5,Laptop,Gift Card,Action,1.3,46,0,3,1,0,0,1
CUST108410,36,Male,West India,Premium,786.99,52,1,Smart TV,Net Banking,Kids,14.0,35,1,3,1,1,0,0
CUST108411,68,Female,Central India,Basic,214.85,7,2,Laptop,Credit Card,Thriller,10.8,12,2,3,0,1,0,0
CUST108412,61,Female,West India,Standard,509.06,38,3,Laptop,Credit Card,Documentary,16.0,83,1,2,0,1,0,1
CUST108413,25,Male,East India,Basic,207.24,44,2,Laptop,Net Banking,Romance,10.0,24,0,3,0,1,0,0
CUST108414,68,Male,South India,Standard,515.0,25,2,Mobile,Credit Card,Romance,10.2,52,1,2,0,1,0,0
CUST108415,30,Male,East India,Premium,783.26,56,1,Mobile,Net Banking,Documentary,11.8,85,0,1,0,0,0,0
CUST108416,66,Male,East India,Basic,200.07,2,5,Laptop,UPI,Thriller,17.5,66,1,1,0,0,1,1
CUST108417,25,Female,South India,Standard,515.63,45,4,Laptop,Debit Card,Comedy,3.4,40,3,1,0,1,0,0
CUST108418,61,Male,Central India,Standard,498.47,52,4,Smart TV,Debit Card,Documentary,16.4,28,1,3,0,1,0,0
CUST108419,49,Male,Central India,Basic,201.21,1,4,Mobile,UPI,Thriller,11.1,40,2,4,0,1,1,0
CUST108420,55,Male,South India,Basic,200.79,23,5,Tablet,Credit Card,Drama,14.8,67,1,3,0,1,0,1
CUST108421,51,Female,East India,Basic,206.09,47,5,Smart TV,Debit Card,Romance,2.6,81,1,1,1,0,0,0
CUST108422,54,Female,North India,Basic,170.15,52,5,Laptop,UPI,Kids,5.2,53,0,4,0,1,1,0
CUST108423,29,Male,West India,Standard,500.79,40,3,Smart TV,Debit Card,Action,0.0,39,0,2,0,1,0,1
CUST108424,27,Male,West India,Standard,504.95,18,2,Mobile,Credit Card,Documentary,5.9,20,0,1,1,1,1,1
CUST108425,30,Female,West India,Basic,204.89,47,5,Smart TV,Net Banking,Thriller,8.9,16,0,3,0,1,0,0
CUST108426,35,Female,North India,Premium,823.0,8,5,Laptop,UPI,Documentary,2.2,89,0,4,0,0,0,1
CUST108427,66,Male,East India,Standard,490.23,34,3,Tablet,Debit Card,Comedy,5.8,88,2,2,0,1,0,1
CUST108428,63,Female,Central India,Standard,523.72,43,2,Mobile,Credit Card,Documentary,11.8,3,1,2,1,0,1,1
CUST108429,42,Male,South India,Basic,193.56,8,4,Laptop,Debit Card,Documentary,16.0,59,3,2,0,1,0,1
CUST108430,46,Female,West India,Standard,478.76,29,1,Smart TV,Credit Card,Romance,9.4,37,1,4,0,1,0,1
CUST108431,16,Male,North India,Standard,521.58,13,5,Mobile,Credit Card,Comedy,10.7,65,0,2,1,1,1,0
CUST108432,15,Male,South India,Standard,514.79,1,5,Laptop,Credit Card,Documentary,8.6,51,1,3,0,1,0,1
CUST108433,19,Female,East India,Standard,501.04,29,1,Mobile,Credit Card,Kids,6.1,66,0,1,0,1,0,0
CUST108434,68,Male,North India,Basic,190.22,50,5,Laptop,UPI,Comedy,8.0,28,0,1,0,0,1,1
CUST108435,30,Female,North India,Premium,795.87,37,5,Mobile,Net Banking,Thriller,8.2,27,1,1,0,0,0,0
CUST108436,54,Female,South India,Standard,502.83,1,5,Laptop,UPI,Action,14.1,59,1,4,0,0,1,0
CUST108437,19,Female,South India,Standard,519.81,44,1,Mobile,Debit Card,Action,15.6,6,0,1,0,1,1,0
CUST108438,52,Male,West India,Premium,779.26,5,3,Mobile,UPI,Thriller,10.1,20,0,1,1,1,0,0
CUST108439,18,Male,East India,Standard,495.85,53,3,Mobile,UPI,Drama,5.8,37,0,1,1,1,0,0
CUST108440,34,Male,South India,Standard,495.05,48,1,Smart TV,Debit Card,Drama,0.0,77,3,1,0,0,1,1
CUST108441,13,Female,West India,Standard,491.73,55,3,Mobile,Net Banking,Kids,4.2,43,0,1,0,0,0,1
CUST108442,16,Male,West India,Basic,189.28,50,4,Mobile,UPI,Action,11.8,86,1,1,1,1,0,0
CUST108443,58,Male,South India,Premium,823.11,2,4,Mobile,Credit Card,Thriller,7.7,51,0,4,0,1,1,1
CUST108444,61,Male,North India,Standard,486.97,47,1,Smart TV,UPI,Documentary,8.5,72,1,2,0,0,0,0
CUST108445,64,Male,North India,Standard,501.02,60,2,Laptop,Debit Card,Thriller,0.5,50,1,1,0,0,0,1
CUST108446,62,Female,North India,Premium,781.3,22,5,Tablet,Net Banking,Comedy,7.9,22,1,3,0,0,1,0
CUST108447,55,Male,West India,Standard,512.02,30,2,Smart TV,UPI,Thriller,14.5,68,0,3,1,0,0,0
CUST108448,41,Female,North India,Standard,491.61,11,5,Smart TV,UPI,Kids,0.0,13,1,4,0,1,0,0
CUST108449,33,Female,East India,Premium,765.95,29,3,Tablet,Debit Card,Romance,0.0,14,2,1,0,1,0,1
CUST108450,38,Female,North India,Basic,213.6,42,3,Tablet,Gift Card,Drama,2.2,14,2,4,1,1,0,0
CUST108451,26,Female,North India,Basic,190.68,3,4,Mobile,Gift Card,Documentary,11.3,34,1,1,1,0,1,0
CUST108452,21,Male,West India,Basic,218.66,45,2,Smart TV,UPI,Documentary,4.3,10,1,1,0,1,0,0
CUST108453,59,Male,Central India,Premium,815.34,13,1,Laptop,Credit Card,Action,14.6,36,1,1,0,1,1,0
CUST108454,24,Male,East India,Basic,197.33,56,5,Laptop,UPI,Comedy,15.7,71,0,3,0,1,0,1
CUST108455,54,Female,West India,Basic,204.94,3,3,Smart TV,Gift Card,Documentary,1.4,20,2,4,0,1,0,1
CUST108456,63,Male,East India,Basic,200.42,10,5,Smart TV,UPI,Action,15.1,14,1,3,0,0,0,0
CUST108457,68,Female,East India,Basic,177.98,4,1,Smart TV,Credit Card,Documentary,15.5,44,2,4,0,1,0,0
CUST108458,63,Male,North India,Standard,520.35,14,5,Laptop,Net Banking,Drama,11.0,75,1,2,0,0,0,1
CUST108459,18,Male,East India,Premium,795.16,23,4,Mobile,UPI,Romance,8.4,7,3,4,1,1,0,0
CUST108460,32,Male,North India,Basic,199.35,17,1,Smart TV,Debit Card,Documentary,16.3,23,1,2,0,0,0,1
CUST108461,36,Female,East India,Standard,499.57,1,1,Smart TV,Credit Card,Drama,19.8,31,3,1,0,1,0,0
CUST108462,39,Male,Central India,Premium,795.61,57,5,Laptop,UPI,Kids,9.5,70,1,4,0,1,0,1
CUST108463,50,Female,East India,Standard,508.59,15,5,Mobile,Gift Card,Romance,11.5,24,1,4,1,1,0,0
CUST108464,20,Female,South India,Premium,797.54,60,3,Smart TV,UPI,Thriller,14.3,45,1,4,0,1,0,1
CUST108465,13,Female,North India,Standard,491.31,54,5,Mobile,Gift Card,Drama,20.7,80,2,4,0,0,0,1
CUST108466,66,Male,Central India,Basic,192.78,53,1,Laptop,Debit Card,Kids,17.8,9,3,3,1,1,0,1
CUST108467,61,Male,North India,Premium,823.94,2,5,Laptop,Net Banking,Drama,7.0,49,1,3,0,1,1,1
CUST108468,61,Female,Central India,Standard,499.89,18,3,Laptop,Gift Card,Drama,17.6,55,1,4,0,1,1,0
CUST108469,36,Female,North India,Basic,223.37,39,2,Mobile,UPI,Kids,0.0,71,3,1,1,1,1,0
CUST108470,59,Female,South India,Basic,184.66,22,4,Smart TV,Debit Card,Documentary,13.2,0,2,2,0,1,0,0
CUST108471,19,Female,South India,Premium,789.32,28,1,Mobile,Credit Card,Kids,27.1,8,0,4,0,1,1,0
CUST108472,31,Female,Central India,Premium,791.75,30,3,Smart TV,UPI,Comedy,2.5,47,1,4,1,0,0,1
CUST108473,34,Male,West India,Standard,497.77,13,4,Mobile,Credit Card,Kids,9.0,25,2,4,1,0,0,1
CUST108474,69,Male,North India,Premium,788.28,56,5,Laptop,Gift Card,Drama,7.0,9,0,4,0,0,0,0
CUST108475,67,Male,West India,Standard,497.08,3,5,Mobile,Debit Card,Romance,8.0,89,0,2,0,1,0,1
CUST108476,47,Female,East India,Basic,202.02,3,2,Smart TV,Net Banking,Action,15.7,57,1,3,0,0,1,0
CUST108477,42,Female,South India,Standard,514.08,45,5,Mobile,UPI,Documentary,15.2,44,3,3,1,1,1,1
CUST108478,41,Male,North India,Standard,478.86,53,4,Smart TV,Debit Card,Comedy,14.1,17,2,4,0,1,1,0
CUST108479,34,Male,South India,Standard,512.93,26,3,Smart TV,Debit Card,Romance,11.4,58,1,3,0,1,0,0
CUST108480,23,Female,East India,Basic,210.08,4,2,Smart TV,Net Banking,Comedy,14.6,56,0,3,0,0,0,0
CUST108481,32,Female,Central India,Basic,184.39,16,4,Mobile,Gift Card,Romance,6.6,66,0,2,0,1,1,1
CUST108482,41,Female,North India,Premium,787.17,28,3,Mobile,Net Banking,Documentary,13.6,27,1,4,0,1,0,1
CUST108483,63,Male,North India,Premium,804.38,8,4,Smart TV,Net Banking,Action,13.1,80,2,2,0,1,0,1
CUST108484,53,Female,North India,Standard,489.55,54,5,Laptop,Net Banking,Thriller,5.8,14,2,3,1,1,1,1
CUST108485,54,Female,Central India,Premium,819.56,40,4,Laptop,Credit Card,Documentary,9.7,34,0,2,0,1,1,1
CUST108486,46,Female,South India,Standard,498.9,16,2,Laptop,UPI,Comedy,10.6,41,4,2,0,0,0,0
CUST108487,13,Male,Central India,Premium,780.85,31,4,Tablet,Net Banking,Thriller,9.2,24,0,2,0,1,0,1
CUST108488,43,Female,South India,Basic,182.24,23,1,Smart TV,UPI,Comedy,6.9,12,0,2,0,0,0,1
CUST108489,42,Male,North India,Standard,476.65,2,5,Smart TV,Net Banking,Drama,5.4,65,1,3,0,1,1,0
CUST108490,60,Female,Central India,Standard,497.43,9,4,Mobile,Gift Card,Romance,4.1,56,1,2,1,0,0,0
CUST108491,30,Female,East India,Basic,198.14,27,3,Tablet,Gift Card,Thriller,8.5,60,1,3,0,1,1,0
CUST108492,67,Male,Central India,Standard,506.69,45,5,Smart TV,Net Banking,Kids,10.9,85,4,1,0,1,0,0
CUST108493,29,Female,South India,Premium,817.94,54,3,Laptop,Debit Card,Documentary,19.3,81,1,4,0,0,0,1
CUST108494,50,Male,North India,Standard,499.18,59,2,Mobile,UPI,Documentary,0.0,84,1,1,0,1,0,0
CUST108495,26,Female,South India,Premium,818.01,59,1,Smart TV,Gift Card,Action,15.0,10,1,4,0,0,0,0
CUST108496,35,Male,West India,Standard,488.06,22,4,Laptop,Credit Card,Thriller,21.8,56,2,3,1,0,1,1
CUST108497,37,Female,North India,Standard,476.92,44,5,Mobile,Debit Card,Action,0.0,42,2,3,0,0,0,1
CUST108498,27,Male,East India,Standard,510.9,34,4,Mobile,Gift Card,Documentary,21.0,46,4,2,0,1,0,1
CUST108499,58,Male,East India,Basic,209.87,9,4,Laptop,Debit Card,Action,19.8,41,5,1,1,1,0,0
CUST108500,68,Female,West India,Standard,502.8,33,5,Mobile,UPI,Thriller,10.7,3,0,1,0,1,0,1
CUST108501,34,Male,South India,Standard,509.22,38,1,Smart TV,Debit Card,Documentary,8.7,61,1,1,0,1,0,1
CUST108502,15,Female,East India,Premium,764.37,56,1,Smart TV,Credit Card,Comedy,6.1,24,2,4,1,1,0,1
CUST108503,68,Male,South India,Standard,491.96,34,2,Mobile,Debit Card,Documentary,7.9,33,0,2,0,1,0,1
CUST108504,67,Female,North India,Basic,215.78,35,5,Mobile,Gift Card,Romance,8.6,55,0,4,1,1,0,1
CUST108505,31,Female,Central India,Basic,195.13,58,5,Tablet,Credit Card,Action,7.8,68,2,4,1,0,0,0
CUST108506,69,Female,North India,Premium,808.76,47,3,Mobile,UPI,Romance,7.0,40,1,3,0,0,1,0
CUST108507,56,Female,South India,Standard,538.04,26,3,Mobile,Gift Card,Action,23.5,32,0,2,0,0,0,0
CUST108508,46,Male,West India,Premium,814.33,7,3,Mobile,UPI,Documentary,9.6,43,2,4,0,1,0,1
CUST108509,47,Female,North India,Standard,493.6,45,1,Mobile,Net Banking,Drama,7.7,70,0,1,0,0,0,1
CUST108510,62,Female,East India,Standard,472.51,48,2,Smart TV,Gift Card,Drama,12.1,83,0,4,0,0,0,0
CUST108511,13,Female,North India,Standard,509.74,45,2,Mobile,Debit Card,Drama,18.4,73,0,2,1,0,1,1
CUST108512,64,Female,North India,Basic,168.65,27,4,Smart TV,UPI,Romance,6.5,29,3,2,1,1,0,1
CUST108513,33,Female,North India,Standard,487.15,12,2,Laptop,Debit Card,Comedy,16.0,66,1,3,1,1,1,0
CUST108514,41,Male,West India,Standard,487.9,17,3,Smart TV,Credit Card,Comedy,11.9,27,0,2,0,1,1,1
CUST108515,18,Female,South India,Standard,497.19,21,5,Smart TV,UPI,Romance,7.7,39,1,2,0,0,0,1
CUST108516,49,Male,West India,Premium,803.12,43,4,Laptop,UPI,Comedy,13.7,30,0,2,1,0,0,1
CUST108517,13,Male,East India,Basic,186.06,22,1,Laptop,Credit Card,Documentary,19.4,65,1,4,1,1,0,0
CUST108518,63,Female,South India,Standard,514.79,26,2,Smart TV,Credit Card,Kids,11.7,17,0,3,1,0,0,0
CUST108519,13,Female,East India,Basic,220.27,39,5,Mobile,Credit Card,Documentary,15.1,9,1,1,1,0,0,0
CUST108520,39,Male,South India,Basic,195.37,13,3,Smart TV,Credit Card,Thriller,11.8,31,1,3,0,1,0,1
CUST108521,33,Male,South India,Standard,515.08,42,1,Smart TV,Net Banking,Drama,30.6,71,1,3,1,0,0,1
CUST108522,65,Male,North India,Basic,188.65,42,1,Mobile,UPI,Thriller,12.0,84,2,4,1,0,1,0
CUST108523,28,Female,North India,Standard,483.46,45,2,Mobile,Net Banking,Drama,24.3,84,0,1,0,1,0,0
CUST108524,56,Male,West India,Basic,215.21,23,5,Tablet,Net Banking,Action,18.8,42,3,1,0,1,1,0
CUST108525,66,Male,South India,Basic,202.99,51,3,Laptop,Debit Card,Thriller,10.9,45,1,4,0,0,0,0
CUST108526,52,Female,East India,Basic,204.89,30,3,Mobile,UPI,Documentary,7.2,84,0,1,0,0,1,0
CUST108527,38,Male,North India,Basic,226.61,55,3,Smart TV,UPI,Action,10.3,26,0,3,0,1,1,1
CUST108528,28,Female,East India,Premium,809.0,17,3,Mobile,UPI,Thriller,14.6,77,1,4,0,1,0,1
CUST108529,40,Male,North India,Standard,535.03,27,2,Mobile,UPI,Action,13.4,8,1,4,1,0,0,0
CUST108530,13,Female,South India,Premium,800.4,20,2,Mobile,Credit Card,Kids,4.8,10,1,1,1,1,0,0
CUST108531,48,Male,East India,Basic,221.67,7,5,Smart TV,Gift Card,Kids,12.5,70,2,2,1,0,0,1
CUST108532,22,Female,West India,Premium,798.23,55,4,Tablet,Debit Card,Kids,5.4,4,0,4,1,0,0,1
CUST108533,55,Female,West India,Standard,481.69,4,2,Laptop,Debit Card,Action,19.5,71,1,1,1,1,0,0
CUST108534,29,Male,West India,Basic,211.48,49,3,Mobile,Credit Card,Action,3.2,58,5,3,0,1,1,1
CUST108535,69,Female,North India,Standard,498.45,31,5,Mobile,Net Banking,Documentary,2.3,66,0,2,0,1,0,0
CUST108536,35,Male,North India,Standard,530.11,30,3,Smart TV,Gift Card,Action,11.7,32,2,4,0,0,0,0
CUST108537,19,Female,West India,Standard,507.46,31,2,Mobile,Debit Card,Documentary,7.2,82,2,3,0,1,1,0
CUST108538,56,Female,East India,Standard,513.28,56,5,Laptop,Net Banking,Comedy,12.5,46,0,4,1,1,0,1
CUST108539,65,Female,North India,Standard,475.47,4,3,Mobile,UPI,Action,18.5,31,4,1,0,1,1,0
CUST108540,19,Female,West India,Basic,209.88,18,4,Mobile,Gift Card,Drama,20.9,40,2,2,1,1,1,0
CUST108541,56,Female,North India,Standard,497.94,20,1,Smart TV,Gift Card,Documentary,1.6,8,1,4,0,1,0,0
CUST108542,27,Female,Central India,Premium,787.36,40,1,Mobile,UPI,Romance,8.4,10,0,2,1,0,0,1
CUST108543,46,Female,East India,Standard,520.07,40,3,Smart TV,Debit Card,Comedy,14.6,34,2,4,1,1,0,0
CUST108544,58,Male,South India,Standard,479.61,53,1,Tablet,Gift Card,Documentary,16.7,11,2,3,1,1,0,1
CUST108545,57,Male,East India,Standard,504.33,48,4,Smart TV,Credit Card,Romance,0.9,11,1,2,0,0,0,1
CUST108546,16,Female,South India,Premium,789.79,47,4,Laptop,Credit Card,Action,7.3,49,1,3,1,0,0,1
CUST108547,26,Female,West India,Standard,503.1,50,3,Smart TV,Credit Card,Documentary,21.6,50,2,2,0,0,1,1
CUST108548,26,Female,North India,Basic,194.8,23,4,Mobile,Gift Card,Thriller,7.7,35,0,4,1,1,0,0
CUST108549,28,Male,West India,Standard,496.29,51,1,Mobile,Debit Card,Thriller,15.6,29,1,4,1,1,0,1
CUST108550,19,Female,South India,Standard,499.87,38,3,Smart TV,Net Banking,Drama,18.3,40,1,3,1,0,1,1
CUST108551,44,Male,Central India,Standard,484.61,9,1,Smart TV,Debit Card,Documentary,17.0,2,1,2,1,0,1,1
CUST108552,31,Female,South India,Standard,514.41,16,4,Smart TV,Net Banking,Action,9.6,48,1,4,0,1,0,0
CUST108553,14,Female,North India,Standard,508.99,21,4,Mobile,Gift Card,Action,17.8,54,1,3,1,1,0,0
CUST108554,22,Female,Central India,Premium,784.18,9,5,Smart TV,UPI,Romance,8.6,31,0,1,0,1,0,0
CUST108555,62,Female,North India,Standard,520.17,52,2,Laptop,Net Banking,Kids,0.0,78,4,4,0,1,0,1
CUST108556,29,Female,Central India,Standard,510.41,25,2,Mobile,Net Banking,Kids,0.0,7,3,4,1,1,1,1
CUST108557,49,Male,North India,Standard,500.53,49,3,Laptop,Debit Card,Thriller,8.3,50,0,1,0,1,0,1
CUST108558,24,Female,South India,Basic,177.68,36,1,Laptop,Gift Card,Romance,12.8,48,2,2,1,1,0,0
CUST108559,18,Male,South India,Premium,789.32,47,2,Mobile,Debit Card,Documentary,5.2,72,0,1,0,1,0,1
CUST108560,34,Male,South India,Standard,470.69,43,3,Smart TV,Gift Card,Romance,13.6,89,2,1,1,1,0,0
CUST108561,44,Female,South India,Standard,501.7,14,4,Laptop,Net Banking,Action,4.0,62,2,3,0,1,0,0
CUST108562,53,Female,Central India,Premium,811.7,17,2,Smart TV,UPI,Comedy,14.8,21,1,1,0,0,0,0
CUST108563,32,Female,East India,Basic,188.15,28,1,Laptop,Gift Card,Action,18.1,37,1,2,1,1,1,0
CUST108564,13,Male,East India,Premium,799.09,45,5,Mobile,Net Banking,Documentary,12.9,32,3,2,0,1,0,1
CUST108565,66,Male,West India,Premium,813.89,41,5,Mobile,UPI,Thriller,2.7,13,3,4,0,0,1,0
CUST108566,59,Male,East India,Premium,789.65,56,2,Mobile,Debit Card,Comedy,5.2,68,1,2,0,1,0,1
CUST108567,65,Female,West India,Basic,207.36,48,5,Tablet,Debit Card,Action,9.1,9,5,2,0,1,0,0
CUST108568,18,Male,South India,Standard,530.57,8,3,Mobile,Gift Card,Kids,12.8,43,1,2,1,1,0,0
CUST108569,31,Male,North India,Basic,210.04,14,1,Laptop,Gift Card,Drama,10.1,24,0,2,1,1,1,0
CUST108570,30,Male,East India,Standard,483.53,15,4,Mobile,Gift Card,Drama,2.0,83,2,1,0,1,0,1
CUST108571,18,Female,East India,Standard,498.62,39,1,Mobile,Debit Card,Romance,17.1,51,1,4,1,1,0,0
CUST108572,57,Male,South India,Basic,209.86,25,4,Mobile,Gift Card,Thriller,19.8,74,2,1,0,1,0,0
CUST108573,45,Male,South India,Standard,506.5,59,5,Smart TV,Net Banking,Romance,12.6,50,0,3,1,1,1,0
CUST108574,35,Female,East India,Standard,482.91,11,3,Mobile,Credit Card,Comedy,10.6,50,0,2,1,1,1,1
CUST108575,35,Female,South India,Premium,805.58,29,4,Tablet,Credit Card,Drama,2.7,33,2,2,1,0,0,1
CUST108576,38,Female,East India,Standard,495.82,3,5,Laptop,Gift Card,Romance,0.0,15,3,3,1,1,0,1
CUST108577,25,Male,North India,Basic,192.17,39,4,Mobile,Net Banking,Drama,10.8,67,1,1,1,0,0,0
CUST108578,19,Male,North India,Basic,207.3,22,2,Laptop,Net Banking,Action,12.5,56,0,2,0,1,0,1
CUST108579,27,Male,West India,Premium,825.46,37,1,Smart TV,Net Banking,Romance,19.5,52,2,3,0,0,1,1
CUST108580,56,Female,East India,Standard,487.81,41,3,Tablet,UPI,Documentary,14.7,51,1,2,0,1,0,1
CUST108581,39,Male,North India,Standard,505.79,20,5,Mobile,Net Banking,Romance,19.8,27,0,2,0,0,0,0
CUST108582,38,Female,North India,Basic,197.79,19,3,Smart TV,Debit Card,Romance,13.6,73,0,4,1,0,0,1
CUST108583,45,Female,Central India,Standard,508.15,13,1,Mobile,Debit Card,Action,17.5,87,2,2,1,0,0,1
CUST108584,27,Male,North India,Premium,800.61,27,4,Laptop,Net Banking,Romance,3.4,47,2,2,1,0,0,1
CUST108585,48,Male,West India,Premium,790.34,19,4,Mobile,Credit Card,Action,14.2,72,0,4,1,0,0,1
CUST108586,57,Male,North India,Basic,189.76,16,3,Smart TV,UPI,Thriller,8.7,5,2,3,0,0,1,0
CUST108587,67,Female,South India,Standard,505.92,2,4,Tablet,Debit Card,Action,11.3,36,0,1,1,1,0,1
CUST108588,39,Female,Central India,Basic,200.95,1,4,Smart TV,Debit Card,Romance,14.6,9,0,1,0,0,0,1
CUST108589,69,Male,East India,Premium,808.32,3,4,Smart TV,Debit Card,Romance,8.1,60,3,1,0,0,0,1
CUST108590,17,Female,West India,Standard,475.06,24,2,Smart TV,UPI,Kids,1.9,40,0,2,0,1,0,0
CUST108591,14,Male,North India,Premium,815.39,44,5,Smart TV,Net Banking,Romance,9.4,51,1,3,1,1,0,1
CUST108592,67,Male,East India,Standard,520.23,38,5,Smart TV,UPI,Romance,4.6,33,1,4,0,1,1,0
CUST108593,45,Male,North India,Premium,801.28,2,1,Smart TV,Net Banking,Comedy,15.9,8,1,3,1,1,0,0
CUST108594,28,Female,Central India,Premium,808.91,56,4,Tablet,Gift Card,Comedy,16.3,28,0,1,1,0,1,1
CUST108595,35,Female,East India,Basic,213.64,16,3,Mobile,Debit Card,Documentary,13.9,40,1,3,0,1,0,0
CUST108596,50,Male,South India,Premium,796.29,29,4,Mobile,Credit Card,Drama,18.5,0,0,3,0,1,1,0
CUST108597,67,Male,South India,Premium,802.48,37,1,Mobile,UPI,Drama,12.1,63,0,3,1,1,0,0
CUST108598,28,Female,East India,Standard,506.28,44,4,Smart TV,UPI,Documentary,10.5,11,1,1,0,1,1,1
CUST108599,26,Male,South India,Premium,791.15,4,2,Mobile,Debit Card,Kids,14.3,22,1,3,1,1,0,0
CUST108600,41,Female,West India,Standard,501.06,14,1,Tablet,Debit Card,Documentary,12.8,0,1,2,1,1,0,0
CUST108601,38,Male,Central India,Premium,768.71,17,5,Smart TV,Credit Card,Action,5.3,24,0,2,0,0,1,1
CUST108602,47,Female,West India,Basic,189.63,44,5,Laptop,Credit Card,Kids,15.1,37,0,3,0,1,0,0
CUST108603,27,Male,East India,Standard,520.97,45,2,Mobile,Debit Card,Romance,0.0,3,4,2,1,0,1,1
CUST108604,15,Female,West India,Basic,204.8,17,5,Mobile,Net Banking,Thriller,18.6,42,3,2,1,0,0,0
CUST108605,35,Male,Central India,Premium,787.06,20,2,Mobile,Debit Card,Drama,15.0,89,0,2,1,1,1,0
CUST108606,41,Female,Central India,Premium,780.49,60,5,Smart TV,Credit Card,Drama,2.4,60,3,2,1,0,1,0
CUST108607,46,Female,East India,Standard,536.84,47,5,Mobile,Debit Card,Romance,14.0,31,2,2,0,1,0,0
CUST108608,45,Female,West India,Standard,488.48,29,4,Laptop,Credit Card,Documentary,14.5,27,0,3,1,0,1,1
CUST108609,53,Female,Central India,Standard,491.54,41,1,Laptop,Gift Card,Documentary,13.7,32,0,4,0,1,1,0
CUST108610,53,Male,East India,Basic,207.99,26,5,Laptop,Net Banking,Drama,12.1,26,0,4,0,0,0,0
CUST108611,35,Female,Central India,Standard,486.54,42,1,Laptop,Credit Card,Drama,2.6,0,2,3,0,1,0,1
CUST108612,19,Female,North India,Standard,504.64,38,1,Smart TV,UPI,Action,17.5,7,2,2,1,1,0,0
CUST108613,15,Male,North India,Basic,199.42,17,5,Smart TV,UPI,Drama,2.3,84,1,4,0,0,1,0
CUST108614,44,Female,Central India,Basic,181.41,12,1,Smart TV,Net Banking,Kids,7.0,22,1,1,0,0,1,1
CUST108615,43,Male,East India,Standard,499.75,56,2,Mobile,Net Banking,Romance,0.4,31,2,4,0,1,1,1
CUST108616,30,Female,North India,Standard,503.89,28,3,Smart TV,UPI,Romance,11.2,2,0,1,0,1,0,0
CUST108617,55,Female,Central India,Premium,783.14,9,2,Smart TV,Gift Card,Kids,7.9,43,1,3,0,1,0,0
CUST108618,19,Female,South India,Basic,206.81,32,5,Laptop,Gift Card,Documentary,2.0,53,2,2,0,1,1,1
CUST108619,53,Female,West India,Basic,209.46,34,2,Mobile,Credit Card,Romance,22.7,5,1,4,1,1,1,0
CUST108620,13,Female,Central India,Standard,483.66,16,3,Mobile,Net Banking,Comedy,1.7,69,0,3,0,1,1,0
CUST108621,26,Female,North India,Standard,506.28,48,2,Smart TV,UPI,Kids,9.7,48,3,1,1,1,1,1
CUST108622,64,Male,Central India,Standard,502.45,54,1,Laptop,Net Banking,Kids,9.3,58,2,1,0,0,0,1
CUST108623,44,Male,East India,Standard,493.85,31,5,Tablet,UPI,Romance,5.1,56,3,1,0,1,0,1
CUST108624,18,Female,North India,Standard,495.11,55,1,Mobile,UPI,Comedy,10.2,88,2,2,1,1,0,1
CUST108625,51,Female,East India,Standard,504.92,27,1,Laptop,Credit Card,Comedy,10.4,60,0,2,1,1,0,0
CUST108626,22,Male,East India,Basic,190.14,29,5,Smart TV,Net Banking,Kids,8.7,55,1,3,0,0,0,1
CUST108627,19,Male,East India,Standard,507.67,1,5,Mobile,Gift Card,Action,0.6,40,1,2,1,0,0,1
CUST108628,38,Female,Central India,Basic,186.97,27,4,Laptop,Net Banking,Comedy,6.6,13,1,3,0,1,0,0
CUST108629,46,Female,North India,Basic,188.07,53,3,Mobile,UPI,Thriller,13.4,82,2,2,1,0,1,0
CUST108630,42,Female,East India,Basic,179.71,32,1,Laptop,Gift Card,Romance,6.7,76,3,4,0,0,0,1
CUST108631,48,Female,South India,Basic,173.2,59,1,Laptop,UPI,Thriller,7.0,36,2,4,1,1,0,0
CUST108632,33,Female,West India,Premium,801.27,11,5,Smart TV,Net Banking,Action,7.8,40,0,1,1,1,1,0
CUST108633,29,Female,Central India,Basic,169.67,53,5,Mobile,UPI,Comedy,10.5,29,0,1,0,1,0,0
CUST108634,45,Male,South India,Basic,203.91,35,2,Tablet,Debit Card,Documentary,17.3,41,2,1,0,1,0,0
CUST108635,22,Female,North India,Premium,797.73,2,1,Laptop,Gift Card,Action,12.0,35,0,2,0,0,0,0
CUST108636,63,Female,West India,Standard,527.29,46,1,Tablet,Credit Card,Kids,14.0,55,2,1,0,0,0,1
CUST108637,59,Male,East India,Standard,508.11,1,5,Mobile,Debit Card,Romance,16.7,70,0,2,0,1,0,1
CUST108638,54,Male,South India,Standard,506.66,6,1,Smart TV,UPI,Kids,13.7,82,3,3,1,1,1,0
CUST108639,63,Male,South India,Standard,488.91,7,3,Mobile,Net Banking,Kids,6.7,77,1,2,1,1,0,1
CUST108640,24,Male,East India,Basic,190.54,2,4,Mobile,UPI,Drama,8.6,25,1,4,1,1,1,1
CUST108641,68,Female,East India,Basic,192.69,2,5,Mobile,Credit Card,Romance,9.8,83,1,1,0,0,0,1
CUST108642,28,Male,South India,Premium,798.47,47,5,Smart TV,Net Banking,Romance,19.0,13,2,4,0,1,0,0
CUST108643,53,Male,North India,Basic,190.24,53,1,Mobile,Gift Card,Action,1.5,38,1,2,1,1,1,0
CUST108644,44,Female,Central India,Basic,207.56,5,4,Smart TV,Gift Card,Thriller,9.4,59,0,2,0,1,0,0
CUST108645,27,Male,North India,Standard,493.16,13,4,Smart TV,UPI,Romance,9.7,27,0,4,1,0,1,1
CUST108646,39,Male,North India,Basic,215.73,19,5,Tablet,Debit Card,Kids,4.1,43,0,4,0,0,1,0
CUST108647,40,Female,Central India,Standard,486.67,19,5,Laptop,Net Banking,Romance,8.0,44,0,4,1,0,0,1
CUST108648,29,Female,North India,Premium,810.19,47,5,Laptop,Debit Card,Documentary,6.3,17,3,4,0,0,1,0
CUST108649,58,Female,West India,Premium,827.96,1,3,Laptop,UPI,Romance,16.5,29,0,2,0,1,1,0
CUST108650,62,Female,East India,Premium,825.52,35,1,Mobile,Net Banking,Comedy,9.3,69,2,3,1,1,0,0
CUST108651,14,Female,South India,Basic,186.11,57,3,Mobile,Gift Card,Kids,3.9,69,2,4,0,0,1,0
CUST108652,48,Female,Central India,Premium,816.29,18,5,Smart TV,Gift Card,Thriller,0.0,2,1,1,1,0,0,1
CUST108653,62,Female,North India,Standard,465.68,49,4,Smart TV,UPI,Comedy,7.8,6,1,2,0,1,0,1
CUST108654,19,Male,South India,Basic,175.66,57,1,Laptop,Net Banking,Kids,16.7,33,1,3,1,1,1,1
CUST108655,25,Male,West India,Standard,508.01,32,1,Smart TV,UPI,Comedy,5.7,81,1,4,0,1,1,0
CUST108656,27,Female,North India,Standard,505.56,32,5,Tablet,Gift Card,Action,2.7,64,2,1,0,1,0,1
CUST108657,37,Male,North India,Basic,208.03,53,5,Laptop,Credit Card,Action,13.5,26,1,4,1,1,0,1
CUST108658,35,Female,North India,Standard,491.7,8,5,Mobile,Debit Card,Thriller,9.3,53,0,2,1,1,1,1
CUST108659,34,Male,West India,Premium,782.26,11,5,Smart TV,UPI,Comedy,11.6,78,2,1,1,1,0,0
CUST108660,38,Female,East India,Basic,171.88,20,5,Tablet,Credit Card,Kids,24.8,42,2,1,0,1,0,0
CUST108661,45,Male,South India,Standard,486.08,8,5,Smart TV,Gift Card,Action,16.9,23,1,3,1,0,0,1
CUST108662,23,Female,North India,Standard,508.75,28,1,Mobile,UPI,Thriller,5.9,61,0,4,0,0,0,1
CUST108663,22,Male,North India,Standard,511.91,21,3,Mobile,Gift Card,Kids,4.3,83,2,1,0,1,1,0
CUST108664,37,Female,West India,Basic,203.45,38,4,Smart TV,Gift Card,Comedy,0.0,39,1,2,0,1,1,1
CUST108665,49,Male,West India,Standard,501.94,38,5,Laptop,UPI,Drama,9.2,29,1,4,0,1,1,0
CUST108666,60,Male,South India,Standard,524.4,6,4,Mobile,Credit Card,Drama,15.4,43,2,2,0,1,0,1
CUST108667,55,Female,South India,Premium,820.1,2,1,Laptop,UPI,Thriller,0.7,81,0,4,0,0,1,1
CUST108668,65,Male,North India,Premium,813.16,10,4,Tablet,Gift Card,Drama,14.9,82,1,3,0,0,0,0
CUST108669,50,Male,North India,Premium,816.34,42,1,Laptop,Net Banking,Documentary,13.8,14,2,1,0,0,0,0
CUST108670,53,Male,North India,Basic,204.24,9,2,Tablet,Gift Card,Kids,12.1,48,0,4,1,1,1,0
CUST108671,57,Male,North India,Basic,206.17,55,3,Mobile,UPI,Kids,6.6,86,0,2,0,1,0,0
CUST108672,36,Male,North India,Standard,487.41,3,2,Smart TV,Credit Card,Thriller,10.8,42,0,2,0,1,0,1
CUST108673,52,Female,West India,Standard,504.69,2,1,Mobile,Gift Card,Thriller,14.1,5,1,1,1,0,1,0
CUST108674,58,Female,East India,Premium,789.31,36,2,Laptop,Credit Card,Comedy,13.0,49,2,2,0,1,1,0
CUST108675,68,Male,South India,Premium,817.61,8,1,Tablet,Credit Card,Kids,10.7,45,0,3,1,1,0,1
CUST108676,45,Female,West India,Standard,508.37,9,2,Mobile,Debit Card,Documentary,11.0,39,1,1,1,1,0,0
CUST108677,29,Male,Central India,Basic,192.58,26,1,Smart TV,Credit Card,Romance,16.4,29,3,4,0,0,0,1
CUST108678,36,Female,Central India,Premium,809.53,34,3,Mobile,Gift Card,Kids,6.0,73,1,3,1,1,1,1
CUST108679,49,Male,Central India,Basic,215.83,48,3,Mobile,Gift Card,Thriller,13.3,29,2,1,1,1,1,1
CUST108680,69,Male,South India,Basic,185.93,30,3,Smart TV,UPI,Kids,19.7,0,0,1,0,1,0,0
CUST108681,14,Male,North India,Premium,795.14,38,1,Laptop,UPI,Romance,6.1,28,1,4,0,1,0,0
CUST108682,44,Male,Central India,Standard,484.42,8,4,Mobile,Credit Card,Action,7.7,88,3,2,0,1,1,0
CUST108683,69,Female,Central India,Basic,198.4,3,2,Mobile,Net Banking,Thriller,0.0,14,0,3,1,1,0,1
CUST108684,36,Female,East India,Standard,519.02,11,2,Mobile,Gift Card,Romance,9.7,16,2,1,0,1,0,1
CUST108685,21,Female,West India,Basic,199.01,25,2,Mobile,Credit Card,Documentary,15.8,7,1,4,0,0,0,0
CUST108686,16,Male,South India,Standard,507.71,52,2,Smart TV,UPI,Kids,13.5,73,2,3,0,1,0,0
CUST108687,29,Female,South India,Basic,190.81,5,3,Mobile,Gift Card,Thriller,4.0,45,2,2,0,1,0,0
CUST108688,29,Female,East India,Premium,811.75,12,4,Smart TV,Debit Card,Drama,6.0,56,0,1,1,1,0,1
CUST108689,65,Male,Central India,Standard,498.05,55,2,Smart TV,UPI,Documentary,5.8,78,1,4,1,1,0,1
CUST108690,62,Male,East India,Standard,510.44,30,4,Smart TV,Debit Card,Action,15.7,27,1,3,1,0,1,1
CUST108691,60,Male,North India,Basic,212.02,27,1,Tablet,Gift Card,Romance,0.0,89,0,1,0,1,0,0
CUST108692,42,Female,Central India,Basic,183.18,43,1,Laptop,Net Banking,Documentary,4.0,83,2,2,1,1,1,0
CUST108693,52,Female,South India,Standard,488.75,5,2,Mobile,Credit Card,Thriller,10.7,76,2,3,1,1,0,1
CUST108694,23,Male,West India,Standard,492.82,20,5,Mobile,Credit Card,Action,9.9,30,1,1,0,0,0,0
CUST108695,33,Female,East India,Basic,225.63,52,3,Laptop,Net Banking,Action,0.0,50,1,1,0,0,1,1
CUST108696,33,Male,East India,Standard,519.37,21,2,Mobile,Credit Card,Action,17.9,77,0,2,0,1,1,0
CUST108697,30,Female,South India,Premium,800.5,3,3,Mobile,Credit Card,Drama,4.3,28,1,2,0,0,1,0
CUST108698,67,Male,Central India,Standard,540.1,41,2,Laptop,Debit Card,Documentary,4.0,77,0,1,1,1,1,1
CUST108699,41,Female,Central India,Basic,179.34,60,3,Mobile,Credit Card,Kids,5.9,13,0,2,0,1,0,1
CUST108700,36,Female,Central India,Standard,495.46,50,5,Smart TV,Debit Card,Thriller,8.4,83,0,2,0,0,0,0
CUST108701,22,Female,West India,Standard,516.63,44,5,Laptop,Credit Card,Romance,15.4,40,1,3,1,0,0,1
CUST108702,57,Male,West India,Basic,199.66,55,1,Laptop,Credit Card,Drama,15.9,34,2,2,1,1,0,1
CUST108703,29,Male,Central India,Basic,186.27,4,2,Laptop,UPI,Action,17.2,4,0,2,0,0,1,1
CUST108704,30,Male,West India,Standard,504.97,24,5,Smart TV,Net Banking,Kids,0.8,63,1,3,1,0,0,0
CUST108705,54,Female,East India,Premium,839.14,7,5,Laptop,UPI,Thriller,9.6,78,0,4,0,1,0,1
CUST108706,60,Male,Central India,Standard,486.46,24,2,Mobile,Credit Card,Comedy,7.0,55,1,2,0,0,1,1
CUST108707,32,Female,West India,Basic,188.02,52,2,Mobile,Debit Card,Thriller,12.0,76,3,2,1,1,0,0
CUST108708,49,Male,East India,Standard,482.87,11,1,Mobile,Credit Card,Comedy,15.4,0,1,2,0,1,0,0
CUST108709,57,Male,East India,Basic,192.7,2,5,Mobile,Gift Card,Comedy,6.6,6,1,1,1,1,0,1
CUST108710,30,Female,West India,Basic,215.24,55,3,Laptop,Gift Card,Kids,10.8,11,0,3,1,1,0,0
CUST108711,29,Female,Central India,Standard,522.51,44,2,Mobile,Gift Card,Action,7.6,20,0,4,1,1,0,1
CUST108712,21,Male,Central India,Premium,780.02,41,2,Smart TV,Gift Card,Comedy,2.1,75,1,1,0,0,0,0
CUST108713,26,Male,West India,Premium,808.13,6,2,Smart TV,Credit Card,Drama,1.9,35,0,3,1,0,0,1
CUST108714,61,Female,West India,Basic,210.61,7,2,Mobile,Gift Card,Romance,17.8,32,1,2,0,0,0,1
CUST108715,41,Female,North India,Premium,788.76,38,5,Smart TV,Net Banking,Action,22.0,3,2,4,0,1,1,0
CUST108716,43,Male,East India,Basic,210.13,18,3,Smart TV,Credit Card,Kids,4.5,50,1,2,0,1,0,1
CUST108717,16,Female,Central India,Basic,204.64,45,1,Laptop,UPI,Comedy,13.2,48,2,4,0,0,1,0
CUST108718,30,Male,South India,Premium,815.38,9,4,Laptop,Credit Card,Romance,9.2,72,1,4,0,1,1,1
CUST108719,32,Male,East India,Premium,765.6,53,5,Mobile,Debit Card,Documentary,1.0,38,1,1,1,0,1,0
CUST108720,68,Male,Central India,Basic,203.37,28,5,Tablet,Net Banking,Romance,15.0,70,2,3,0,0,0,0
CUST108721,68,Female,North India,Basic,211.21,19,4,Mobile,Credit Card,Kids,9.9,17,0,3,0,0,0,1
CUST108722,59,Male,East India,Basic,214.7,4,4,Smart TV,UPI,Kids,0.0,58,3,3,1,1,1,1
CUST108723,55,Male,East India,Standard,511.09,4,2,Tablet,Debit Card,Drama,13.0,22,1,1,0,1,0,0
CUST108724,56,Female,Central India,Premium,780.9,13,3,Mobile,Debit Card,Documentary,19.5,19,2,1,1,1,0,0
CUST108725,21,Female,South India,Basic,220.41,28,5,Mobile,UPI,Thriller,1.8,30,2,1,0,1,0,1
CUST108726,25,Female,West India,Standard,510.18,57,5,Smart TV,UPI,Drama,2.9,88,3,4,1,1,0,0
CUST108727,27,Male,South India,Basic,199.28,11,1,Laptop,UPI,Kids,11.8,66,1,2,0,1,0,1
CUST108728,39,Female,North India,Basic,199.54,53,4,Mobile,UPI,Documentary,16.6,52,1,1,0,0,0,1
CUST108729,27,Female,East India,Premium,825.46,2,4,Laptop,Gift Card,Documentary,6.6,53,2,3,0,0,0,1
CUST108730,40,Male,Central India,Premium,809.68,6,5,Mobile,Net Banking,Kids,12.2,61,2,3,0,1,1,1
CUST108731,49,Male,East India,Basic,201.33,12,4,Laptop,UPI,Action,12.6,19,0,3,1,1,0,1
CUST108732,67,Male,West India,Basic,186.25,55,2,Mobile,Gift Card,Thriller,18.9,24,0,1,1,1,0,1
CUST108733,31,Male,South India,Basic,195.6,40,1,Smart TV,Credit Card,Drama,3.5,50,0,1,1,1,0,1
CUST108734,38,Female,South India,Standard,486.21,37,5,Mobile,Debit Card,Drama,12.6,20,3,2,0,1,1,1
CUST108735,64,Male,North India,Basic,172.73,56,1,Mobile,Credit Card,Kids,18.9,47,0,3,0,0,0,0
CUST108736,38,Female,Central India,Standard,502.36,24,2,Mobile,Credit Card,Kids,13.4,53,1,3,0,1,1,0
CUST108737,37,Male,West India,Standard,472.69,52,1,Smart TV,Gift Card,Drama,21.4,15,2,3,0,1,0,0
CUST108738,38,Male,West India,Basic,189.56,55,4,Laptop,Gift Card,Comedy,9.8,86,0,1,1,1,0,1
CUST108739,38,Female,Central India,Premium,794.36,60,5,Laptop,UPI,Drama,9.7,59,1,2,1,0,0,0
CUST108740,58,Female,North India,Basic,177.1,9,1,Smart TV,UPI,Comedy,3.9,74,0,2,1,0,0,0
CUST108741,40,Female,West India,Premium,814.28,26,3,Mobile,Gift Card,Action,14.8,11,1,2,1,1,1,1
CUST108742,61,Male,North India,Standard,497.29,4,5,Laptop,Net Banking,Comedy,20.9,68,2,4,1,1,1,0
CUST108743,30,Male,Central India,Premium,764.54,41,1,Laptop,UPI,Thriller,0.0,55,3,3,0,0,0,1
CUST108744,44,Female,Central India,Basic,211.6,44,5,Smart TV,Credit Card,Romance,2.9,43,0,1,0,1,0,1
CUST108745,65,Female,Central India,Standard,525.54,4,1,Smart TV,UPI,Kids,15.0,37,2,2,0,0,0,1
CUST108746,15,Male,West India,Basic,201.7,49,1,Mobile,UPI,Comedy,19.8,21,1,4,1,0,0,1
CUST108747,14,Female,Central India,Premium,808.29,52,4,Mobile,Net Banking,Kids,19.6,80,1,3,0,1,1,1
CUST108748,45,Female,West India,Standard,503.85,34,1,Mobile,Gift Card,Thriller,11.1,20,1,1,0,1,1,1
CUST108749,54,Male,North India,Basic,207.56,22,3,Smart TV,Net Banking,Thriller,17.1,12,2,2,0,1,1,0
CUST108750,31,Female,East India,Basic,190.91,13,4,Laptop,UPI,Thriller,11.2,45,0,3,1,0,1,0
CUST108751,29,Male,North India,Premium,787.81,15,3,Laptop,Net Banking,Thriller,0.0,58,0,2,0,1,0,1
CUST108752,56,Male,West India,Premium,783.2,40,3,Mobile,UPI,Romance,11.4,78,1,2,0,0,1,1
CUST108753,45,Male,South India,Premium,800.8,38,2,Smart TV,Net Banking,Romance,4.8,17,1,1,0,1,1,0
CUST108754,24,Female,South India,Premium,808.68,41,3,Mobile,Debit Card,Drama,10.4,42,0,2,0,0,1,0
CUST108755,61,Female,East India,Premium,808.49,54,1,Smart TV,Debit Card,Kids,15.1,54,0,4,1,1,0,0
CUST108756,68,Female,Central India,Standard,492.71,43,5,Mobile,UPI,Thriller,5.6,74,0,1,0,1,1,0
CUST108757,15,Female,North India,Basic,196.09,55,4,Smart TV,Net Banking,Documentary,0.3,70,2,2,1,0,1,0
CUST108758,55,Male,North India,Basic,196.03,44,4,Laptop,UPI,Action,11.7,31,1,2,0,1,1,1
CUST108759,61,Male,West India,Standard,491.44,53,4,Laptop,Net Banking,Documentary,18.1,76,0,4,0,1,1,0
CUST108760,67,Female,East India,Standard,470.09,56,5,Mobile,Gift Card,Drama,4.0,15,1,1,1,0,0,0
CUST108761,38,Female,Central India,Standard,496.08,2,3,Mobile,Net Banking,Thriller,8.3,89,2,1,0,1,0,1
CUST108762,47,Female,East India,Basic,194.52,2,2,Mobile,Net Banking,Comedy,15.0,39,2,3,0,0,0,1
CUST108763,20,Female,South India,Standard,498.29,43,1,Smart TV,UPI,Kids,5.3,40,2,2,0,0,0,1
CUST108764,64,Male,East India,Basic,191.01,8,4,Mobile,Net Banking,Romance,16.1,53,1,2,0,0,1,1
CUST108765,48,Female,Central India,Standard,503.36,38,1,Mobile,UPI,Drama,0.0,33,0,3,0,0,0,0
CUST108766,65,Male,Central India,Standard,539.63,18,3,Tablet,UPI,Action,12.0,84,4,4,0,1,0,0
CUST108767,66,Female,North India,Basic,210.75,54,2,Mobile,Credit Card,Comedy,19.3,17,2,1,0,0,0,0
CUST108768,19,Female,North India,Premium,791.88,29,4,Smart TV,UPI,Romance,6.1,19,0,4,1,1,1,0
CUST108769,58,Female,Central India,Standard,495.67,11,3,Mobile,Net Banking,Comedy,9.9,75,1,4,0,1,1,0
CUST108770,58,Male,North India,Premium,797.29,56,2,Smart TV,Debit Card,Thriller,0.0,84,0,3,1,1,0,0
CUST108771,48,Female,North India,Basic,200.74,6,4,Mobile,Gift Card,Action,5.1,8,1,4,0,1,0,0
CUST108772,28,Male,North India,Basic,198.92,9,3,Smart TV,Net Banking,Kids,9.2,46,1,4,0,1,1,1
CUST108773,36,Male,Central India,Basic,192.22,22,1,Smart TV,Net Banking,Kids,16.1,60,0,4,0,0,0,1
CUST108774,66,Female,North India,Basic,191.44,46,5,Tablet,Net Banking,Romance,17.7,10,2,1,0,0,0,0
CUST108775,13,Male,South India,Basic,208.68,51,4,Mobile,Credit Card,Action,13.6,10,1,3,0,1,0,0
CUST108776,61,Male,Central India,Basic,195.06,25,2,Smart TV,Debit Card,Comedy,0.0,27,0,1,0,0,0,0
CUST108777,37,Male,East India,Premium,807.58,58,2,Mobile,Net Banking,Action,8.6,80,0,2,0,1,1,0
CUST108778,22,Female,West India,Premium,795.73,31,5,Smart TV,UPI,Documentary,8.3,23,1,2,0,1,0,1
CUST108779,66,Male,West India,Premium,771.94,21,5,Mobile,Debit Card,Thriller,13.0,20,2,1,0,1,0,0
CUST108780,28,Male,South India,Premium,783.15,38,3,Smart TV,Debit Card,Thriller,13.3,34,2,1,1,0,1,0
CUST108781,28,Female,Central India,Standard,474.99,52,5,Mobile,Net Banking,Documentary,8.6,36,2,3,0,1,0,0
CUST108782,20,Female,East India,Standard,502.1,19,4,Smart TV,UPI,Documentary,12.1,10,0,3,0,0,0,1
CUST108783,41,Male,Central India,Basic,173.51,10,5,Smart TV,Debit Card,Action,4.9,31,1,2,0,0,0,1
CUST108784,51,Male,East India,Basic,191.51,46,4,Smart TV,Gift Card,Comedy,16.2,25,1,3,0,0,1,0
CUST108785,40,Male,East India,Premium,793.47,37,1,Mobile,UPI,Action,4.2,17,1,3,1,1,0,0
CUST108786,18,Male,Central India,Premium,795.3,12,5,Mobile,Debit Card,Documentary,8.1,75,2,3,0,0,0,1
CUST108787,28,Female,North India,Premium,812.21,19,1,Smart TV,Debit Card,Thriller,17.0,19,2,2,0,1,0,0
CUST108788,32,Female,West India,Premium,814.81,2,2,Mobile,UPI,Thriller,12.8,33,1,4,0,1,0,1
CUST108789,28,Male,North India,Basic,187.85,15,5,Mobile,Credit Card,Thriller,5.8,53,2,3,0,1,1,1
CUST108790,19,Female,West India,Standard,498.71,38,2,Laptop,UPI,Action,10.9,64,2,2,0,1,0,0
CUST108791,53,Male,North India,Standard,492.68,8,1,Laptop,Gift Card,Kids,11.1,78,2,4,1,1,1,1
CUST108792,26,Female,Central India,Premium,805.33,46,2,Laptop,Credit Card,Documentary,20.7,13,3,4,1,1,0,0
CUST108793,55,Female,Central India,Premium,797.75,35,1,Smart TV,Net Banking,Romance,15.3,42,1,3,1,1,0,1
CUST108794,38,Male,East India,Standard,505.79,38,3,Laptop,Credit Card,Comedy,14.2,26,1,2,0,1,0,1
CUST108795,38,Male,South India,Basic,182.0,43,1,Mobile,Gift Card,Kids,4.8,66,1,3,0,1,1,1
CUST108796,26,Male,Central India,Basic,202.42,30,3,Smart TV,Gift Card,Romance,5.0,1,0,1,0,1,0,1
CUST108797,19,Male,West India,Standard,477.95,9,2,Mobile,Gift Card,Action,6.0,75,4,3,0,1,0,1
CUST108798,45,Female,East India,Premium,787.29,30,1,Laptop,Debit Card,Kids,20.2,62,2,4,0,1,0,1
CUST108799,38,Female,West India,Basic,200.52,49,3,Smart TV,Credit Card,Thriller,7.4,50,1,3,1,1,1,0
CUST108800,69,Male,North India,Basic,169.73,19,1,Laptop,Gift Card,Kids,8.0,86,2,4,1,1,0,1
CUST108801,57,Female,South India,Basic,166.19,29,4,Laptop,Credit Card,Documentary,1.6,48,1,4,1,0,0,0
CUST108802,32,Female,Central India,Premium,781.64,2,4,Smart TV,Credit Card,Comedy,2.2,72,1,1,0,1,1,1
CUST108803,15,Male,North India,Standard,484.91,28,2,Smart TV,Net Banking,Romance,10.4,14,0,3,0,1,0,1
CUST108804,64,Male,East India,Standard,486.48,8,4,Mobile,Net Banking,Drama,16.7,0,2,1,1,0,0,0
CUST108805,16,Female,West India,Standard,491.14,25,5,Smart TV,Net Banking,Action,9.6,36,0,4,1,0,0,1
CUST108806,38,Male,South India,Basic,203.6,10,3,Smart TV,Debit Card,Drama,10.1,9,1,1,0,1,0,1
CUST108807,23,Male,Central India,Basic,228.4,22,5,Mobile,Debit Card,Romance,20.1,20,0,4,1,1,0,0
CUST108808,14,Female,West India,Premium,789.58,35,4,Tablet,Net Banking,Documentary,10.1,34,0,4,0,1,0,0
CUST108809,26,Female,Central India,Premium,804.72,42,2,Tablet,Gift Card,Drama,9.8,49,0,4,1,1,1,0
CUST108810,56,Male,Central India,Standard,517.68,24,5,Mobile,UPI,Thriller,16.2,33,2,3,0,1,0,1
CUST108811,42,Female,West India,Standard,515.0,26,2,Laptop,Debit Card,Action,15.1,74,1,4,1,0,0,1
CUST108812,61,Male,Central India,Premium,787.22,31,1,Mobile,UPI,Comedy,6.6,47,1,2,0,1,0,0
CUST108813,24,Male,East India,Standard,512.1,23,5,Smart TV,Debit Card,Thriller,8.4,53,0,3,0,1,0,1
CUST108814,38,Female,South India,Basic,218.36,2,1,Smart TV,Credit Card,Documentary,12.5,67,0,1,0,0,0,0
CUST108815,56,Female,North India,Standard,521.96,59,5,Laptop,Gift Card,Action,11.3,73,1,4,0,0,1,1
CUST108816,45,Male,South India,Standard,522.53,39,3,Mobile,Debit Card,Documentary,19.3,9,2,4,0,1,1,0
CUST108817,25,Male,North India,Standard,482.5,33,2,Laptop,Credit Card,Documentary,8.3,30,1,1,0,1,0,0
CUST108818,26,Male,East India,Premium,802.6,24,1,Laptop,Gift Card,Documentary,14.2,10,2,1,0,0,0,0
CUST108819,36,Female,South India,Premium,788.64,12,4,Smart TV,Debit Card,Action,12.7,3,0,3,0,1,0,1
CUST108820,46,Male,East India,Basic,179.4,37,5,Smart TV,Gift Card,Thriller,12.4,86,0,1,0,1,0,0
CUST108821,56,Female,West India,Standard,506.18,9,1,Smart TV,Debit Card,Kids,6.3,74,2,1,0,0,1,1
CUST108822,38,Male,North India,Basic,202.02,44,5,Laptop,Net Banking,Documentary,9.5,4,0,3,0,1,0,1
CUST108823,33,Female,West India,Standard,501.56,43,5,Tablet,Debit Card,Comedy,9.9,21,1,2,0,1,0,1
CUST108824,40,Male,West India,Standard,491.88,44,5,Mobile,Debit Card,Thriller,18.3,38,2,3,0,1,1,0
CUST108825,60,Female,South India,Standard,535.74,3,1,Mobile,Credit Card,Documentary,8.2,40,1,3,0,0,1,1
CUST108826,48,Male,Central India,Premium,821.63,44,1,Laptop,Net Banking,Action,9.8,10,0,2,0,1,0,0
CUST108827,52,Male,Central India,Standard,492.72,23,5,Smart TV,UPI,Documentary,10.0,57,1,4,1,1,0,0
CUST108828,14,Male,East India,Premium,798.65,24,4,Smart TV,Gift Card,Documentary,21.1,10,0,3,0,1,0,1
CUST108829,54,Male,South India,Basic,206.43,33,2,Mobile,UPI,Drama,14.5,47,2,1,0,1,0,1
CUST108830,21,Female,West India,Basic,214.41,30,5,Laptop,UPI,Drama,13.6,71,1,2,1,1,0,0
CUST108831,35,Female,East India,Standard,506.23,38,4,Smart TV,Net Banking,Thriller,10.7,52,1,3,0,0,0,0
CUST108832,27,Female,West India,Premium,800.72,43,2,Smart TV,Net Banking,Romance,7.4,56,0,1,1,1,0,1
CUST108833,25,Female,East India,Standard,477.74,2,5,Laptop,Net Banking,Drama,16.4,39,1,1,0,0,0,0
CUST108834,35,Female,North India,Basic,228.44,40,2,Laptop,Credit Card,Action,7.7,48,2,1,0,0,0,1
CUST108835,29,Male,East India,Standard,489.53,22,5,Laptop,Credit Card,Drama,21.3,61,0,1,0,0,0,0
CUST108836,60,Female,East India,Standard,514.92,11,1,Mobile,Gift Card,Action,11.1,60,0,2,0,1,1,0
CUST108837,14,Female,West India,Premium,799.47,59,5,Laptop,Net Banking,Documentary,14.0,51,3,4,1,0,0,1
CUST108838,32,Female,Central India,Standard,517.75,12,5,Smart TV,UPI,Thriller,10.1,27,0,1,0,1,0,1
CUST108839,32,Female,West India,Premium,779.49,19,5,Mobile,Gift Card,Drama,26.1,65,1,1,0,1,1,0
CUST108840,58,Male,South India,Premium,789.47,20,5,Laptop,Credit Card,Drama,3.9,76,1,4,1,0,0,0
CUST108841,15,Male,West India,Basic,196.9,55,4,Smart TV,Debit Card,Thriller,7.9,41,2,2,0,1,1,1
CUST108842,67,Male,Central India,Standard,485.25,9,3,Smart TV,Debit Card,Action,4.6,77,2,4,0,1,0,1
CUST108843,24,Male,South India,Standard,490.95,43,4,Laptop,Gift Card,Kids,2.7,68,3,4,0,0,0,0
CUST108844,52,Female,Central India,Premium,818.37,58,4,Smart TV,Credit Card,Action,12.1,34,2,1,0,1,0,0
CUST108845,14,Female,South India,Basic,207.29,18,1,Laptop,Gift Card,Drama,7.7,8,4,1,1,0,0,1
CUST108846,48,Male,West India,Basic,220.72,41,5,Mobile,Credit Card,Kids,8.1,6,2,3,1,0,0,1
CUST108847,26,Male,Central India,Basic,199.98,47,4,Laptop,Net Banking,Action,8.4,56,1,4,1,0,1,0
CUST108848,28,Female,Central India,Standard,496.62,54,2,Mobile,Debit Card,Action,10.3,35,0,1,0,1,0,1
CUST108849,31,Female,North India,Basic,179.38,18,5,Mobile,UPI,Drama,1.5,34,2,2,1,1,0,0
CUST108850,46,Male,North India,Standard,514.72,40,1,Mobile,Net Banking,Drama,3.1,13,0,3,0,0,1,0
CUST108851,56,Male,East India,Premium,796.58,36,1,Mobile,UPI,Romance,2.5,73,1,3,1,1,0,0
CUST108852,58,Male,North India,Standard,501.92,27,2,Laptop,Gift Card,Drama,10.6,80,2,1,1,1,1,1
CUST108853,18,Male,Central India,Standard,490.61,13,1,Smart TV,Debit Card,Comedy,10.5,73,2,3,0,0,1,1
CUST108854,25,Female,East India,Premium,841.69,47,5,Mobile,UPI,Drama,10.1,31,1,2,0,1,1,1
CUST108855,48,Female,West India,Standard,500.85,8,3,Mobile,Gift Card,Kids,13.0,23,2,4,1,1,0,1
CUST108856,34,Female,East India,Basic,188.28,48,3,Mobile,Credit Card,Comedy,12.1,38,0,4,1,0,1,0
CUST108857,30,Male,South India,Basic,181.61,43,4,Smart TV,Net Banking,Documentary,0.5,83,4,4,1,1,0,1
CUST108858,24,Female,East India,Standard,506.92,23,1,Mobile,Credit Card,Action,9.3,33,0,2,0,1,0,1
CUST108859,64,Female,North India,Basic,187.7,55,5,Mobile,Net Banking,Comedy,11.1,38,1,4,0,1,0,1
CUST108860,66,Male,West India,Standard,492.23,59,2,Laptop,Debit Card,Documentary,3.9,39,3,2,1,0,0,1
CUST108861,42,Male,South India,Premium,776.08,13,2,Laptop,UPI,Kids,1.5,14,0,4,1,0,0,0
CUST108862,65,Male,East India,Standard,500.01,7,5,Mobile,Credit Card,Action,14.4,48,0,3,0,1,0,1
CUST108863,63,Male,West India,Standard,499.84,50,5,Mobile,Credit Card,Action,4.7,59,3,1,0,1,0,1
CUST108864,52,Male,North India,Basic,226.87,40,2,Laptop,UPI,Action,15.2,13,0,1,1,1,0,0
CUST108865,19,Male,West India,Premium,790.96,2,1,Laptop,UPI,Kids,10.3,14,0,2,0,0,0,1
CUST108866,44,Female,West India,Premium,766.04,3,4,Mobile,Gift Card,Thriller,8.2,11,2,3,0,1,0,1
CUST108867,60,Female,South India,Standard,495.67,42,4,Tablet,Net Banking,Thriller,13.8,17,0,3,1,0,0,0
CUST108868,31,Female,Central India,Standard,518.54,39,4,Mobile,Gift Card,Comedy,10.8,14,2,1,0,1,1,0
CUST108869,18,Female,North India,Standard,508.16,23,5,Smart TV,Credit Card,Comedy,9.4,5,2,1,0,0,0,0
CUST108870,32,Female,South India,Basic,215.29,60,2,Mobile,UPI,Action,5.0,60,0,4,1,0,0,0
CUST108871,39,Female,South India,Basic,205.78,7,2,Tablet,Debit Card,Documentary,18.8,7,1,4,0,0,1,0
CUST108872,65,Male,South India,Basic,192.42,4,2,Mobile,Credit Card,Comedy,4.0,49,0,3,1,1,0,0
CUST108873,55,Male,Central India,Standard,482.14,53,2,Smart TV,Credit Card,Drama,16.6,17,1,1,1,0,0,0
CUST108874,49,Male,Central India,Basic,184.26,55,2,Mobile,Net Banking,Kids,1.2,66,0,4,1,1,0,0
CUST108875,60,Female,East India,Basic,189.97,8,3,Mobile,Gift Card,Drama,12.7,23,1,3,0,1,1,1
CUST108876,19,Female,East India,Basic,208.51,32,5,Laptop,Net Banking,Comedy,14.7,87,1,4,1,0,0,1
CUST108877,17,Male,North India,Standard,497.79,19,5,Tablet,Credit Card,Documentary,10.7,39,1,4,0,0,0,1
CUST108878,23,Male,North India,Standard,472.01,54,3,Tablet,UPI,Drama,14.1,23,0,2,0,1,0,0
CUST108879,27,Male,Central India,Basic,203.8,12,4,Laptop,Debit Card,Action,17.1,55,3,4,1,0,0,1
CUST108880,15,Male,Central India,Premium,817.34,57,1,Laptop,Net Banking,Action,13.7,44,1,2,1,0,0,1
CUST108881,17,Male,Central India,Standard,475.33,10,5,Tablet,Credit Card,Thriller,20.1,11,1,3,0,1,0,0
CUST108882,35,Female,South India,Basic,207.25,14,5,Mobile,Gift Card,Thriller,22.8,38,1,3,1,1,1,1
CUST108883,65,Female,Central India,Basic,167.33,27,3,Mobile,Net Banking,Thriller,19.3,28,2,1,0,0,0,0
CUST108884,49,Female,South India,Standard,485.86,44,5,Mobile,Credit Card,Kids,14.1,0,1,4,1,1,0,0
CUST108885,21,Male,South India,Basic,179.74,21,5,Smart TV,Gift Card,Documentary,7.8,0,0,4,0,0,0,0
CUST108886,27,Female,North India,Basic,209.27,20,4,Tablet,Gift Card,Action,11.9,36,1,1,0,1,1,0
CUST108887,15,Male,West India,Standard,523.97,57,3,Smart TV,Debit Card,Documentary,13.5,11,0,3,0,0,0,0
CUST108888,41,Female,East India,Standard,514.93,4,5,Smart TV,UPI,Drama,3.1,67,1,3,1,1,0,1
CUST108889,18,Male,East India,Premium,814.42,19,2,Laptop,Debit Card,Romance,9.4,70,3,2,1,0,0,1
CUST108890,29,Male,North India,Premium,785.03,29,3,Tablet,Gift Card,Action,4.1,47,0,2,0,1,0,1
CUST108891,38,Female,North India,Premium,807.74,7,4,Smart TV,Net Banking,Thriller,7.0,39,2,2,1,1,0,1
CUST108892,33,Female,Central India,Basic,202.59,53,1,Laptop,UPI,Kids,12.1,14,3,3,1,1,0,0
CUST108893,20,Female,Central India,Basic,181.37,33,5,Mobile,Gift Card,Thriller,9.1,25,0,2,0,1,0,0
CUST108894,33,Female,Central India,Premium,815.14,8,2,Smart TV,UPI,Kids,6.5,54,2,1,0,1,0,1
CUST108895,69,Female,South India,Standard,505.51,11,2,Mobile,Net Banking,Drama,12.4,24,1,2,1,1,0,1
CUST108896,23,Male,South India,Standard,495.72,33,1,Mobile,Credit Card,Action,9.5,41,2,2,1,1,0,0
CUST108897,50,Female,Central India,Basic,211.32,25,3,Mobile,Credit Card,Documentary,10.2,24,0,4,0,1,1,1
CUST108898,20,Female,South India,Basic,201.22,33,4,Laptop,Gift Card,Documentary,10.1,24,2,1,1,1,1,0
CUST108899,54,Male,North India,Basic,217.02,36,5,Smart TV,Gift Card,Drama,12.1,24,1,4,0,1,0,0
CUST108900,36,Female,Central India,Standard,527.32,26,5,Smart TV,Debit Card,Kids,0.3,16,0,4,0,0,0,1
CUST108901,47,Male,East India,Basic,194.81,36,5,Mobile,Gift Card,Action,10.2,74,2,1,0,1,0,1
CUST108902,67,Female,East India,Standard,494.65,11,2,Tablet,Credit Card,Documentary,19.6,20,2,4,0,1,1,1
CUST108903,26,Female,South India,Standard,491.64,30,3,Smart TV,Credit Card,Romance,0.0,57,1,3,0,0,0,1
CUST108904,67,Male,East India,Basic,199.26,57,1,Mobile,Debit Card,Thriller,7.8,15,2,3,0,1,0,0
CUST108905,26,Female,Central India,Basic,219.26,33,3,Mobile,Net Banking,Thriller,10.8,6,1,2,1,0,1,0
CUST108906,22,Female,East India,Standard,483.09,10,4,Tablet,UPI,Documentary,3.2,74,2,1,0,1,0,0
CUST108907,24,Female,North India,Basic,178.44,29,4,Tablet,Credit Card,Kids,0.5,4,1,4,1,0,1,1
CUST108908,50,Female,South India,Basic,202.54,25,1,Smart TV,UPI,Action,7.4,78,3,2,0,1,0,1
CUST108909,56,Male,East India,Basic,198.44,32,2,Smart TV,Gift Card,Documentary,6.5,24,0,3,1,1,0,1
CUST108910,67,Male,South India,Standard,501.9,4,1,Tablet,Gift Card,Drama,14.2,7,1,1,0,1,0,0
CUST108911,58,Female,North India,Standard,469.65,55,4,Laptop,Net Banking,Action,6.5,0,2,1,1,1,0,1
CUST108912,46,Female,East India,Basic,222.12,57,2,Tablet,UPI,Documentary,13.1,61,3,2,1,1,1,1
CUST108913,53,Male,Central India,Standard,502.08,59,3,Smart TV,Credit Card,Romance,11.4,32,1,2,1,1,1,0
CUST108914,22,Male,West India,Premium,835.7,39,4,Tablet,Debit Card,Thriller,14.3,77,1,1,0,0,0,1
CUST108915,29,Female,East India,Standard,505.2,34,2,Smart TV,Credit Card,Action,7.9,46,1,3,1,1,1,0
CUST108916,29,Male,North India,Basic,192.98,22,2,Smart TV,UPI,Comedy,9.1,59,1,3,0,1,0,0
CUST108917,15,Male,West India,Standard,502.82,13,5,Mobile,UPI,Action,16.6,42,2,1,0,0,0,0
CUST108918,43,Male,East India,Standard,521.19,54,3,Smart TV,Credit Card,Thriller,17.7,4,2,4,1,1,1,0
CUST108919,63,Male,South India,Premium,788.19,51,2,Laptop,Credit Card,Romance,20.2,89,0,2,1,0,0,0
CUST108920,13,Female,North India,Premium,807.77,36,1,Smart TV,Net Banking,Action,3.5,21,1,1,0,1,0,1
CUST108921,24,Male,East India,Standard,505.57,6,3,Smart TV,Gift Card,Drama,4.7,62,3,2,0,1,0,1
CUST108922,51,Female,North India,Standard,507.91,59,3,Mobile,Net Banking,Romance,12.0,1,0,3,0,1,0,0
CUST108923,16,Female,Central India,Premium,785.37,54,4,Tablet,Credit Card,Thriller,8.0,2,2,4,0,0,0,0
CUST108924,54,Male,West India,Premium,808.56,17,3,Smart TV,Credit Card,Thriller,0.0,0,0,1,0,1,0,1
CUST108925,25,Female,West India,Standard,507.43,26,3,Mobile,Debit Card,Kids,12.6,10,1,2,0,1,1,1
CUST108926,46,Female,Central India,Basic,222.5,24,5,Mobile,Gift Card,Romance,5.0,68,0,1,1,1,0,0
CUST108927,54,Male,West India,Basic,225.59,9,3,Laptop,Debit Card,Drama,10.1,16,0,4,1,1,0,1
CUST108928,33,Male,West India,Standard,504.59,2,2,Smart TV,Gift Card,Comedy,11.6,0,0,2,0,1,0,0
CUST108929,34,Male,Central India,Standard,502.44,20,1,Mobile,Gift Card,Action,7.6,32,0,3,0,1,0,1
CUST108930,69,Female,South India,Premium,784.59,27,5,Mobile,UPI,Drama,8.2,45,0,3,0,1,0,1
CUST108931,16,Female,West India,Premium,796.05,6,5,Tablet,Gift Card,Action,13.9,29,3,1,0,0,0,0
CUST108932,30,Female,South India,Basic,192.16,50,5,Tablet,Credit Card,Action,0.0,76,0,2,0,1,0,0
CUST108933,17,Female,North India,Standard,513.64,27,5,Mobile,Gift Card,Comedy,2.4,51,1,1,0,1,0,1
CUST108934,31,Male,North India,Basic,203.61,55,4,Mobile,Net Banking,Action,0.0,8,0,3,0,1,0,1
CUST108935,14,Female,West India,Standard,484.27,54,5,Mobile,UPI,Romance,6.3,71,0,2,0,1,0,0
CUST108936,24,Male,North India,Standard,486.37,24,4,Laptop,Debit Card,Kids,19.5,74,0,1,1,0,0,0
CUST108937,29,Male,Central India,Basic,237.28,15,4,Mobile,Gift Card,Drama,3.3,2,2,3,1,1,0,1
CUST108938,22,Male,West India,Basic,192.57,55,3,Mobile,Debit Card,Romance,10.7,47,2,1,0,0,1,0
CUST108939,46,Male,Central India,Basic,209.16,48,1,Mobile,Credit Card,Action,9.6,25,3,2,1,1,0,1
CUST108940,18,Female,South India,Basic,199.33,58,3,Tablet,Debit Card,Action,3.9,83,0,4,0,0,0,1
CUST108941,20,Male,East India,Premium,795.26,33,4,Smart TV,Gift Card,Comedy,5.9,52,1,4,1,0,1,0
CUST108942,63,Female,East India,Basic,216.59,42,3,Smart TV,Debit Card,Action,0.0,11,0,4,0,1,1,0
CUST108943,23,Male,West India,Basic,192.18,10,2,Laptop,Credit Card,Thriller,12.6,65,0,3,1,1,0,0
CUST108944,69,Male,Central India,Basic,194.47,21,5,Smart TV,Gift Card,Documentary,18.9,82,0,3,0,1,0,0
CUST108945,24,Male,East India,Premium,819.62,6,5,Laptop,Debit Card,Kids,2.3,64,3,1,0,1,1,1
CUST108946,21,Female,West India,Basic,193.23,30,4,Mobile,Debit Card,Thriller,11.0,22,3,3,0,1,0,0
CUST108947,14,Male,East India,Basic,177.91,23,3,Smart TV,Credit Card,Romance,16.6,5,1,1,0,1,0,1
CUST108948,20,Male,East India,Standard,482.08,36,2,Laptop,Net Banking,Comedy,15.6,42,2,1,0,1,0,1
CUST108949,23,Male,North India,Basic,206.72,46,2,Smart TV,Net Banking,Kids,14.2,82,1,1,1,1,0,0
CUST108950,65,Male,West India,Basic,188.48,57,2,Mobile,UPI,Action,19.0,82,1,3,0,0,0,1
CUST108951,48,Female,East India,Standard,515.95,49,4,Mobile,Credit Card,Drama,1.7,58,1,1,0,0,1,0
CUST108952,22,Female,West India,Basic,199.31,3,3,Tablet,Net Banking,Action,5.7,60,1,4,1,1,0,1
CUST108953,33,Male,North India,Premium,810.43,26,2,Laptop,Debit Card,Kids,9.3,41,1,4,1,1,0,0
CUST108954,32,Male,West India,Standard,504.31,34,2,Smart TV,Credit Card,Action,14.2,64,3,4,0,1,0,1
CUST108955,60,Female,North India,Standard,514.9,30,3,Smart TV,Debit Card,Comedy,15.5,23,2,2,1,0,1,1
CUST108956,20,Female,East India,Basic,227.26,18,3,Mobile,Debit Card,Romance,10.1,34,1,1,0,1,1,1
CUST108957,48,Female,East India,Premium,807.47,17,5,Mobile,UPI,Action,13.0,24,2,3,1,0,0,0
CUST108958,41,Male,East India,Standard,506.74,45,1,Smart TV,UPI,Romance,12.3,14,1,3,0,1,0,0
CUST108959,54,Female,North India,Basic,215.68,51,1,Smart TV,Gift Card,Drama,0.0,26,1,1,0,1,1,1
CUST108960,24,Male,South India,Basic,190.54,42,2,Laptop,Credit Card,Drama,5.9,14,2,1,0,1,0,1
CUST108961,26,Female,North India,Standard,507.12,21,3,Mobile,Net Banking,Documentary,0.0,15,3,4,1,1,0,1
CUST108962,60,Female,North India,Premium,785.17,54,5,Mobile,UPI,Documentary,7.8,61,1,4,0,0,1,1
CUST108963,66,Male,Central India,Premium,787.62,24,4,Mobile,Credit Card,Action,9.5,55,0,3,1,0,0,0
CUST108964,62,Female,East India,Standard,491.86,4,1,Mobile,UPI,Drama,10.4,21,0,4,0,1,0,1
CUST108965,33,Male,East India,Standard,518.03,49,1,Mobile,Net Banking,Action,7.0,86,0,4,1,0,0,1
CUST108966,34,Female,Central India,Basic,196.9,60,3,Mobile,UPI,Thriller,12.0,64,0,3,1,1,0,0
CUST108967,33,Male,South India,Standard,487.29,48,4,Mobile,Gift Card,Comedy,10.0,16,5,1,0,1,0,1
CUST108968,56,Female,West India,Premium,810.39,25,1,Mobile,Credit Card,Comedy,5.4,58,0,1,1,1,1,1
CUST108969,62,Female,East India,Standard,474.29,51,5,Mobile,Credit Card,Drama,1.8,10,1,3,0,1,0,1
CUST108970,42,Male,East India,Basic,170.93,24,1,Smart TV,Debit Card,Thriller,5.4,1,1,2,1,1,0,0
CUST108971,51,Male,North India,Basic,195.21,46,3,Smart TV,Gift Card,Drama,11.7,57,3,4,0,1,0,1
CUST108972,32,Male,South India,Basic,194.97,52,3,Mobile,UPI,Thriller,9.4,69,1,4,1,1,0,0
CUST108973,36,Male,South India,Standard,514.65,27,4,Smart TV,Debit Card,Romance,11.2,11,2,1,0,0,0,1
CUST108974,35,Female,South India,Premium,817.01,31,1,Laptop,UPI,Romance,11.2,54,0,1,1,1,1,1
CUST108975,19,Female,South India,Basic,197.48,47,4,Mobile,Gift Card,Kids,17.0,2,2,3,0,1,0,0
CUST108976,21,Female,Central India,Basic,195.88,51,1,Tablet,Debit Card,Romance,5.9,76,1,2,0,1,0,1
CUST108977,13,Female,North India,Standard,487.36,35,2,Mobile,Net Banking,Drama,14.6,65,1,2,1,0,0,0
CUST108978,38,Female,Central India,Premium,797.35,52,1,Mobile,Credit Card,Documentary,20.8,65,1,4,1,0,0,1
CUST108979,50,Female,Central India,Standard,460.65,20,3,Mobile,Gift Card,Action,1.0,0,0,4,0,1,1,1
CUST108980,50,Male,West India,Basic,192.23,16,3,Mobile,Gift Card,Comedy,11.9,79,4,3,1,1,0,1
CUST108981,66,Female,North India,Basic,197.79,60,2,Smart TV,UPI,Comedy,6.8,64,3,3,0,1,0,0
CUST108982,56,Female,South India,Standard,487.22,31,1,Mobile,Net Banking,Kids,5.0,30,1,1,1,0,0,0
CUST108983,34,Male,North India,Premium,789.34,7,1,Laptop,Net Banking,Thriller,22.9,17,0,4,1,0,0,0
CUST108984,56,Female,South India,Basic,194.52,18,3,Laptop,Gift Card,Documentary,13.3,45,4,4,0,0,0,0
CUST108985,22,Female,West India,Standard,498.9,8,2,Smart TV,Gift Card,Thriller,7.8,25,0,2,1,0,1,0
CUST108986,67,Female,East India,Standard,511.94,27,3,Smart TV,Credit Card,Documentary,16.1,23,0,4,0,1,0,0
CUST108987,18,Male,Central India,Standard,505.4,14,2,Smart TV,Net Banking,Thriller,15.4,40,1,4,1,1,0,0
CUST108988,29,Male,West India,Basic,212.22,18,3,Mobile,Gift Card,Drama,10.4,29,0,2,0,1,1,1
CUST108989,63,Female,Central India,Premium,807.59,1,5,Mobile,Credit Card,Kids,10.8,7,0,1,1,1,0,1
CUST108990,62,Male,South India,Standard,500.72,56,1,Mobile,UPI,Drama,9.2,67,1,2,0,1,0,0
CUST108991,50,Female,South India,Standard,532.47,31,4,Mobile,Net Banking,Romance,9.0,45,2,3,0,0,1,0
CUST108992,36,Female,West India,Standard,488.26,20,5,Mobile,Debit Card,Romance,5.0,59,0,1,1,1,1,1
CUST108993,63,Female,East India,Premium,785.3,6,3,Smart TV,Debit Card,Comedy,6.7,45,1,4,1,1,0,1
CUST108994,22,Male,East India,Standard,496.71,45,2,Smart TV,Gift Card,Kids,9.8,88,1,2,1,0,0,0
CUST108995,68,Female,Central India,Standard,498.1,1,4,Mobile,Gift Card,Thriller,7.8,89,0,1,1,0,0,0
CUST108996,20,Female,South India,Standard,501.07,19,2,Mobile,Credit Card,Romance,5.6,73,0,3,0,1,0,1
CUST108997,33,Female,South India,Standard,484.69,39,2,Mobile,Gift Card,Kids,20.5,0,2,2,0,0,0,0
CUST108998,68,Female,East India,Basic,228.36,55,1,Mobile,Gift Card,Thriller,12.6,61,3,4,1,1,1,1
CUST108999,18,Female,South India,Premium,793.82,27,3,Smart TV,Credit Card,Romance,8.2,45,1,4,0,1,0,1
CUST109000,33,Male,South India,Premium,784.54,56,1,Mobile,Debit Card,Drama,16.6,18,2,4,0,1,0,0
CUST109001,69,Female,West India,Basic,202.96,16,2,Mobile,Credit Card,Romance,7.8,2,3,3,1,1,0,0
CUST109002,51,Male,East India,Basic,215.43,14,1,Mobile,Net Banking,Thriller,6.9,85,0,1,1,0,0,1
CUST109003,36,Female,East India,Basic,223.16,34,5,Mobile,Net Banking,Comedy,3.9,57,1,3,1,1,0,1
CUST109004,45,Male,North India,Premium,763.03,7,2,Mobile,Gift Card,Kids,8.9,89,0,4,1,1,0,0
CUST109005,30,Female,East India,Standard,510.51,20,2,Mobile,Gift Card,Comedy,14.4,78,1,3,0,0,0,1
CUST109006,68,Female,East India,Standard,525.35,31,5,Smart TV,Debit Card,Romance,13.8,62,0,2,1,1,0,1
CUST109007,40,Male,North India,Premium,790.07,22,2,Mobile,Debit Card,Thriller,12.3,76,1,2,1,1,1,0
CUST109008,69,Male,South India,Standard,495.53,20,4,Laptop,UPI,Romance,11.3,9,2,1,0,1,0,0
CUST109009,64,Female,South India,Premium,784.77,15,4,Smart TV,Net Banking,Comedy,7.7,53,3,3,0,1,1,0
CUST109010,44,Male,Central India,Standard,490.61,25,3,Mobile,Net Banking,Comedy,19.8,17,2,4,1,0,0,0
CUST109011,24,Male,South India,Standard,483.02,46,3,Mobile,UPI,Thriller,25.0,68,1,2,0,1,1,0
CUST109012,60,Female,East India,Standard,513.02,1,1,Mobile,UPI,Thriller,9.5,58,0,4,0,1,0,0
CUST109013,54,Female,Central India,Standard,497.41,17,1,Mobile,Net Banking,Drama,10.1,43,3,4,1,0,0,1
CUST109014,39,Female,Central India,Premium,753.95,16,5,Mobile,Gift Card,Drama,0.0,48,1,3,1,0,0,0
CUST109015,22,Female,South India,Standard,489.96,37,5,Smart TV,Net Banking,Romance,10.2,55,2,4,0,1,1,0
CUST109016,58,Female,Central India,Standard,488.64,21,2,Mobile,UPI,Documentary,5.6,19,3,1,1,1,1,0
CUST109017,69,Male,North India,Basic,211.83,27,3,Laptop,Debit Card,Thriller,17.4,23,0,3,0,1,0,0
CUST109018,64,Female,Central India,Basic,197.98,56,3,Tablet,Credit Card,Documentary,18.2,78,1,3,0,0,0,1
CUST109019,54,Male,West India,Standard,497.58,55,3,Smart TV,Debit Card,Thriller,2.4,39,2,2,1,1,0,1
CUST109020,44,Female,North India,Standard,508.64,59,3,Laptop,Debit Card,Romance,7.2,57,0,4,0,1,0,1
CUST109021,54,Female,East India,Premium,814.87,35,1,Mobile,UPI,Documentary,11.0,22,1,4,0,0,0,1
CUST109022,38,Male,South India,Standard,503.01,24,4,Smart TV,Net Banking,Action,18.9,40,0,1,1,1,0,0
CUST109023,37,Female,South India,Standard,489.19,52,5,Mobile,UPI,Thriller,17.1,58,2,3,0,1,1,0
CUST109024,23,Male,West India,Premium,776.42,51,5,Tablet,UPI,Comedy,17.7,13,1,2,0,0,1,1
CUST109025,35,Male,South India,Standard,520.75,2,3,Smart TV,Gift Card,Documentary,9.0,42,0,1,0,1,0,0
CUST109026,46,Male,East India,Premium,849.84,57,3,Mobile,Gift Card,Action,17.9,10,0,2,0,1,0,0
CUST109027,69,Female,Central India,Standard,500.86,46,1,Laptop,Credit Card,Action,0.0,85,2,4,0,1,0,0
CUST109028,64,Female,South India,Basic,203.75,60,1,Mobile,Gift Card,Romance,13.3,30,0,3,0,0,1,0
CUST109029,52,Female,East India,Standard,521.56,55,5,Mobile,Credit Card,Drama,10.3,16,3,3,1,1,0,0
CUST109030,35,Female,North India,Basic,173.31,53,3,Laptop,Debit Card,Action,19.8,81,0,3,0,0,0,1
CUST109031,41,Female,East India,Basic,213.31,25,3,Mobile,Debit Card,Romance,6.6,52,3,2,0,0,0,0
CUST109032,43,Female,West India,Basic,204.64,19,5,Smart TV,UPI,Documentary,14.7,45,0,3,0,1,0,0
CUST109033,19,Male,East India,Standard,487.46,45,1,Mobile,Debit Card,Action,22.4,77,1,3,0,0,1,0
CUST109034,52,Female,South India,Basic,191.2,13,5,Mobile,Gift Card,Action,9.5,24,3,2,0,1,0,0
CUST109035,45,Female,Central India,Basic,179.27,29,1,Laptop,Gift Card,Drama,12.6,24,1,4,0,1,0,0
CUST109036,33,Female,East India,Basic,215.88,32,1,Tablet,Gift Card,Drama,9.8,54,0,2,0,0,0,0
CUST109037,14,Female,West India,Basic,183.4,6,1,Mobile,Net Banking,Thriller,6.2,21,1,3,0,1,0,0
CUST109038,30,Male,North India,Basic,205.18,56,3,Mobile,Gift Card,Kids,7.1,89,2,2,0,1,1,1
CUST109039,59,Male,West India,Basic,174.6,9,5,Smart TV,UPI,Comedy,13.1,41,1,2,1,1,0,0
CUST109040,45,Male,North India,Basic,219.92,52,1,Smart TV,UPI,Action,6.9,11,2,2,0,1,1,1
CUST109041,49,Male,East India,Basic,195.93,1,4,Smart TV,Debit Card,Comedy,11.1,54,1,1,0,1,0,0
CUST109042,46,Male,Central India,Basic,215.08,24,1,Laptop,Credit Card,Romance,5.4,42,1,4,0,1,1,1
CUST109043,32,Female,West India,Premium,795.82,10,1,Laptop,Net Banking,Action,16.3,37,0,2,0,0,0,1
CUST109044,47,Male,Central India,Standard,489.9,35,1,Smart TV,Credit Card,Kids,14.4,4,1,1,1,1,1,0
CUST109045,63,Male,East India,Standard,478.89,6,2,Mobile,Net Banking,Drama,3.4,53,0,1,1,1,0,0
CUST109046,62,Female,Central India,Premium,814.81,48,4,Mobile,UPI,Documentary,7.4,16,0,1,1,0,0,1
CUST109047,66,Female,Central India,Basic,193.54,20,3,Smart TV,UPI,Kids,6.2,84,2,3,1,0,1,1
CUST109048,30,Male,West India,Basic,203.45,38,5,Tablet,Net Banking,Thriller,8.6,16,0,1,0,1,0,0
CUST109049,58,Female,East India,Premium,788.38,12,5,Smart TV,Debit Card,Action,14.6,31,6,1,0,1,0,0
CUST109050,36,Female,Central India,Standard,498.74,3,5,Smart TV,Gift Card,Documentary,5.9,61,3,4,1,1,0,0
CUST109051,20,Male,North India,Premium,802.08,55,3,Laptop,Gift Card,Romance,6.5,33,0,3,1,1,1,1
CUST109052,42,Female,South India,Premium,772.67,18,1,Mobile,Credit Card,Drama,8.2,58,1,3,1,0,0,1
CUST109053,56,Male,North India,Basic,188.77,21,4,Mobile,UPI,Kids,12.6,68,2,4,1,0,0,1
CUST109054,65,Male,Central India,Premium,822.63,35,5,Mobile,Gift Card,Thriller,0.0,89,0,1,1,1,0,1
CUST109055,22,Female,East India,Premium,786.74,37,2,Tablet,UPI,Comedy,12.2,3,2,3,0,1,1,0
CUST109056,35,Male,North India,Standard,512.54,19,2,Laptop,UPI,Thriller,0.0,83,1,1,0,1,0,0
CUST109057,64,Male,East India,Premium,803.89,25,4,Smart TV,UPI,Comedy,9.9,71,2,3,1,1,0,1
CUST109058,61,Female,North India,Basic,206.67,56,5,Mobile,Gift Card,Action,6.4,69,1,2,0,1,0,0
CUST109059,23,Female,East India,Standard,508.51,18,1,Smart TV,Gift Card,Kids,0.0,80,0,4,0,1,0,1
CUST109060,14,Female,Central India,Basic,199.31,40,5,Mobile,Gift Card,Comedy,15.7,88,0,3,1,1,0,0
CUST109061,38,Female,West India,Basic,190.46,30,1,Smart TV,Net Banking,Comedy,7.2,3,1,3,0,0,1,1
CUST109062,48,Male,North India,Standard,487.83,56,5,Smart TV,Gift Card,Romance,2.6,13,2,1,0,0,0,0
CUST109063,45,Female,East India,Basic,194.04,42,2,Mobile,UPI,Thriller,11.8,80,2,1,0,0,0,1
CUST109064,59,Female,North India,Standard,517.76,51,3,Mobile,UPI,Action,16.2,59,1,1,0,0,0,1
CUST109065,25,Male,East India,Standard,478.66,42,4,Smart TV,Credit Card,Romance,2.6,78,2,4,1,1,0,1
CUST109066,52,Male,East India,Standard,494.33,53,1,Smart TV,Debit Card,Drama,15.9,88,2,2,0,0,1,1
CUST109067,37,Male,West India,Basic,176.28,34,3,Mobile,Net Banking,Thriller,0.6,50,0,2,1,0,0,1
CUST109068,16,Male,East India,Standard,490.27,10,1,Laptop,Credit Card,Action,0.0,12,1,2,0,0,1,0
CUST109069,54,Female,North India,Premium,797.14,22,4,Laptop,Net Banking,Kids,8.0,73,2,1,0,1,1,1
CUST109070,31,Female,Central India,Standard,519.92,50,3,Laptop,Net Banking,Documentary,9.5,29,3,4,0,1,0,0
CUST109071,30,Male,South India,Standard,521.55,4,3,Smart TV,UPI,Romance,16.1,81,1,1,0,1,0,0
CUST109072,49,Male,East India,Standard,472.04,3,4,Mobile,UPI,Romance,7.1,66,2,3,1,0,0,1
CUST109073,42,Male,South India,Standard,476.32,49,4,Tablet,UPI,Romance,9.7,17,0,1,0,1,0,0
CUST109074,31,Male,Central India,Standard,496.51,56,1,Mobile,UPI,Drama,6.3,20,0,4,0,1,0,0
CUST109075,35,Female,South India,Premium,810.42,56,3,Mobile,Credit Card,Kids,22.8,88,1,3,0,1,0,0
CUST109076,66,Male,East India,Standard,474.96,49,4,Smart TV,Debit Card,Comedy,7.4,43,0,4,1,1,0,1
CUST109077,28,Female,North India,Standard,493.44,28,1,Mobile,Debit Card,Documentary,6.5,56,2,4,1,1,0,0
CUST109078,13,Male,West India,Standard,514.53,22,5,Tablet,Credit Card,Comedy,8.1,55,1,2,1,1,1,0
CUST109079,24,Female,East India,Standard,516.36,12,4,Smart TV,Debit Card,Action,8.5,46,0,3,1,0,0,0
CUST109080,36,Female,East India,Standard,494.43,49,3,Mobile,Gift Card,Drama,0.0,6,0,2,0,0,0,1
CUST109081,46,Female,West India,Standard,468.98,13,5,Tablet,Gift Card,Kids,4.4,68,1,1,1,1,0,0
CUST109082,65,Female,West India,Standard,514.74,41,4,Smart TV,Gift Card,Drama,2.2,72,1,2,0,1,1,0
CUST109083,69,Male,West India,Basic,185.19,33,2,Smart TV,UPI,Thriller,5.6,64,6,4,1,1,1,0
CUST109084,20,Female,West India,Standard,507.07,47,3,Mobile,Gift Card,Action,19.7,18,1,4,0,0,1,1
CUST109085,30,Male,West India,Premium,785.51,19,3,Laptop,Net Banking,Comedy,0.0,40,3,4,1,1,0,1
CUST109086,69,Female,East India,Basic,200.51,41,1,Mobile,Net Banking,Comedy,2.1,65,4,2,1,0,0,0
CUST109087,60,Female,South India,Premium,803.65,17,2,Mobile,Credit Card,Romance,13.2,81,2,4,1,1,1,1
CUST109088,17,Male,North India,Basic,218.26,47,4,Smart TV,Net Banking,Kids,5.0,16,0,4,1,1,1,0
CUST109089,38,Male,East India,Basic,177.88,34,2,Tablet,Credit Card,Comedy,15.8,57,0,3,0,1,0,1
CUST109090,42,Female,Central India,Standard,485.78,4,4,Mobile,Debit Card,Comedy,16.9,67,3,4,0,1,0,1
CUST109091,66,Female,East India,Premium,823.2,39,1,Mobile,Net Banking,Romance,0.0,46,1,4,0,0,0,1
CUST109092,25,Male,East India,Standard,502.47,8,5,Laptop,Net Banking,Drama,2.0,64,1,3,1,1,0,1
CUST109093,31,Female,South India,Basic,186.11,33,2,Laptop,Credit Card,Drama,21.2,13,1,2,0,1,0,0
CUST109094,41,Male,West India,Basic,209.84,1,3,Smart TV,Net Banking,Comedy,12.7,76,2,3,1,1,0,0
CUST109095,15,Male,Central India,Standard,484.01,5,4,Laptop,Credit Card,Thriller,1.5,15,1,3,0,1,1,1
CUST109096,38,Male,South India,Basic,201.93,32,2,Mobile,Net Banking,Documentary,4.6,32,2,4,0,1,0,1
CUST109097,52,Female,North India,Standard,488.73,40,4,Mobile,UPI,Action,14.2,4,1,3,1,1,1,1
CUST109098,24,Female,Central India,Standard,517.64,1,2,Smart TV,Debit Card,Comedy,9.5,55,2,1,0,1,0,1
CUST109099,14,Male,Central India,Standard,486.15,35,3,Mobile,Net Banking,Action,11.4,36,0,1,1,1,1,0
CUST109100,23,Male,South India,Basic,159.19,22,4,Mobile,Debit Card,Comedy,6.4,11,2,1,0,0,1,0
CUST109101,56,Male,Central India,Basic,192.27,29,4,Mobile,Net Banking,Kids,7.3,72,2,1,0,1,0,1
CUST109102,40,Male,East India,Standard,488.99,17,5,Mobile,Net Banking,Kids,16.5,64,3,1,1,0,0,0
CUST109103,30,Female,East India,Basic,195.34,30,1,Laptop,UPI,Thriller,14.8,36,0,4,0,1,0,0
CUST109104,25,Male,West India,Standard,507.35,35,2,Smart TV,Gift Card,Documentary,1.0,81,1,3,1,1,1,0
CUST109105,49,Female,South India,Premium,781.27,60,3,Smart TV,Gift Card,Comedy,7.2,64,0,4,1,1,0,1
CUST109106,34,Male,East India,Basic,187.34,1,5,Mobile,Debit Card,Romance,15.4,46,3,3,1,1,1,1
CUST109107,24,Female,Central India,Basic,198.91,4,5,Smart TV,Debit Card,Comedy,0.0,6,0,4,0,1,1,0
CUST109108,14,Female,Central India,Basic,189.11,9,1,Tablet,UPI,Documentary,0.0,22,1,4,0,1,1,1
CUST109109,49,Female,East India,Premium,799.98,45,3,Smart TV,Credit Card,Comedy,20.2,16,1,1,0,1,1,0
CUST109110,19,Female,South India,Basic,207.07,32,2,Laptop,Debit Card,Drama,9.9,41,0,1,0,0,0,0
CUST109111,38,Female,South India,Premium,799.2,5,4,Mobile,Gift Card,Thriller,9.1,61,0,2,0,1,0,1
CUST109112,38,Male,North India,Standard,515.5,14,1,Mobile,UPI,Drama,14.4,53,0,3,0,0,0,1
CUST109113,36,Male,South India,Basic,184.78,51,4,Mobile,Credit Card,Kids,0.0,43,0,3,0,0,0,1
CUST109114,24,Female,East India,Basic,190.32,26,5,Smart TV,UPI,Thriller,11.1,48,0,3,0,1,0,0
CUST109115,28,Male,North India,Standard,521.4,23,4,Laptop,Gift Card,Drama,16.2,30,0,3,0,1,0,0
CUST109116,35,Male,Central India,Standard,487.99,46,2,Laptop,UPI,Kids,7.4,42,1,3,0,1,0,0
CUST109117,52,Male,East India,Standard,535.76,22,2,Laptop,Net Banking,Drama,19.8,9,2,4,1,1,1,1
CUST109118,21,Male,West India,Basic,213.49,27,4,Tablet,Gift Card,Kids,20.5,48,1,2,1,1,0,1
CUST109119,44,Male,West India,Standard,486.67,25,4,Mobile,Credit Card,Comedy,18.1,11,1,2,0,0,1,1
CUST109120,27,Male,South India,Basic,207.78,36,1,Laptop,UPI,Thriller,12.1,36,1,2,1,0,0,1
CUST109121,49,Male,North India,Standard,503.45,4,2,Smart TV,Gift Card,Thriller,9.3,32,0,4,0,0,0,1
CUST109122,25,Female,North India,Basic,177.18,32,4,Mobile,Gift Card,Comedy,7.2,43,2,4,0,0,0,1
CUST109123,17,Male,Central India,Standard,522.16,9,3,Smart TV,Credit Card,Kids,9.6,32,0,3,0,1,0,0
CUST109124,23,Male,South India,Basic,211.32,2,1,Smart TV,Gift Card,Thriller,16.1,44,0,3,1,1,0,0
CUST109125,22,Male,North India,Standard,521.15,42,1,Mobile,Credit Card,Thriller,2.0,46,0,2,0,1,0,0
CUST109126,64,Female,East India,Standard,514.7,50,1,Mobile,Gift Card,Comedy,11.3,71,2,4,1,1,0,0
CUST109127,25,Female,Central India,Basic,204.23,57,1,Smart TV,UPI,Action,14.6,75,0,1,0,1,0,0
CUST109128,53,Male,North India,Standard,515.2,39,4,Mobile,Credit Card,Documentary,5.0,52,1,1,0,0,0,1
CUST109129,65,Female,West India,Basic,178.96,53,5,Mobile,Credit Card,Kids,9.7,26,4,3,0,1,0,1
CUST109130,58,Female,West India,Basic,228.76,46,3,Laptop,Gift Card,Romance,15.0,58,0,1,1,1,0,0
CUST109131,62,Male,North India,Premium,810.18,53,5,Smart TV,Net Banking,Kids,13.2,74,2,4,1,1,0,0
CUST109132,27,Female,West India,Basic,169.7,25,5,Mobile,Credit Card,Drama,7.1,49,0,4,1,1,0,0
CUST109133,54,Male,East India,Standard,476.59,47,4,Smart TV,Net Banking,Thriller,4.4,73,0,2,0,1,1,0
CUST109134,68,Female,Central India,Premium,803.32,10,1,Laptop,Debit Card,Romance,3.1,19,1,1,0,1,0,1
CUST109135,19,Male,East India,Basic,185.66,37,1,Mobile,UPI,Romance,9.6,55,1,3,0,1,1,0
CUST109136,52,Female,West India,Premium,806.8,25,4,Mobile,Net Banking,Documentary,12.7,17,1,4,1,1,1,0
CUST109137,40,Male,North India,Basic,184.22,40,4,Laptop,UPI,Comedy,9.5,79,1,1,0,1,0,1
CUST109138,44,Male,North India,Standard,479.91,54,2,Mobile,Credit Card,Thriller,5.2,64,3,4,0,1,0,1
CUST109139,47,Female,Central India,Standard,490.89,53,1,Smart TV,UPI,Romance,13.1,78,1,4,1,1,0,1
CUST109140,27,Male,West India,Premium,848.03,29,3,Smart TV,Net Banking,Romance,9.3,53,2,2,1,0,0,0
CUST109141,60,Male,West India,Standard,482.58,37,2,Smart TV,Credit Card,Romance,4.5,4,0,1,1,1,1,1
CUST109142,48,Female,West India,Standard,517.85,5,5,Laptop,Net Banking,Documentary,3.1,14,0,4,0,1,0,1
CUST109143,33,Male,South India,Standard,487.63,14,1,Tablet,Credit Card,Kids,8.2,61,1,4,1,0,1,1
CUST109144,18,Male,North India,Basic,197.67,33,4,Laptop,Net Banking,Kids,7.7,85,0,4,0,1,1,0
CUST109145,13,Female,West India,Standard,500.87,27,4,Mobile,Credit Card,Drama,7.8,37,1,3,0,1,0,1
CUST109146,16,Male,Central India,Basic,198.07,5,4,Mobile,Net Banking,Kids,19.4,44,1,4,0,1,1,0
CUST109147,23,Female,South India,Standard,499.85,51,1,Smart TV,Debit Card,Documentary,12.4,88,0,4,1,1,1,1
CUST109148,56,Male,West India,Standard,504.07,54,3,Laptop,Net Banking,Romance,11.4,60,1,3,0,1,0,0
CUST109149,38,Female,North India,Premium,776.59,57,4,Smart TV,Net Banking,Action,6.8,51,1,1,1,1,1,1
CUST109150,49,Female,South India,Standard,497.02,44,1,Tablet,Debit Card,Thriller,12.7,59,0,4,0,0,1,1
CUST109151,35,Male,East India,Premium,798.16,15,5,Mobile,UPI,Romance,7.1,23,0,1,0,0,0,1
CUST109152,41,Female,Central India,Basic,207.33,3,2,Mobile,Credit Card,Drama,21.4,62,1,4,0,0,0,0
CUST109153,33,Male,North India,Basic,194.78,1,1,Mobile,Net Banking,Drama,19.1,59,1,3,0,0,0,1
CUST109154,60,Male,East India,Standard,506.93,24,1,Laptop,UPI,Romance,2.2,9,0,1,1,0,0,1
CUST109155,57,Female,North India,Standard,489.21,12,4,Smart TV,Gift Card,Drama,4.5,45,3,3,0,0,0,1
CUST109156,57,Male,Central India,Standard,490.72,45,2,Mobile,UPI,Romance,19.6,67,0,3,1,0,0,0
CUST109157,61,Male,West India,Standard,503.68,14,2,Laptop,Gift Card,Action,8.6,5,0,2,0,0,0,1
CUST109158,39,Female,East India,Basic,183.57,57,4,Mobile,Credit Card,Documentary,12.4,72,2,4,0,0,1,1
CUST109159,51,Male,East India,Standard,490.53,42,3,Mobile,Gift Card,Drama,7.4,43,1,4,0,0,0,0
CUST109160,52,Male,South India,Basic,191.58,20,1,Mobile,Debit Card,Action,0.0,77,1,1,1,0,0,1
CUST109161,25,Female,West India,Basic,192.37,58,4,Tablet,Debit Card,Thriller,3.0,81,1,4,0,1,0,1
CUST109162,35,Male,Central India,Basic,199.86,14,3,Tablet,UPI,Thriller,12.0,30,1,3,1,1,1,0
CUST109163,28,Male,South India,Standard,485.64,14,4,Mobile,Debit Card,Romance,9.7,34,2,4,1,1,0,1
CUST109164,42,Female,East India,Standard,508.38,45,5,Mobile,Debit Card,Comedy,8.2,34,0,3,0,1,0,0
CUST109165,16,Male,North India,Basic,194.92,53,3,Smart TV,UPI,Action,9.8,18,1,2,1,0,0,0
CUST109166,52,Male,Central India,Standard,505.06,35,3,Smart TV,Net Banking,Drama,2.8,32,1,3,0,1,0,0
CUST109167,28,Female,South India,Standard,480.58,56,2,Smart TV,Credit Card,Kids,1.9,88,2,3,0,0,1,1
CUST109168,43,Male,West India,Premium,756.13,19,1,Smart TV,Gift Card,Action,0.0,58,2,1,0,0,0,0
CUST109169,65,Male,North India,Standard,513.15,20,4,Laptop,UPI,Action,10.5,46,1,3,0,0,0,0
CUST109170,54,Female,South India,Basic,202.13,42,4,Tablet,Debit Card,Romance,15.9,70,2,2,0,1,1,1
CUST109171,37,Female,Central India,Premium,807.2,44,1,Laptop,Gift Card,Documentary,15.4,67,1,1,0,1,0,0
CUST109172,56,Male,North India,Basic,218.76,23,1,Mobile,Net Banking,Comedy,16.5,1,0,2,0,0,0,0
CUST109173,24,Male,South India,Standard,484.91,34,2,Laptop,Credit Card,Action,0.0,88,1,1,1,0,1,1
CUST109174,38,Female,South India,Standard,471.87,1,1,Mobile,Credit Card,Drama,7.2,24,0,4,0,0,0,0
CUST109175,49,Male,Central India,Basic,213.67,4,5,Smart TV,Debit Card,Kids,12.9,33,1,2,0,1,0,1
CUST109176,60,Male,West India,Standard,508.78,40,2,Smart TV,Net Banking,Romance,10.2,52,0,3,0,1,0,0
CUST109177,45,Male,North India,Basic,215.59,17,3,Laptop,Credit Card,Comedy,7.7,24,0,1,0,0,1,0
CUST109178,40,Female,South India,Premium,823.88,26,1,Mobile,Gift Card,Thriller,15.0,21,2,3,1,1,0,0
CUST109179,21,Male,Central India,Basic,181.4,14,3,Laptop,Gift Card,Action,21.0,36,0,4,0,0,0,1
CUST109180,24,Male,South India,Standard,513.05,46,2,Smart TV,Debit Card,Kids,0.0,0,0,2,0,0,0,1
CUST109181,17,Female,Central India,Standard,495.2,51,5,Mobile,Net Banking,Documentary,19.0,31,0,4,0,1,1,0
CUST109182,66,Female,Central India,Basic,213.49,32,5,Mobile,Gift Card,Romance,7.8,78,3,4,1,1,1,1
CUST109183,64,Female,South India,Standard,526.54,36,1,Mobile,Credit Card,Drama,10.7,47,2,4,1,0,0,0
CUST109184,66,Male,Central India,Premium,799.41,20,5,Laptop,Gift Card,Kids,8.9,77,1,3,0,1,1,0
CUST109185,40,Male,North India,Standard,487.82,16,4,Mobile,Credit Card,Action,3.0,6,0,2,0,1,1,0
CUST109186,68,Female,Central India,Standard,478.66,51,2,Mobile,Net Banking,Romance,11.0,66,1,1,0,1,0,1
CUST109187,47,Male,West India,Standard,465.19,19,5,Mobile,Debit Card,Documentary,13.0,65,1,1,0,1,1,0
CUST109188,17,Male,West India,Premium,820.78,45,2,Smart TV,Debit Card,Romance,6.3,56,2,1,0,1,0,0
CUST109189,46,Male,Central India,Basic,221.72,39,2,Smart TV,Debit Card,Thriller,0.0,35,1,1,0,1,0,1
CUST109190,58,Male,North India,Standard,514.17,24,4,Mobile,UPI,Action,10.9,73,1,3,1,1,1,1
CUST109191,46,Female,East India,Basic,194.5,14,1,Tablet,Debit Card,Documentary,17.2,12,0,3,0,1,0,0
CUST109192,25,Female,East India,Premium,810.81,29,2,Laptop,Debit Card,Kids,9.4,82,0,3,0,1,0,1
CUST109193,51,Male,North India,Standard,503.59,42,4,Mobile,Credit Card,Drama,6.6,43,0,3,0,1,1,0
CUST109194,54,Female,West India,Premium,781.59,14,5,Smart TV,Net Banking,Drama,15.0,81,0,3,0,1,1,0
CUST109195,57,Male,Central India,Premium,816.23,52,3,Smart TV,Net Banking,Thriller,8.6,61,1,4,0,0,0,1
CUST109196,60,Male,South India,Basic,206.65,11,1,Laptop,Gift Card,Comedy,7.6,67,1,1,1,1,0,0
CUST109197,26,Female,Central India,Basic,210.05,11,3,Smart TV,Debit Card,Romance,8.9,46,2,2,0,0,1,1
CUST109198,23,Female,Central India,Basic,203.89,47,4,Smart TV,Net Banking,Romance,7.6,29,3,1,0,1,0,0
CUST109199,54,Male,East India,Standard,501.0,40,2,Smart TV,Net Banking,Kids,9.2,72,2,1,1,1,1,1
CUST109200,50,Male,Central India,Standard,504.3,24,4,Laptop,Net Banking,Action,11.9,34,1,3,0,1,0,0
CUST109201,16,Male,East India,Premium,794.73,22,1,Smart TV,Net Banking,Kids,17.1,50,2,4,0,1,0,1
CUST109202,65,Male,South India,Basic,208.11,49,1,Laptop,Credit Card,Documentary,0.0,52,0,1,0,1,0,1
CUST109203,45,Female,Central India,Standard,528.27,55,5,Mobile,Debit Card,Romance,7.1,9,0,4,0,1,0,0
CUST109204,19,Female,North India,Premium,805.94,55,4,Tablet,Net Banking,Romance,18.3,42,1,4,0,1,1,0
CUST109205,68,Male,Central India,Basic,215.75,21,1,Laptop,Credit Card,Thriller,7.6,0,0,3,1,0,0,0
CUST109206,53,Male,North India,Basic,181.29,6,4,Laptop,UPI,Thriller,16.7,1,1,3,1,1,0,0
CUST109207,20,Female,East India,Standard,511.2,14,5,Mobile,Gift Card,Kids,11.1,4,2,3,0,1,1,1
CUST109208,49,Male,Central India,Standard,506.65,9,5,Mobile,Credit Card,Kids,18.3,31,2,2,1,0,0,0
CUST109209,63,Female,East India,Premium,815.13,35,4,Tablet,Gift Card,Documentary,11.7,38,4,4,0,1,1,1
CUST109210,22,Male,North India,Standard,492.63,44,1,Tablet,Gift Card,Comedy,17.1,27,0,4,0,1,0,1
CUST109211,55,Female,East India,Premium,813.77,36,2,Mobile,UPI,Kids,11.9,70,0,1,0,0,1,1
CUST109212,69,Male,West India,Standard,488.21,25,2,Smart TV,UPI,Comedy,16.7,50,2,4,1,0,0,0
CUST109213,27,Male,North India,Basic,216.08,15,5,Mobile,UPI,Thriller,20.5,1,0,1,0,1,0,1
CUST109214,50,Male,East India,Basic,217.11,45,1,Mobile,Credit Card,Thriller,14.1,74,1,1,0,1,1,0
CUST109215,27,Female,Central India,Basic,182.42,58,5,Mobile,UPI,Thriller,15.7,47,3,1,0,1,1,0
CUST109216,17,Female,East India,Basic,204.46,28,5,Mobile,Net Banking,Romance,6.4,82,1,1,1,1,0,1
CUST109217,41,Male,South India,Basic,195.7,50,5,Smart TV,Credit Card,Thriller,10.0,26,1,3,1,1,0,0
CUST109218,31,Male,North India,Standard,506.31,14,5,Mobile,Debit Card,Thriller,2.2,47,2,3,0,0,1,1
CUST109219,66,Male,East India,Standard,499.59,13,4,Tablet,UPI,Action,13.1,63,2,2,0,0,0,1
CUST109220,63,Male,West India,Standard,495.64,41,4,Smart TV,Credit Card,Romance,15.0,86,2,3,0,1,1,0
CUST109221,22,Female,South India,Basic,190.27,31,1,Mobile,UPI,Romance,3.2,69,3,2,0,0,0,1
CUST109222,24,Female,North India,Standard,520.63,5,1,Tablet,Gift Card,Action,20.6,48,3,3,1,1,1,0
CUST109223,66,Female,South India,Standard,487.87,19,3,Smart TV,Net Banking,Action,7.7,8,0,1,1,1,0,0
CUST109224,16,Male,Central India,Premium,790.82,8,2,Mobile,Gift Card,Drama,15.9,32,1,2,1,1,0,1
CUST109225,43,Male,West India,Premium,780.16,13,4,Smart TV,UPI,Action,8.3,22,2,3,1,0,0,1
CUST109226,30,Female,Central India,Premium,811.84,41,1,Smart TV,Credit Card,Kids,8.6,69,1,2,1,0,1,0
CUST109227,28,Male,East India,Standard,514.56,17,5,Laptop,Net Banking,Action,0.0,59,0,4,1,0,0,1
CUST109228,52,Female,South India,Basic,204.89,32,4,Smart TV,Gift Card,Kids,10.1,16,1,2,0,1,0,1
CUST109229,48,Female,Central India,Basic,187.45,5,2,Mobile,Net Banking,Comedy,3.5,1,0,1,1,1,0,0
CUST109230,37,Female,East India,Premium,773.43,9,4,Smart TV,Net Banking,Thriller,14.7,38,1,4,0,1,0,1
CUST109231,35,Female,West India,Standard,507.4,43,2,Smart TV,UPI,Documentary,5.4,13,2,1,1,1,0,1
CUST109232,24,Male,Central India,Standard,512.48,34,3,Smart TV,Net Banking,Kids,6.3,79,1,2,1,0,0,1
CUST109233,46,Female,South India,Premium,791.35,45,1,Mobile,Debit Card,Comedy,9.9,36,2,3,0,1,0,0
CUST109234,48,Male,Central India,Standard,500.12,1,2,Tablet,Debit Card,Drama,15.3,87,2,3,0,1,0,0
CUST109235,49,Female,West India,Basic,175.43,40,3,Smart TV,Gift Card,Comedy,10.9,67,1,4,0,0,0,1
CUST109236,15,Female,East India,Basic,187.15,15,4,Smart TV,Gift Card,Documentary,7.7,28,1,2,0,0,0,0
CUST109237,21,Female,Central India,Basic,204.8,54,1,Smart TV,Credit Card,Comedy,13.3,89,0,3,1,1,0,0
CUST109238,65,Female,Central India,Standard,497.43,32,2,Mobile,UPI,Romance,12.1,18,0,4,0,0,0,1
CUST109239,30,Male,North India,Standard,501.84,34,2,Smart TV,Gift Card,Comedy,7.4,17,1,2,0,1,1,1
CUST109240,55,Male,East India,Premium,816.09,35,1,Laptop,Credit Card,Action,0.0,30,0,1,0,1,1,0
CUST109241,47,Male,North India,Standard,480.37,53,4,Smart TV,Gift Card,Drama,18.2,11,2,3,1,1,0,0
CUST109242,69,Male,North India,Basic,202.09,49,4,Smart TV,Credit Card,Romance,6.4,84,2,2,1,1,0,1
CUST109243,67,Female,West India,Basic,188.8,50,5,Smart TV,UPI,Romance,14.5,31,1,4,0,0,0,0
CUST109244,46,Male,West India,Standard,496.37,59,4,Laptop,UPI,Kids,13.3,67,0,2,0,1,1,0
CUST109245,53,Male,South India,Premium,803.35,28,1,Laptop,Gift Card,Action,2.0,22,2,3,1,0,0,1
CUST109246,26,Female,East India,Basic,180.02,17,3,Laptop,Debit Card,Documentary,6.8,57,2,4,1,0,1,1
CUST109247,16,Male,East India,Premium,789.21,46,1,Mobile,Net Banking,Drama,0.2,12,2,4,0,1,0,0
CUST109248,41,Male,West India,Basic,192.79,11,2,Smart TV,Gift Card,Kids,1.5,16,2,2,0,0,0,1
CUST109249,53,Male,West India,Basic,204.95,23,5,Laptop,Credit Card,Kids,8.7,21,2,4,1,1,0,0
CUST109250,57,Male,North India,Premium,815.51,55,5,Smart TV,UPI,Documentary,12.8,72,6,2,0,1,0,1
CUST109251,62,Female,West India,Basic,173.93,26,3,Laptop,Gift Card,Documentary,18.1,5,1,4,0,1,1,0
CUST109252,27,Female,Central India,Standard,488.99,46,2,Laptop,UPI,Kids,9.5,72,1,3,0,0,1,0
CUST109253,40,Male,East India,Basic,196.8,5,4,Mobile,Gift Card,Comedy,2.9,65,1,2,0,0,1,1
CUST109254,54,Female,South India,Premium,796.74,26,4,Mobile,UPI,Comedy,10.4,58,0,3,0,1,0,0
CUST109255,28,Male,North India,Premium,805.23,6,4,Smart TV,Debit Card,Comedy,9.7,61,0,2,0,1,0,1
CUST109256,24,Male,Central India,Premium,780.39,51,1,Mobile,Credit Card,Comedy,9.5,7,1,2,0,1,0,0
CUST109257,64,Male,West India,Basic,195.96,43,4,Tablet,Gift Card,Drama,11.2,47,1,2,1,1,1,0
CUST109258,17,Female,South India,Basic,192.82,34,2,Mobile,UPI,Kids,22.6,8,1,2,0,0,1,0
CUST109259,46,Female,West India,Standard,509.83,42,5,Mobile,Gift Card,Action,13.4,20,1,2,1,1,0,1
CUST109260,54,Female,Central India,Basic,200.11,13,1,Tablet,Credit Card,Drama,1.1,37,1,3,0,1,0,0
CUST109261,13,Female,South India,Standard,492.34,25,4,Mobile,Gift Card,Romance,10.6,75,0,2,0,1,0,1
CUST109262,51,Female,West India,Standard,517.27,2,2,Smart TV,Net Banking,Comedy,0.7,40,1,3,0,1,0,1
CUST109263,44,Female,Central India,Basic,191.05,14,3,Mobile,UPI,Thriller,13.1,2,2,1,0,0,0,1
CUST109264,38,Male,Central India,Standard,487.01,17,2,Laptop,Credit Card,Documentary,10.1,23,0,4,0,1,0,1
CUST109265,29,Female,South India,Premium,807.84,41,5,Mobile,Debit Card,Kids,2.4,27,4,3,0,0,0,1
CUST109266,60,Male,Central India,Premium,791.87,40,2,Mobile,Net Banking,Comedy,8.3,60,2,1,1,0,0,1
CUST109267,39,Male,West India,Standard,499.99,40,2,Tablet,Gift Card,Comedy,9.5,54,1,2,0,0,0,1
CUST109268,36,Female,South India,Basic,224.98,39,1,Mobile,Gift Card,Documentary,21.1,41,1,4,1,1,0,0
CUST109269,47,Male,North India,Basic,191.65,25,5,Laptop,Net Banking,Documentary,0.5,72,2,4,0,1,0,1
CUST109270,58,Male,Central India,Basic,184.51,27,4,Mobile,Debit Card,Action,10.8,3,0,3,1,1,0,1
CUST109271,54,Male,West India,Basic,195.77,48,5,Mobile,Debit Card,Drama,11.1,2,3,4,1,0,0,0
CUST109272,66,Female,South India,Premium,794.39,51,3,Laptop,Gift Card,Kids,8.1,74,1,3,0,0,1,0
CUST109273,51,Female,North India,Basic,210.5,24,5,Mobile,Gift Card,Romance,8.1,72,1,1,0,0,0,1
CUST109274,38,Male,North India,Basic,178.48,49,1,Mobile,Debit Card,Documentary,4.0,61,0,4,1,1,0,0
CUST109275,61,Female,East India,Basic,239.31,33,4,Laptop,Debit Card,Romance,12.3,46,1,4,0,1,0,0
CUST109276,50,Male,East India,Basic,188.2,27,5,Smart TV,Debit Card,Kids,7.3,34,1,1,1,1,0,0
CUST109277,35,Female,South India,Basic,206.88,45,4,Smart TV,Gift Card,Drama,6.5,61,1,1,1,0,1,0
CUST109278,34,Male,Central India,Standard,513.02,31,1,Mobile,UPI,Kids,14.9,60,2,4,1,0,0,1
CUST109279,16,Male,West India,Standard,501.87,48,2,Laptop,Net Banking,Comedy,14.4,14,2,1,1,0,0,0
CUST109280,61,Female,Central India,Basic,208.29,38,3,Mobile,Debit Card,Thriller,17.2,74,0,2,0,1,0,0
CUST109281,21,Female,West India,Basic,200.06,15,5,Laptop,Gift Card,Romance,6.8,51,0,1,1,1,0,0
CUST109282,16,Female,West India,Standard,508.48,44,4,Smart TV,Credit Card,Thriller,19.9,63,1,3,1,1,0,1
CUST109283,19,Female,East India,Standard,492.62,56,5,Laptop,Gift Card,Action,4.0,55,2,4,0,1,0,0
CUST109284,35,Female,East India,Basic,189.2,40,1,Mobile,UPI,Action,6.8,30,0,3,0,1,1,0
CUST109285,14,Male,Central India,Premium,772.3,58,2,Mobile,UPI,Action,0.0,1,1,4,1,1,1,0
CUST109286,61,Male,South India,Standard,505.53,1,1,Laptop,Debit Card,Romance,1.9,70,2,1,1,1,0,1
CUST109287,36,Male,West India,Standard,493.85,11,4,Tablet,Net Banking,Thriller,17.7,60,3,4,1,1,0,0
CUST109288,52,Female,East India,Premium,804.61,15,5,Mobile,Gift Card,Documentary,4.4,56,0,1,0,0,0,1
CUST109289,67,Female,South India,Standard,494.24,33,4,Laptop,Net Banking,Romance,12.5,8,3,2,0,0,1,0
CUST109290,43,Male,East India,Premium,817.61,57,1,Mobile,Credit Card,Documentary,0.0,89,3,4,0,1,0,1
CUST109291,59,Male,West India,Premium,796.53,48,5,Smart TV,Net Banking,Documentary,9.2,51,1,3,0,1,0,0
CUST109292,43,Male,North India,Basic,189.68,32,4,Tablet,Net Banking,Comedy,0.0,9,1,1,0,0,0,1
CUST109293,59,Male,East India,Premium,793.02,25,5,Tablet,Debit Card,Drama,5.2,30,1,4,0,1,0,1
CUST109294,52,Female,South India,Basic,206.52,39,3,Mobile,Credit Card,Comedy,13.0,14,0,2,0,1,1,1
CUST109295,60,Male,Central India,Basic,242.79,33,1,Mobile,UPI,Kids,15.3,16,2,4,0,0,1,0
CUST109296,63,Female,Central India,Premium,819.57,29,1,Mobile,Net Banking,Action,13.0,26,1,1,0,1,1,0
CUST109297,55,Male,West India,Premium,780.88,58,3,Smart TV,Credit Card,Action,21.4,53,2,2,0,0,0,1
CUST109298,46,Female,North India,Standard,502.54,34,2,Mobile,Credit Card,Romance,8.3,60,1,2,0,1,0,0
CUST109299,67,Female,East India,Basic,187.24,8,4,Mobile,UPI,Documentary,12.0,13,1,4,1,1,0,1
CUST109300,36,Female,East India,Standard,493.09,56,2,Mobile,Debit Card,Romance,10.4,71,1,2,0,0,0,0
CUST109301,61,Female,North India,Standard,494.41,11,5,Mobile,Credit Card,Comedy,16.8,49,2,3,0,0,0,0
CUST109302,38,Male,West India,Basic,197.71,13,4,Tablet,UPI,Romance,12.5,29,1,2,1,0,1,0
CUST109303,28,Male,West India,Premium,812.17,5,4,Smart TV,Gift Card,Romance,10.6,40,1,1,0,1,0,1
CUST109304,69,Male,South India,Basic,195.08,50,4,Mobile,Credit Card,Comedy,20.9,11,1,2,1,0,0,0
CUST109305,59,Female,South India,Basic,201.52,19,3,Smart TV,Gift Card,Documentary,5.1,82,2,4,0,1,1,0
CUST109306,25,Male,South India,Basic,198.88,21,1,Tablet,Gift Card,Drama,14.6,53,1,2,0,1,0,0
CUST109307,27,Male,West India,Standard,488.52,3,3,Smart TV,Credit Card,Drama,10.2,45,2,4,1,0,0,1
CUST109308,39,Male,East India,Standard,490.89,26,3,Smart TV,UPI,Comedy,0.0,68,0,2,0,1,0,1
CUST109309,16,Female,Central India,Basic,189.86,33,3,Tablet,Gift Card,Comedy,9.5,75,0,2,0,1,0,0
CUST109310,28,Female,West India,Premium,808.95,30,2,Smart TV,Debit Card,Drama,15.1,69,0,4,1,1,1,0
CUST109311,42,Female,North India,Basic,193.43,22,3,Smart TV,Net Banking,Thriller,9.8,4,1,2,0,1,0,1
CUST109312,56,Male,Central India,Standard,525.53,5,1,Smart TV,Gift Card,Thriller,2.9,87,1,4,0,0,0,0
CUST109313,42,Male,West India,Standard,487.26,19,4,Tablet,Gift Card,Action,10.0,17,1,1,0,1,0,0
CUST109314,48,Male,West India,Basic,187.22,9,2,Smart TV,Net Banking,Comedy,0.0,24,2,4,1,0,0,0
CUST109315,15,Female,South India,Standard,482.99,58,3,Laptop,UPI,Drama,15.0,57,2,3,1,1,1,1
CUST109316,34,Male,East India,Premium,797.39,24,3,Smart TV,Debit Card,Documentary,2.6,55,1,3,1,1,1,1
CUST109317,61,Female,East India,Standard,490.91,39,4,Smart TV,Debit Card,Documentary,14.3,27,1,2,1,1,0,0
CUST109318,34,Female,Central India,Standard,493.71,12,4,Mobile,Gift Card,Thriller,11.1,48,1,4,0,1,0,1
CUST109319,62,Female,West India,Premium,814.37,46,2,Tablet,Credit Card,Drama,0.0,87,2,2,1,1,0,1
CUST109320,69,Female,South India,Premium,796.5,48,1,Smart TV,Credit Card,Thriller,8.5,86,1,2,0,1,0,1
CUST109321,62,Male,North India,Basic,193.37,45,2,Mobile,Gift Card,Romance,8.0,64,0,1,0,0,0,0
CUST109322,67,Male,West India,Standard,503.29,27,4,Mobile,Credit Card,Thriller,4.8,77,0,3,0,1,0,1
CUST109323,61,Female,South India,Basic,201.8,50,1,Smart TV,Debit Card,Romance,14.6,82,2,3,1,0,1,0
CUST109324,24,Male,North India,Basic,210.31,42,3,Mobile,Debit Card,Comedy,0.0,37,0,2,1,1,1,0
CUST109325,67,Female,North India,Basic,211.55,53,3,Laptop,Net Banking,Comedy,2.8,69,0,3,0,0,0,0
CUST109326,33,Male,Central India,Premium,805.79,21,5,Mobile,Debit Card,Drama,8.9,33,2,2,0,1,0,0
CUST109327,68,Male,East India,Standard,513.07,38,4,Smart TV,UPI,Action,20.5,22,1,3,1,0,0,0
CUST109328,16,Female,East India,Basic,188.81,54,5,Mobile,Debit Card,Comedy,16.7,13,4,2,0,1,0,1
CUST109329,43,Female,Central India,Basic,197.21,35,2,Mobile,Gift Card,Action,7.0,85,0,2,1,1,0,1
CUST109330,56,Female,West India,Premium,800.85,32,2,Smart TV,Credit Card,Thriller,5.8,37,1,4,0,1,0,0
CUST109331,43,Female,South India,Standard,500.31,59,1,Smart TV,Credit Card,Kids,18.0,77,0,1,0,1,1,0
CUST109332,35,Male,East India,Basic,245.2,36,4,Mobile,Debit Card,Thriller,15.5,85,2,4,0,1,1,1
CUST109333,66,Female,Central India,Premium,815.47,33,1,Mobile,Debit Card,Drama,8.9,44,0,1,1,1,0,0
CUST109334,65,Male,East India,Standard,514.91,43,1,Mobile,Credit Card,Drama,15.4,60,2,4,0,1,0,1
CUST109335,32,Female,East India,Basic,194.69,17,2,Laptop,Credit Card,Kids,16.6,8,1,4,0,0,0,0
CUST109336,27,Male,East India,Standard,498.0,5,2,Smart TV,Debit Card,Thriller,6.6,74,2,4,1,1,1,1
CUST109337,35,Female,West India,Premium,810.48,44,4,Smart TV,UPI,Action,11.8,75,5,3,0,0,1,1
CUST109338,40,Male,Central India,Premium,821.54,20,2,Tablet,UPI,Action,0.0,88,0,4,0,1,1,0
CUST109339,28,Male,East India,Basic,186.19,23,4,Laptop,Credit Card,Thriller,13.2,1,1,4,1,1,0,0
CUST109340,49,Male,East India,Basic,191.91,39,5,Tablet,Net Banking,Documentary,11.3,8,1,2,0,1,0,1
CUST109341,33,Female,Central India,Basic,196.02,4,3,Smart TV,UPI,Documentary,7.6,49,0,2,0,0,0,0
CUST109342,27,Female,North India,Standard,502.89,26,5,Mobile,Gift Card,Action,3.5,44,1,4,0,0,0,1
CUST109343,29,Female,West India,Standard,510.59,30,2,Smart TV,Credit Card,Romance,3.3,34,1,1,0,0,1,1
CUST109344,62,Female,West India,Basic,209.75,48,3,Mobile,UPI,Documentary,18.4,61,3,3,1,1,0,1
CUST109345,49,Male,South India,Premium,805.81,47,3,Mobile,Debit Card,Kids,17.1,77,2,4,0,0,0,1
CUST109346,25,Male,South India,Standard,487.6,46,1,Smart TV,Net Banking,Kids,25.7,56,2,3,0,0,0,0
CUST109347,31,Male,North India,Standard,496.43,29,3,Mobile,Debit Card,Romance,2.8,82,2,4,1,1,0,1
CUST109348,42,Female,South India,Premium,778.94,34,4,Mobile,Debit Card,Romance,11.1,45,3,3,0,0,0,1
CUST109349,57,Male,East India,Standard,513.68,10,2,Mobile,Net Banking,Comedy,6.8,68,1,4,0,1,1,1
CUST109350,30,Male,East India,Basic,199.51,20,2,Laptop,Credit Card,Drama,2.7,80,1,3,0,1,0,0
CUST109351,26,Female,South India,Standard,481.54,24,1,Mobile,Debit Card,Drama,12.4,85,0,1,1,1,0,0
CUST109352,48,Female,West India,Premium,834.3,34,1,Mobile,Credit Card,Documentary,20.0,74,3,4,0,1,0,1
CUST109353,48,Male,North India,Basic,160.78,37,2,Laptop,Credit Card,Thriller,10.9,29,4,4,0,1,0,0
CUST109354,32,Female,East India,Premium,798.06,13,1,Mobile,Credit Card,Comedy,13.8,49,0,4,0,0,0,1
CUST109355,64,Female,North India,Basic,218.72,23,3,Tablet,Debit Card,Documentary,19.2,14,1,4,0,1,0,1
CUST109356,31,Female,South India,Basic,191.72,10,3,Mobile,Credit Card,Kids,7.6,35,0,4,1,0,0,1
CUST109357,57,Female,Central India,Basic,201.48,22,4,Laptop,Debit Card,Thriller,5.5,38,0,4,1,1,0,1
CUST109358,56,Male,North India,Premium,806.18,45,1,Mobile,Credit Card,Kids,18.1,80,2,2,0,1,0,0
CUST109359,19,Male,North India,Standard,464.69,14,2,Mobile,Gift Card,Thriller,7.4,59,2,1,0,0,0,1
CUST109360,69,Male,South India,Basic,182.65,25,5,Laptop,Debit Card,Action,20.2,26,2,2,0,1,1,0
CUST109361,56,Male,South India,Premium,798.09,18,2,Tablet,Gift Card,Comedy,11.9,53,1,1,0,1,0,1
CUST109362,65,Male,East India,Standard,497.77,20,5,Laptop,Credit Card,Comedy,11.2,1,2,4,1,1,1,1
CUST109363,16,Female,Central India,Premium,778.8,55,5,Laptop,Debit Card,Action,14.1,69,2,2,1,0,0,1
CUST109364,46,Male,Central India,Basic,198.7,28,4,Mobile,Net Banking,Thriller,6.7,3,3,2,0,0,0,1
CUST109365,14,Male,North India,Basic,207.03,8,5,Laptop,Gift Card,Thriller,7.6,86,2,1,1,1,1,1
CUST109366,17,Female,Central India,Standard,518.35,5,3,Smart TV,UPI,Romance,4.5,46,0,2,0,1,1,0
CUST109367,67,Female,South India,Premium,802.12,21,3,Smart TV,UPI,Kids,4.4,47,1,1,0,1,0,0
CUST109368,22,Female,South India,Standard,485.37,20,4,Smart TV,Net Banking,Romance,4.5,56,1,4,0,1,0,1
CUST109369,44,Male,South India,Standard,507.58,57,2,Mobile,Net Banking,Documentary,12.6,64,0,1,1,1,1,0
CUST109370,54,Female,North India,Premium,809.34,44,2,Smart TV,UPI,Drama,9.5,57,2,3,1,0,0,1
CUST109371,53,Female,West India,Basic,196.55,16,2,Mobile,Debit Card,Kids,9.9,50,2,4,1,0,0,0
CUST109372,25,Female,South India,Standard,493.36,58,2,Smart TV,Credit Card,Action,4.4,46,1,1,0,0,1,1
CUST109373,51,Male,Central India,Standard,492.13,20,3,Mobile,Debit Card,Romance,18.1,76,1,4,1,1,0,1
CUST109374,17,Female,Central India,Basic,208.4,51,3,Smart TV,UPI,Documentary,19.6,69,0,4,0,1,0,1
CUST109375,22,Female,South India,Basic,196.88,25,4,Mobile,Gift Card,Comedy,9.3,33,0,1,0,0,1,1
CUST109376,22,Male,West India,Premium,804.01,7,4,Mobile,Gift Card,Comedy,10.3,36,3,2,0,1,0,1
CUST109377,50,Female,North India,Premium,787.81,25,4,Mobile,Credit Card,Comedy,16.8,79,1,2,1,1,1,0
CUST109378,39,Male,South India,Basic,200.1,36,2,Mobile,Credit Card,Drama,17.7,54,1,4,0,1,0,0
CUST109379,63,Male,North India,Basic,182.48,51,2,Mobile,UPI,Action,14.9,43,0,2,1,1,0,1
CUST109380,33,Female,West India,Basic,190.23,10,3,Mobile,UPI,Kids,16.0,78,0,3,1,0,0,1
CUST109381,20,Male,South India,Premium,799.7,40,3,Mobile,Credit Card,Romance,3.8,67,1,4,1,1,1,1
CUST109382,13,Female,South India,Standard,487.85,16,1,Mobile,Gift Card,Drama,5.6,42,1,1,1,1,0,0
CUST109383,40,Female,South India,Premium,793.05,4,1,Tablet,Net Banking,Thriller,21.9,75,0,3,0,1,0,0
CUST109384,61,Female,East India,Premium,810.39,10,2,Mobile,Net Banking,Thriller,10.3,9,1,4,0,1,0,0
CUST109385,51,Female,South India,Basic,194.54,51,3,Laptop,Net Banking,Comedy,9.9,65,1,4,0,1,0,0
CUST109386,26,Male,South India,Basic,193.53,48,2,Smart TV,Gift Card,Action,18.4,87,2,4,0,1,0,1
CUST109387,33,Female,West India,Standard,485.67,31,5,Smart TV,Debit Card,Romance,6.1,15,1,2,0,1,0,1
CUST109388,42,Female,West India,Basic,191.18,12,1,Mobile,Debit Card,Documentary,12.9,34,2,1,0,1,0,0
CUST109389,33,Female,East India,Basic,198.9,20,4,Mobile,Gift Card,Thriller,21.6,39,3,3,0,1,1,0
CUST109390,61,Male,South India,Basic,208.5,32,2,Laptop,Debit Card,Documentary,6.7,80,0,1,0,1,1,0
CUST109391,21,Male,Central India,Standard,475.97,2,5,Smart TV,Net Banking,Kids,1.7,71,0,4,1,1,0,1
CUST109392,29,Female,North India,Standard,511.06,60,4,Smart TV,Gift Card,Documentary,4.3,61,0,1,0,1,0,1
CUST109393,17,Male,South India,Basic,193.27,11,5,Smart TV,Credit Card,Romance,7.4,33,2,3,1,0,0,1
CUST109394,69,Male,East India,Standard,497.59,20,3,Smart TV,Gift Card,Kids,5.4,41,1,3,1,0,0,1
CUST109395,43,Female,Central India,Basic,209.57,23,3,Laptop,UPI,Kids,12.3,80,2,3,0,1,1,0
CUST109396,64,Female,West India,Premium,832.37,13,3,Laptop,Net Banking,Thriller,10.2,3,0,3,1,0,0,0
CUST109397,52,Female,North India,Standard,507.17,35,4,Mobile,Net Banking,Documentary,20.7,62,1,4,0,0,0,0
CUST109398,50,Female,East India,Basic,191.63,17,4,Laptop,UPI,Documentary,9.7,22,0,3,0,1,0,0
CUST109399,55,Female,West India,Standard,501.78,10,3,Smart TV,Net Banking,Kids,12.2,10,3,4,0,0,0,0
CUST109400,31,Male,South India,Standard,505.32,40,4,Smart TV,UPI,Kids,10.6,22,1,4,1,1,0,1
CUST109401,48,Female,East India,Basic,177.96,38,3,Laptop,UPI,Documentary,14.2,60,2,1,0,1,0,0
CUST109402,62,Female,South India,Basic,182.74,14,2,Smart TV,Net Banking,Drama,5.4,68,5,1,0,1,1,0
CUST109403,45,Female,East India,Premium,805.04,19,3,Laptop,Gift Card,Romance,7.7,51,2,1,1,0,1,1
CUST109404,25,Female,East India,Basic,206.94,32,1,Smart TV,UPI,Kids,17.8,60,0,2,1,0,0,1
CUST109405,26,Female,South India,Standard,504.67,56,2,Smart TV,Credit Card,Action,14.5,4,0,1,0,0,0,0
CUST109406,68,Male,East India,Premium,808.77,54,3,Laptop,UPI,Comedy,16.3,16,3,1,0,0,1,0
CUST109407,45,Female,West India,Basic,193.45,33,1,Mobile,Credit Card,Drama,8.0,86,1,2,0,1,0,1
CUST109408,41,Male,West India,Basic,215.21,57,3,Smart TV,Gift Card,Documentary,19.2,33,0,3,1,0,0,0
CUST109409,55,Female,North India,Premium,826.32,43,2,Mobile,UPI,Drama,6.6,15,1,4,0,1,0,0
CUST109410,61,Female,North India,Basic,189.33,25,3,Mobile,UPI,Romance,6.7,3,2,2,1,1,0,0
CUST109411,48,Female,East India,Standard,480.11,25,4,Smart TV,UPI,Romance,9.7,51,0,2,1,0,0,0
CUST109412,56,Male,West India,Standard,497.9,14,3,Mobile,Credit Card,Romance,18.5,19,0,2,1,0,0,1
CUST109413,22,Female,South India,Premium,812.18,45,2,Mobile,Gift Card,Romance,6.3,47,0,2,0,0,0,1
CUST109414,43,Female,East India,Premium,808.92,44,5,Tablet,Net Banking,Drama,2.4,50,1,2,1,1,1,0
CUST109415,18,Female,South India,Premium,801.15,54,3,Mobile,Debit Card,Action,18.0,44,1,1,0,1,1,1
CUST109416,69,Female,Central India,Standard,464.33,38,4,Smart TV,UPI,Action,6.0,79,1,3,0,1,0,0
CUST109417,13,Female,North India,Premium,788.6,36,2,Smart TV,UPI,Documentary,17.0,48,2,1,0,1,0,0
CUST109418,19,Female,East India,Premium,815.57,24,1,Mobile,UPI,Romance,6.0,55,1,4,1,1,0,1
CUST109419,39,Female,East India,Premium,772.81,41,5,Smart TV,Net Banking,Kids,8.8,2,2,4,0,1,0,0
CUST109420,33,Male,South India,Premium,799.31,60,3,Smart TV,Gift Card,Drama,19.9,41,0,1,0,1,1,1
CUST109421,40,Female,North India,Basic,190.4,39,2,Mobile,Credit Card,Action,18.2,70,2,1,0,0,0,1
CUST109422,28,Female,South India,Standard,508.81,39,4,Mobile,Net Banking,Romance,19.1,41,0,4,0,0,0,0
CUST109423,68,Female,South India,Basic,173.99,13,4,Mobile,Gift Card,Action,7.6,84,2,4,1,1,0,1
CUST109424,58,Male,North India,Basic,194.48,2,2,Laptop,Debit Card,Drama,12.1,28,0,4,0,0,0,0
CUST109425,35,Male,Central India,Basic,201.35,34,4,Mobile,Gift Card,Action,13.2,16,1,3,0,1,0,0
CUST109426,64,Female,West India,Premium,793.73,60,5,Mobile,Gift Card,Thriller,14.3,84,1,2,1,1,0,0
CUST109427,32,Male,West India,Basic,208.04,15,1,Mobile,Credit Card,Romance,10.4,27,3,1,0,1,0,1
CUST109428,50,Female,Central India,Standard,475.88,58,4,Laptop,Gift Card,Action,19.3,59,3,2,1,0,0,1
CUST109429,66,Female,North India,Standard,482.17,48,4,Smart TV,Gift Card,Documentary,2.9,86,0,2,0,1,1,0
CUST109430,37,Male,East India,Basic,194.1,59,1,Laptop,UPI,Documentary,17.0,46,2,4,1,1,0,0
CUST109431,40,Female,North India,Standard,504.05,2,5,Tablet,Credit Card,Comedy,11.5,10,2,1,0,1,0,1
CUST109432,17,Male,South India,Standard,506.69,52,5,Tablet,Gift Card,Romance,27.9,64,1,2,1,1,0,1
CUST109433,68,Male,North India,Premium,801.59,25,5,Smart TV,Gift Card,Comedy,9.9,59,1,3,0,0,0,1
CUST109434,33,Male,West India,Basic,185.2,5,4,Smart TV,UPI,Drama,3.2,87,1,1,0,1,0,0
CUST109435,30,Female,East India,Basic,190.04,34,4,Laptop,Credit Card,Kids,9.1,60,2,1,1,1,0,0
CUST109436,59,Female,Central India,Standard,515.59,52,5,Mobile,Debit Card,Documentary,4.1,76,1,4,0,1,0,1
CUST109437,18,Female,North India,Basic,229.32,39,4,Mobile,Credit Card,Comedy,17.9,42,1,4,0,1,0,0
CUST109438,69,Female,East India,Basic,208.13,5,3,Mobile,Net Banking,Drama,8.1,38,3,3,1,0,1,0
CUST109439,41,Female,East India,Basic,204.16,43,4,Laptop,Gift Card,Comedy,9.4,0,1,2,0,0,0,0
CUST109440,31,Female,West India,Standard,481.69,8,5,Mobile,Net Banking,Action,10.2,8,3,2,1,1,0,0
CUST109441,45,Female,South India,Basic,201.95,49,2,Laptop,Net Banking,Thriller,5.1,84,1,3,0,0,1,1
CUST109442,13,Male,East India,Standard,473.72,14,5,Laptop,Debit Card,Comedy,5.9,73,0,1,0,0,1,1
CUST109443,57,Female,East India,Premium,818.71,29,2,Mobile,Gift Card,Action,1.8,8,4,1,0,1,1,1
CUST109444,15,Female,North India,Premium,807.4,30,4,Mobile,Credit Card,Romance,0.0,2,0,3,1,1,0,1
CUST109445,54,Female,Central India,Basic,198.14,37,4,Mobile,UPI,Thriller,9.3,28,1,1,0,0,0,0
CUST109446,33,Male,North India,Standard,481.63,4,2,Mobile,Gift Card,Comedy,7.0,85,1,1,0,1,0,1
CUST109447,47,Male,West India,Basic,201.72,35,5,Smart TV,Net Banking,Documentary,4.1,41,2,2,1,0,0,0
CUST109448,53,Male,East India,Basic,176.47,7,1,Smart TV,Net Banking,Thriller,13.0,42,0,2,1,0,1,0
CUST109449,52,Female,South India,Basic,194.28,26,1,Laptop,Gift Card,Romance,15.3,23,1,2,0,1,0,0
CUST109450,15,Male,East India,Standard,505.23,32,5,Mobile,Debit Card,Kids,12.3,2,0,1,0,0,1,1
CUST109451,37,Male,South India,Standard,488.31,43,4,Smart TV,Credit Card,Kids,10.8,7,4,4,1,1,0,1
CUST109452,57,Female,South India,Premium,798.4,33,2,Smart TV,UPI,Action,20.9,44,0,1,0,0,0,0
CUST109453,50,Female,South India,Premium,833.95,54,2,Laptop,Debit Card,Documentary,7.6,25,0,2,1,1,1,0
CUST109454,57,Female,Central India,Basic,172.18,24,5,Mobile,Credit Card,Action,16.3,50,1,2,0,1,0,0
CUST109455,67,Male,North India,Standard,487.42,50,5,Smart TV,Gift Card,Kids,26.4,54,4,4,0,1,0,1
CUST109456,32,Female,West India,Basic,195.12,54,3,Mobile,Debit Card,Comedy,16.5,32,1,1,1,1,0,0
CUST109457,64,Female,Central India,Standard,491.04,59,2,Mobile,UPI,Action,4.5,34,2,4,1,1,0,0
CUST109458,56,Female,Central India,Basic,205.79,1,3,Mobile,Credit Card,Drama,4.8,79,2,4,1,0,0,0
CUST109459,57,Female,South India,Premium,807.1,29,4,Smart TV,Gift Card,Action,3.9,10,1,1,1,0,0,1
CUST109460,46,Female,Central India,Premium,799.68,48,2,Mobile,Credit Card,Action,13.4,48,2,4,0,0,1,1
CUST109461,33,Female,West India,Basic,201.04,45,5,Laptop,UPI,Romance,4.9,78,0,2,0,0,0,0
CUST109462,68,Male,West India,Premium,772.04,38,5,Tablet,Gift Card,Documentary,11.0,24,1,4,0,1,0,1
CUST109463,67,Female,East India,Standard,506.09,38,4,Smart TV,Net Banking,Action,0.0,77,1,2,1,0,1,1
CUST109464,60,Male,Central India,Standard,501.9,21,1,Mobile,Net Banking,Thriller,21.3,72,1,1,1,1,0,1
CUST109465,35,Male,East India,Standard,488.6,23,3,Laptop,Debit Card,Action,8.6,9,1,2,1,1,0,0
CUST109466,18,Female,West India,Standard,523.28,46,5,Mobile,Gift Card,Kids,13.6,86,1,2,0,1,0,1
CUST109467,63,Male,Central India,Premium,797.89,5,2,Laptop,Gift Card,Comedy,7.1,44,1,1,1,0,0,1
CUST109468,65,Male,South India,Premium,802.38,30,2,Smart TV,Debit Card,Drama,5.0,5,1,2,1,0,1,0
CUST109469,25,Male,South India,Standard,498.39,40,2,Mobile,Credit Card,Drama,17.5,27,1,2,1,0,0,0
CUST109470,61,Female,Central India,Premium,774.24,18,4,Mobile,Debit Card,Kids,10.1,12,0,3,0,0,0,1
CUST109471,35,Male,East India,Premium,783.81,6,1,Smart TV,Gift Card,Action,3.7,76,1,1,1,1,1,1
CUST109472,21,Male,East India,Basic,194.85,5,3,Laptop,Net Banking,Drama,12.9,63,3,3,0,1,1,1
CUST109473,29,Male,South India,Basic,213.73,42,2,Mobile,Credit Card,Documentary,14.9,29,1,2,0,0,0,0
CUST109474,14,Male,East India,Standard,492.13,18,2,Mobile,Gift Card,Drama,9.4,4,1,1,0,1,0,0
CUST109475,31,Female,South India,Premium,802.09,59,5,Mobile,UPI,Comedy,1.9,70,2,3,1,1,0,1
CUST109476,31,Female,North India,Basic,205.82,13,1,Smart TV,Net Banking,Action,18.8,54,2,4,1,1,0,0
CUST109477,68,Male,South India,Standard,487.01,55,5,Smart TV,Net Banking,Drama,15.7,89,0,1,1,1,0,0
CUST109478,19,Female,North India,Basic,184.96,20,4,Tablet,Debit Card,Kids,5.3,86,1,1,0,0,1,0
CUST109479,66,Female,Central India,Premium,788.81,38,4,Laptop,Gift Card,Comedy,7.9,51,4,3,0,0,0,0
CUST109480,54,Male,North India,Premium,787.86,21,3,Laptop,Gift Card,Kids,10.1,27,1,4,0,1,0,0
CUST109481,54,Female,West India,Standard,482.69,4,4,Mobile,Debit Card,Drama,17.9,23,1,2,0,0,1,0
CUST109482,32,Female,East India,Standard,511.93,13,3,Mobile,Gift Card,Comedy,12.8,76,2,2,0,1,0,1
CUST109483,21,Male,North India,Premium,807.78,18,5,Smart TV,Gift Card,Kids,17.5,48,0,1,0,0,1,1
CUST109484,29,Male,West India,Basic,182.76,13,2,Mobile,Net Banking,Action,8.1,76,2,1,0,1,0,1
CUST109485,39,Female,West India,Premium,801.51,13,2,Laptop,Credit Card,Comedy,16.6,47,1,1,0,0,0,0
CUST109486,59,Female,East India,Standard,494.17,39,1,Laptop,UPI,Drama,16.3,30,0,2,1,0,0,0
CUST109487,14,Female,South India,Standard,497.2,37,4,Mobile,UPI,Comedy,13.6,23,4,4,0,1,0,1
CUST109488,48,Female,West India,Standard,499.5,35,1,Laptop,Credit Card,Action,0.1,70,1,1,0,0,0,0
CUST109489,31,Male,North India,Standard,476.81,38,1,Mobile,UPI,Comedy,14.0,19,0,2,1,1,0,1
CUST109490,29,Male,East India,Premium,769.12,40,2,Mobile,Credit Card,Documentary,11.3,1,0,2,0,1,0,1
CUST109491,17,Male,North India,Premium,799.3,27,4,Mobile,Gift Card,Kids,27.3,81,1,2,0,1,0,0
CUST109492,51,Male,South India,Premium,793.18,58,2,Smart TV,Debit Card,Drama,13.5,75,0,1,0,0,0,0
CUST109493,30,Male,East India,Basic,195.66,26,1,Laptop,Gift Card,Kids,5.8,57,4,2,1,1,1,1
CUST109494,65,Female,West India,Basic,189.26,12,4,Mobile,Debit Card,Comedy,14.5,53,4,2,0,1,0,1
CUST109495,66,Female,North India,Standard,498.82,2,2,Laptop,Credit Card,Documentary,6.8,84,1,4,0,1,0,1
CUST109496,19,Male,North India,Premium,773.84,43,3,Mobile,Gift Card,Kids,10.1,38,0,4,0,1,1,1
CUST109497,29,Male,West India,Standard,499.39,58,3,Tablet,Credit Card,Documentary,1.0,18,0,1,0,0,0,0
CUST109498,51,Male,West India,Premium,760.63,60,5,Laptop,Net Banking,Thriller,14.9,69,2,4,1,1,1,0
CUST109499,48,Female,South India,Premium,787.92,20,5,Laptop,Credit Card,Comedy,1.8,72,1,2,0,1,1,1
CUST109500,52,Female,South India,Standard,491.71,35,4,Smart TV,Gift Card,Thriller,12.0,3,1,2,0,1,1,1
CUST109501,57,Female,West India,Premium,771.35,55,5,Mobile,Debit Card,Documentary,7.9,19,2,4,1,0,0,0
CUST109502,16,Male,East India,Premium,817.95,10,4,Mobile,Net Banking,Kids,9.1,2,3,2,0,1,0,0
CUST109503,50,Male,West India,Premium,797.53,8,1,Smart TV,Gift Card,Kids,12.9,72,0,4,1,0,0,1
CUST109504,37,Male,West India,Standard,487.62,40,3,Smart TV,Gift Card,Kids,2.5,61,0,2,0,1,0,0
CUST109505,17,Male,Central India,Premium,827.22,46,4,Smart TV,Gift Card,Action,16.7,68,1,1,0,0,1,0
CUST109506,42,Male,East India,Basic,202.3,36,1,Mobile,Net Banking,Comedy,7.8,67,0,3,0,1,1,0
CUST109507,24,Female,East India,Standard,504.23,31,3,Smart TV,Gift Card,Romance,17.9,18,4,3,1,1,1,1
CUST109508,16,Male,South India,Basic,195.38,15,2,Smart TV,Debit Card,Thriller,3.5,15,1,3,1,0,0,1
CUST109509,36,Female,South India,Basic,190.63,42,1,Mobile,Gift Card,Drama,11.0,21,0,4,0,1,0,0
CUST109510,41,Female,South India,Premium,801.83,18,2,Laptop,UPI,Romance,9.7,79,1,2,1,1,0,0
CUST109511,21,Female,North India,Standard,456.16,54,5,Smart TV,Credit Card,Kids,17.1,20,1,2,0,1,1,0
CUST109512,16,Female,East India,Basic,170.62,15,4,Mobile,UPI,Kids,18.4,55,2,1,1,0,0,0
CUST109513,63,Female,Central India,Standard,476.13,19,3,Mobile,Debit Card,Romance,16.9,59,0,3,1,0,0,1
CUST109514,36,Male,South India,Premium,762.8,24,5,Mobile,Debit Card,Romance,15.2,33,0,1,1,0,0,1
CUST109515,26,Male,South India,Premium,805.68,35,1,Mobile,Credit Card,Action,6.0,68,3,1,0,0,1,1
CUST109516,17,Male,South India,Basic,187.14,2,5,Smart TV,Debit Card,Thriller,10.4,79,4,3,1,0,0,1
CUST109517,30,Female,South India,Premium,816.05,13,2,Tablet,Debit Card,Comedy,17.6,65,0,4,1,1,0,1
CUST109518,54,Female,South India,Standard,494.62,45,2,Laptop,Gift Card,Drama,6.8,12,0,2,1,0,0,0
CUST109519,69,Female,North India,Standard,484.61,57,4,Mobile,Credit Card,Action,9.4,77,0,4,1,1,0,1
CUST109520,31,Female,Central India,Standard,495.5,9,5,Laptop,UPI,Documentary,0.0,20,0,3,0,1,0,1
CUST109521,24,Female,East India,Premium,813.18,57,3,Tablet,Gift Card,Romance,3.5,59,1,3,1,0,0,0
CUST109522,30,Female,Central India,Premium,792.76,35,2,Mobile,Gift Card,Romance,8.3,67,0,1,1,1,0,1
CUST109523,29,Male,West India,Basic,215.21,2,1,Tablet,UPI,Thriller,10.7,73,0,4,0,0,1,1
CUST109524,42,Female,East India,Standard,512.95,46,5,Tablet,Debit Card,Action,12.9,45,0,2,0,1,0,1
CUST109525,36,Female,South India,Standard,487.9,16,3,Laptop,Net Banking,Documentary,0.0,15,2,3,1,1,0,1
CUST109526,23,Male,West India,Standard,489.15,46,3,Mobile,Net Banking,Kids,23.3,54,2,4,0,1,0,0
CUST109527,47,Female,West India,Standard,488.32,36,3,Smart TV,Debit Card,Comedy,8.5,10,2,4,1,1,1,1
CUST109528,35,Male,West India,Standard,478.42,2,3,Mobile,Gift Card,Kids,8.3,32,3,2,0,1,1,1
CUST109529,29,Male,West India,Standard,474.17,16,2,Tablet,UPI,Comedy,3.8,85,0,1,0,0,0,1
CUST109530,13,Male,South India,Basic,189.0,8,4,Mobile,Net Banking,Romance,1.5,49,1,2,0,1,0,0
CUST109531,27,Female,West India,Standard,459.91,58,5,Laptop,Gift Card,Documentary,15.8,51,1,2,1,1,1,1
CUST109532,44,Male,Central India,Premium,779.39,1,2,Mobile,Net Banking,Action,12.8,74,1,3,0,1,0,1
CUST109533,21,Male,South India,Standard,503.54,18,4,Mobile,UPI,Thriller,10.7,61,4,1,0,1,0,1
CUST109534,27,Female,West India,Premium,775.39,54,3,Tablet,Gift Card,Comedy,10.9,40,2,4,0,0,0,0
CUST109535,40,Male,West India,Basic,215.46,41,1,Laptop,Credit Card,Comedy,11.8,10,0,1,1,1,1,1
CUST109536,36,Female,Central India,Standard,505.09,26,3,Mobile,Gift Card,Romance,13.1,6,0,2,1,1,1,0
CUST109537,47,Female,North India,Standard,523.9,44,4,Tablet,Credit Card,Action,6.5,78,0,4,0,0,0,1
CUST109538,34,Male,North India,Basic,227.07,5,4,Laptop,Debit Card,Kids,13.7,83,1,4,1,1,0,0
CUST109539,39,Female,Central India,Basic,207.21,21,1,Tablet,UPI,Romance,9.6,15,0,2,1,0,0,0
CUST109540,31,Female,North India,Premium,787.21,35,2,Smart TV,Net Banking,Comedy,2.1,28,0,2,0,1,1,1
CUST109541,57,Male,East India,Standard,471.18,40,1,Tablet,Debit Card,Drama,13.1,4,0,3,0,1,1,0
CUST109542,24,Male,East India,Standard,473.94,28,3,Laptop,Debit Card,Documentary,3.3,84,3,3,0,1,0,0
CUST109543,32,Male,East India,Standard,525.48,54,5,Tablet,Gift Card,Thriller,3.0,63,0,3,1,1,1,0
CUST109544,13,Male,North India,Premium,773.63,26,2,Mobile,Gift Card,Action,15.5,14,3,3,0,0,1,1
CUST109545,33,Female,East India,Standard,492.78,32,5,Smart TV,Credit Card,Drama,5.5,5,2,3,0,0,1,0
CUST109546,61,Male,East India,Premium,814.07,60,5,Laptop,Credit Card,Comedy,3.6,48,1,1,1,1,0,1
CUST109547,57,Male,North India,Basic,182.89,48,2,Smart TV,Debit Card,Comedy,6.6,86,0,4,1,0,1,1
CUST109548,13,Male,Central India,Standard,515.8,50,3,Laptop,Debit Card,Drama,4.8,50,0,4,1,0,0,1
CUST109549,22,Female,South India,Basic,195.07,44,4,Tablet,Gift Card,Comedy,24.2,41,1,3,1,1,1,1
CUST109550,59,Female,East India,Premium,799.3,44,3,Laptop,Gift Card,Documentary,10.0,64,2,1,1,1,0,1
CUST109551,44,Female,North India,Standard,491.71,21,4,Mobile,Net Banking,Romance,13.9,4,1,2,0,1,1,1
CUST109552,51,Female,South India,Standard,482.25,4,4,Mobile,UPI,Comedy,17.1,72,0,1,0,1,1,1
CUST109553,34,Female,South India,Basic,206.44,59,2,Mobile,Net Banking,Thriller,11.2,78,2,4,0,1,0,0
CUST109554,30,Male,West India,Standard,504.59,42,2,Smart TV,UPI,Documentary,17.5,23,0,3,0,0,1,0
CUST109555,60,Female,South India,Basic,207.11,41,1,Mobile,Debit Card,Action,14.8,36,0,2,0,1,0,0
CUST109556,58,Female,East India,Standard,511.25,36,5,Mobile,Gift Card,Romance,13.5,52,1,3,0,1,0,0
CUST109557,44,Female,Central India,Premium,789.64,24,5,Mobile,Net Banking,Documentary,11.0,5,1,3,1,1,0,1
CUST109558,39,Male,East India,Premium,804.58,33,5,Laptop,UPI,Action,16.5,38,0,2,0,1,0,0
CUST109559,40,Male,West India,Basic,209.62,5,5,Mobile,Credit Card,Action,0.0,74,1,3,0,1,0,1
CUST109560,30,Female,South India,Premium,802.29,57,1,Mobile,UPI,Documentary,9.5,88,1,4,1,0,0,0
CUST109561,51,Male,West India,Premium,789.97,3,4,Smart TV,UPI,Thriller,8.5,61,1,3,1,1,0,1
CUST109562,61,Female,East India,Standard,501.51,11,1,Mobile,Gift Card,Romance,10.0,81,2,3,0,1,1,0
CUST109563,41,Male,East India,Standard,466.22,45,2,Mobile,Net Banking,Comedy,16.8,85,3,1,0,1,1,1
CUST109564,30,Male,East India,Premium,801.83,32,3,Mobile,Debit Card,Kids,9.3,59,0,1,0,0,0,1
CUST109565,56,Female,Central India,Standard,479.49,22,4,Smart TV,Net Banking,Documentary,4.9,40,2,4,1,1,0,0
CUST109566,20,Male,East India,Standard,496.46,11,4,Mobile,Debit Card,Action,0.0,77,0,1,0,1,0,0
CUST109567,66,Female,East India,Standard,489.9,58,1,Tablet,Credit Card,Documentary,9.2,9,3,3,1,0,0,0
CUST109568,43,Female,South India,Basic,196.91,38,2,Mobile,Gift Card,Action,15.8,80,1,1,0,1,1,1
CUST109569,46,Female,Central India,Premium,772.89,59,2,Tablet,UPI,Action,9.3,69,3,3,0,1,1,1
CUST109570,19,Male,South India,Standard,506.76,22,4,Laptop,Net Banking,Drama,11.3,6,3,3,0,1,0,0
CUST109571,48,Male,West India,Standard,509.84,4,1,Laptop,Net Banking,Kids,9.5,4,3,4,1,1,0,0
CUST109572,30,Female,North India,Basic,181.51,39,5,Mobile,Debit Card,Romance,13.9,26,2,3,1,1,1,0
CUST109573,50,Female,South India,Basic,175.75,3,4,Smart TV,Net Banking,Thriller,11.9,34,0,1,0,1,0,0
CUST109574,21,Male,Central India,Standard,482.52,54,5,Laptop,UPI,Romance,9.8,54,0,4,1,1,0,0
CUST109575,21,Female,South India,Standard,507.31,10,3,Smart TV,Debit Card,Kids,1.2,16,2,3,0,0,0,1
CUST109576,58,Male,North India,Premium,795.18,37,2,Smart TV,UPI,Thriller,5.0,6,0,3,0,1,0,0
CUST109577,20,Male,South India,Basic,193.11,19,4,Mobile,Debit Card,Kids,10.8,60,0,4,1,1,1,0
CUST109578,63,Male,North India,Basic,193.93,18,3,Smart TV,UPI,Action,16.8,64,1,4,0,0,0,1
CUST109579,47,Female,Central India,Standard,486.12,28,5,Mobile,Debit Card,Romance,9.9,14,3,2,0,1,1,1
CUST109580,30,Female,South India,Standard,501.17,31,4,Tablet,Gift Card,Action,10.9,57,1,3,0,1,0,0
CUST109581,17,Male,Central India,Basic,218.91,17,3,Smart TV,Net Banking,Comedy,7.1,48,0,4,0,0,0,0
CUST109582,26,Female,Central India,Basic,182.76,24,4,Mobile,UPI,Action,10.1,74,3,3,1,1,1,0
CUST109583,40,Female,West India,Premium,805.54,1,3,Smart TV,Credit Card,Action,11.7,51,1,3,1,1,1,0
CUST109584,42,Male,West India,Basic,195.37,5,3,Smart TV,Gift Card,Romance,14.4,25,0,1,0,0,0,1
CUST109585,16,Male,South India,Premium,795.24,32,5,Mobile,Gift Card,Kids,0.0,42,0,1,1,1,0,0
CUST109586,51,Female,South India,Standard,516.85,53,2,Smart TV,UPI,Thriller,4.3,52,0,3,1,1,0,0
CUST109587,32,Male,Central India,Standard,511.03,17,1,Mobile,UPI,Action,10.6,55,0,3,0,1,0,1
CUST109588,37,Female,West India,Basic,196.31,57,3,Smart TV,Credit Card,Comedy,13.9,77,0,4,0,1,0,0
CUST109589,40,Male,South India,Premium,810.11,21,2,Smart TV,UPI,Drama,3.4,76,0,1,0,1,1,1
CUST109590,24,Male,South India,Basic,170.41,41,1,Mobile,Credit Card,Romance,0.0,67,1,2,0,0,0,1
CUST109591,14,Female,South India,Standard,463.24,43,5,Mobile,UPI,Drama,16.2,32,1,4,0,1,0,0
CUST109592,55,Female,West India,Basic,185.64,22,4,Laptop,Credit Card,Kids,10.0,13,2,4,0,1,1,0
CUST109593,26,Female,South India,Premium,781.1,39,2,Mobile,Debit Card,Romance,10.1,76,2,1,0,0,0,1
CUST109594,34,Female,Central India,Premium,792.56,39,4,Smart TV,Net Banking,Comedy,9.0,16,2,1,0,1,0,0
CUST109595,43,Female,South India,Standard,513.3,34,4,Laptop,Net Banking,Kids,0.7,38,1,2,1,0,1,1
CUST109596,35,Male,East India,Basic,193.05,14,1,Mobile,UPI,Romance,15.9,47,1,4,1,1,0,0
CUST109597,60,Male,North India,Premium,810.28,16,2,Mobile,UPI,Action,17.3,5,0,2,1,1,0,0
CUST109598,32,Female,Central India,Premium,809.95,5,3,Laptop,Net Banking,Comedy,14.4,21,1,4,1,1,0,1
CUST109599,50,Male,South India,Standard,469.92,18,1,Smart TV,Net Banking,Drama,2.4,86,2,1,1,1,0,1
CUST109600,67,Female,East India,Premium,806.98,4,2,Laptop,Credit Card,Romance,6.9,36,1,4,1,0,1,1
CUST109601,16,Male,West India,Standard,513.99,44,3,Mobile,Credit Card,Kids,0.0,42,2,1,0,1,0,1
CUST109602,27,Male,Central India,Basic,215.03,51,4,Laptop,Debit Card,Thriller,15.1,44,1,2,1,1,1,0
CUST109603,36,Female,Central India,Basic,195.02,28,5,Mobile,Debit Card,Action,20.7,64,0,4,0,0,0,1
CUST109604,37,Female,South India,Standard,497.87,45,5,Laptop,Credit Card,Action,5.1,3,3,3,1,1,1,1
CUST109605,13,Female,West India,Standard,498.85,27,1,Laptop,Debit Card,Kids,18.9,67,5,4,0,1,1,1
CUST109606,19,Male,South India,Basic,195.59,6,3,Smart TV,Gift Card,Kids,11.5,56,1,1,0,1,0,1
CUST109607,69,Female,East India,Basic,181.3,11,3,Smart TV,Credit Card,Documentary,6.1,33,0,2,1,1,0,0
CUST109608,43,Female,North India,Standard,484.72,47,5,Mobile,Debit Card,Action,1.7,29,2,1,0,1,1,0
CUST109609,24,Female,West India,Basic,206.11,21,3,Mobile,Debit Card,Documentary,3.0,38,0,1,0,1,0,1
CUST109610,54,Female,North India,Basic,194.75,17,2,Smart TV,UPI,Documentary,8.6,78,2,4,1,1,0,0
CUST109611,17,Female,East India,Premium,798.55,31,2,Smart TV,UPI,Thriller,8.2,89,1,1,1,1,0,0
CUST109612,56,Female,Central India,Basic,213.42,34,5,Tablet,UPI,Documentary,2.1,38,1,3,0,0,0,1
CUST109613,62,Male,East India,Basic,198.18,13,4,Laptop,Net Banking,Documentary,17.1,71,0,3,0,1,1,0
CUST109614,54,Male,North India,Standard,479.9,23,4,Smart TV,Net Banking,Documentary,17.4,89,1,3,0,1,0,1
CUST109615,50,Male,West India,Premium,830.14,57,4,Laptop,Net Banking,Documentary,1.9,16,2,3,0,1,0,1
CUST109616,24,Male,South India,Standard,492.57,1,5,Mobile,Credit Card,Documentary,13.5,11,2,3,1,1,0,0
CUST109617,51,Female,North India,Basic,191.7,4,1,Smart TV,UPI,Comedy,13.6,5,0,1,1,0,1,1
CUST109618,30,Female,West India,Premium,801.33,30,3,Smart TV,UPI,Documentary,18.3,28,0,4,0,1,0,0
CUST109619,14,Male,North India,Standard,494.94,31,2,Tablet,Credit Card,Kids,0.0,13,3,3,0,1,0,0
CUST109620,22,Male,Central India,Standard,496.12,47,2,Mobile,Net Banking,Comedy,6.0,0,1,4,1,1,0,1
CUST109621,27,Male,Central India,Standard,488.52,16,1,Mobile,Debit Card,Comedy,2.2,38,1,2,1,1,1,0
CUST109622,42,Female,South India,Standard,511.62,43,3,Mobile,Gift Card,Comedy,9.7,5,2,3,0,0,1,1
CUST109623,56,Female,Central India,Standard,513.82,3,4,Smart TV,UPI,Kids,8.3,43,2,4,0,0,1,1
CUST109624,29,Female,East India,Premium,824.34,12,2,Mobile,Net Banking,Action,5.1,40,3,4,1,1,0,1
CUST109625,16,Male,South India,Standard,526.56,12,4,Laptop,Debit Card,Comedy,30.9,31,1,3,1,0,1,1
CUST109626,19,Male,North India,Premium,767.42,11,4,Smart TV,UPI,Romance,3.3,83,1,4,0,0,0,1
CUST109627,53,Male,East India,Standard,506.22,16,5,Mobile,UPI,Action,6.4,4,4,1,1,1,0,1
CUST109628,43,Male,West India,Basic,179.32,29,5,Laptop,Gift Card,Comedy,16.5,46,1,4,0,0,0,0
CUST109629,63,Male,North India,Standard,516.38,53,3,Smart TV,Net Banking,Comedy,9.2,16,2,1,0,0,0,1
CUST109630,67,Female,Central India,Basic,201.92,21,2,Laptop,Credit Card,Comedy,9.7,32,0,3,1,0,0,1
CUST109631,51,Female,North India,Basic,186.13,45,5,Laptop,Debit Card,Thriller,12.5,41,4,3,1,1,0,1
CUST109632,67,Female,Central India,Premium,780.04,44,3,Laptop,Debit Card,Action,17.4,22,1,2,0,0,1,0
CUST109633,46,Female,East India,Standard,487.26,42,1,Laptop,Net Banking,Action,12.8,69,2,1,0,0,0,1
CUST109634,18,Female,East India,Basic,185.01,58,4,Laptop,Debit Card,Thriller,2.9,49,1,3,1,1,0,0
CUST109635,62,Male,East India,Standard,517.03,43,2,Smart TV,Credit Card,Documentary,6.6,28,0,1,1,0,0,1
CUST109636,50,Female,South India,Basic,198.15,50,2,Tablet,Debit Card,Comedy,14.5,63,0,3,0,1,0,0
CUST109637,57,Male,Central India,Premium,782.15,5,3,Mobile,Net Banking,Drama,7.0,3,0,2,0,1,0,1
CUST109638,63,Female,North India,Basic,203.45,52,5,Tablet,Credit Card,Action,13.7,6,1,4,1,1,0,1
CUST109639,46,Male,North India,Standard,503.18,13,4,Mobile,Gift Card,Action,13.1,78,5,2,1,1,0,1
CUST109640,56,Male,North India,Standard,495.17,17,4,Mobile,Net Banking,Romance,3.6,61,0,1,0,0,0,1
CUST109641,27,Male,South India,Standard,515.9,12,2,Laptop,Gift Card,Drama,11.9,58,1,2,0,1,0,1
CUST109642,26,Male,South India,Basic,206.06,17,2,Smart TV,Debit Card,Drama,7.8,20,1,3,1,1,0,1
CUST109643,18,Male,Central India,Standard,504.87,1,4,Smart TV,Credit Card,Kids,1.2,15,1,4,1,1,0,1
CUST109644,62,Male,South India,Premium,769.86,8,1,Mobile,Debit Card,Drama,4.4,69,1,1,1,0,0,1
CUST109645,49,Female,East India,Premium,792.5,16,3,Mobile,Net Banking,Thriller,10.0,12,3,2,0,0,1,0
CUST109646,62,Male,North India,Standard,507.52,15,1,Mobile,Gift Card,Comedy,6.8,7,1,4,0,1,1,0
CUST109647,44,Male,East India,Standard,503.25,19,5,Mobile,Gift Card,Comedy,12.3,60,1,2,0,0,1,0
CUST109648,15,Female,South India,Basic,198.99,25,1,Smart TV,Debit Card,Drama,6.2,2,2,3,0,1,1,0
CUST109649,15,Male,North India,Basic,208.09,31,1,Laptop,Net Banking,Documentary,22.2,45,1,3,1,1,0,0
CUST109650,34,Female,West India,Premium,804.53,42,5,Laptop,Debit Card,Comedy,6.4,61,3,2,0,0,1,0
CUST109651,34,Female,East India,Premium,809.86,2,3,Mobile,UPI,Documentary,15.5,22,2,4,0,0,0,1
CUST109652,22,Male,West India,Standard,503.69,57,4,Tablet,Net Banking,Comedy,7.0,7,0,4,1,1,0,0
CUST109653,63,Male,Central India,Standard,509.2,59,1,Mobile,Net Banking,Romance,14.1,19,1,1,0,0,0,1
CUST109654,15,Female,East India,Standard,508.45,25,3,Mobile,Credit Card,Romance,7.0,29,0,3,0,1,0,1
CUST109655,24,Male,North India,Basic,197.74,31,5,Tablet,UPI,Kids,26.2,74,1,1,0,1,0,0
CUST109656,41,Female,North India,Standard,498.53,4,3,Smart TV,Gift Card,Romance,4.4,53,1,1,0,1,0,1
CUST109657,60,Male,West India,Premium,800.16,4,1,Tablet,Debit Card,Documentary,8.5,19,0,2,0,0,0,1
CUST109658,29,Female,North India,Standard,480.34,52,4,Mobile,Gift Card,Thriller,14.3,1,0,3,0,1,1,0
CUST109659,19,Male,East India,Basic,175.83,12,5,Laptop,Net Banking,Comedy,3.7,16,1,3,0,1,1,1
CUST109660,25,Male,South India,Basic,206.56,17,5,Mobile,Debit Card,Comedy,15.8,14,0,4,0,0,0,0
CUST109661,68,Female,South India,Basic,207.36,21,1,Laptop,Gift Card,Action,25.4,64,1,1,0,1,1,0
CUST109662,14,Female,North India,Standard,498.62,29,3,Mobile,Debit Card,Comedy,4.0,68,2,4,1,1,1,1
CUST109663,16,Female,Central India,Premium,804.33,22,4,Mobile,Gift Card,Action,11.0,68,1,2,0,1,1,0
CUST109664,22,Female,East India,Premium,808.85,36,5,Mobile,Debit Card,Kids,11.0,71,1,2,0,1,0,1
CUST109665,51,Male,Central India,Premium,805.53,40,1,Smart TV,Gift Card,Drama,2.6,67,2,4,0,1,0,1
CUST109666,36,Female,West India,Standard,507.41,16,1,Mobile,Gift Card,Action,4.4,42,1,4,1,1,0,0
CUST109667,29,Female,North India,Standard,479.56,15,2,Tablet,Debit Card,Drama,0.0,11,0,3,1,0,1,1
CUST109668,64,Male,West India,Premium,823.69,30,2,Laptop,Credit Card,Comedy,9.1,82,1,2,0,0,0,1
CUST109669,18,Male,Central India,Standard,503.85,46,3,Laptop,Debit Card,Action,11.1,21,0,1,0,1,0,0
CUST109670,31,Female,East India,Premium,813.03,51,1,Laptop,Gift Card,Drama,11.6,69,2,1,0,1,0,0
CUST109671,17,Male,Central India,Premium,807.77,11,3,Laptop,UPI,Kids,14.5,19,1,2,1,1,0,0
CUST109672,44,Female,South India,Basic,183.54,57,3,Laptop,Net Banking,Action,16.8,14,0,3,0,0,1,0
CUST109673,22,Male,Central India,Standard,488.7,13,4,Tablet,Credit Card,Drama,9.5,7,0,2,1,1,1,0
CUST109674,21,Female,Central India,Standard,491.13,23,2,Tablet,Debit Card,Action,8.3,36,2,4,0,0,0,1
CUST109675,39,Male,Central India,Basic,216.23,40,3,Mobile,Net Banking,Kids,13.7,27,1,2,1,1,0,1
CUST109676,25,Female,Central India,Standard,484.56,55,4,Mobile,Credit Card,Drama,22.3,10,2,1,0,0,0,1
CUST109677,31,Female,East India,Premium,780.21,41,4,Smart TV,UPI,Kids,0.5,69,2,3,0,1,0,0
CUST109678,33,Male,North India,Premium,805.44,34,2,Mobile,Net Banking,Documentary,2.0,26,0,3,0,1,0,0
CUST109679,36,Male,East India,Basic,225.29,20,2,Mobile,Debit Card,Comedy,3.2,41,2,1,0,1,0,1
CUST109680,50,Female,West India,Standard,486.38,2,1,Laptop,UPI,Comedy,2.7,74,2,1,1,1,0,1
CUST109681,16,Female,South India,Standard,520.5,8,3,Smart TV,Debit Card,Action,0.0,82,3,2,1,1,0,1
CUST109682,36,Male,North India,Standard,510.2,18,4,Smart TV,Net Banking,Romance,8.9,75,1,1,1,1,0,1
CUST109683,47,Male,South India,Standard,492.68,56,1,Tablet,Debit Card,Drama,0.0,80,1,2,1,0,0,1
CUST109684,15,Male,South India,Standard,479.16,54,3,Smart TV,UPI,Documentary,13.4,7,0,4,0,1,0,0
CUST109685,16,Male,North India,Standard,493.94,7,3,Smart TV,UPI,Comedy,17.7,58,2,4,0,1,1,1
CUST109686,69,Male,North India,Basic,187.13,43,1,Mobile,Net Banking,Action,3.6,59,3,1,1,1,0,1
CUST109687,49,Male,West India,Standard,517.0,31,4,Mobile,Net Banking,Comedy,7.8,61,2,3,1,0,1,0
CUST109688,52,Male,East India,Standard,498.5,22,1,Mobile,Gift Card,Kids,10.3,18,0,1,0,1,0,1
CUST109689,60,Male,North India,Basic,206.22,28,3,Mobile,UPI,Documentary,17.9,42,0,1,1,0,0,1
CUST109690,66,Male,West India,Basic,206.32,25,1,Mobile,Gift Card,Comedy,8.8,59,2,1,1,1,1,0
CUST109691,47,Female,Central India,Standard,489.4,52,1,Laptop,Debit Card,Kids,5.6,50,1,1,1,1,0,1
CUST109692,43,Male,North India,Premium,800.08,1,3,Laptop,Net Banking,Romance,14.4,83,0,3,1,0,0,0
CUST109693,68,Male,East India,Standard,514.02,32,2,Smart TV,Credit Card,Kids,4.7,63,4,1,0,1,0,1
CUST109694,56,Female,Central India,Standard,497.86,25,4,Tablet,Debit Card,Kids,5.9,65,1,4,0,1,0,1
CUST109695,37,Female,Central India,Standard,495.01,48,3,Mobile,Gift Card,Thriller,12.8,69,1,3,0,1,0,0
CUST109696,52,Female,Central India,Basic,209.35,16,2,Smart TV,UPI,Kids,12.1,47,2,2,0,1,0,1
CUST109697,25,Female,Central India,Basic,179.5,29,1,Mobile,Net Banking,Documentary,4.2,17,3,3,1,0,1,1
CUST109698,16,Female,South India,Premium,765.95,42,2,Laptop,Net Banking,Romance,12.4,19,1,1,0,1,1,0
CUST109699,58,Female,East India,Standard,503.32,24,3,Smart TV,Debit Card,Drama,3.8,72,1,2,1,0,0,1
CUST109700,26,Male,West India,Standard,514.37,17,3,Mobile,Debit Card,Documentary,4.4,66,1,1,0,1,1,1
CUST109701,25,Female,North India,Basic,226.03,42,1,Mobile,Net Banking,Action,5.0,39,2,3,0,1,1,0
CUST109702,39,Female,West India,Premium,801.94,6,3,Laptop,Gift Card,Drama,9.0,17,3,3,0,1,0,1
CUST109703,18,Female,South India,Premium,811.36,14,5,Mobile,UPI,Comedy,11.4,11,2,1,1,0,0,1
CUST109704,29,Male,Central India,Basic,218.77,26,2,Tablet,Net Banking,Documentary,7.5,82,2,1,1,1,0,1
CUST109705,48,Female,North India,Standard,499.47,60,5,Mobile,Net Banking,Drama,14.6,25,0,2,0,0,0,0
CUST109706,52,Male,East India,Basic,189.38,28,5,Mobile,Debit Card,Comedy,11.1,32,1,3,0,0,0,0
CUST109707,61,Female,North India,Standard,487.84,47,2,Mobile,UPI,Kids,11.0,5,0,2,0,0,0,0
CUST109708,47,Female,North India,Basic,194.58,36,3,Smart TV,Net Banking,Documentary,12.7,57,2,3,1,1,0,0
CUST109709,29,Male,West India,Basic,220.74,31,2,Smart TV,Debit Card,Drama,16.7,56,0,1,0,1,0,1
CUST109710,53,Male,Central India,Basic,212.98,27,1,Smart TV,Credit Card,Kids,12.9,8,3,4,1,0,0,1
CUST109711,14,Female,East India,Premium,795.72,2,5,Smart TV,Net Banking,Action,17.0,9,3,2,1,1,0,0
CUST109712,69,Male,North India,Premium,817.68,19,5,Smart TV,Credit Card,Kids,14.7,43,0,1,0,1,0,0
CUST109713,25,Male,South India,Basic,205.79,28,3,Mobile,UPI,Romance,9.4,52,2,4,0,1,0,0
CUST109714,64,Female,South India,Standard,495.74,45,2,Mobile,UPI,Comedy,7.8,26,2,1,0,0,0,1
CUST109715,14,Female,Central India,Basic,201.66,44,4,Smart TV,Net Banking,Comedy,17.1,80,1,4,1,0,0,1
CUST109716,64,Female,North India,Basic,205.04,57,3,Smart TV,Gift Card,Action,14.0,51,0,2,0,1,0,1
CUST109717,40,Male,Central India,Premium,801.05,21,3,Mobile,Debit Card,Action,6.5,83,1,4,0,1,1,0
CUST109718,55,Female,North India,Basic,225.12,55,3,Laptop,Debit Card,Action,5.4,63,1,1,1,1,1,1
CUST109719,38,Female,East India,Standard,496.75,45,2,Smart TV,Gift Card,Drama,9.6,53,1,3,1,1,0,0
CUST109720,34,Male,South India,Standard,478.26,15,3,Mobile,Credit Card,Action,15.8,12,1,4,1,1,0,0
CUST109721,59,Male,West India,Basic,203.69,34,1,Smart TV,UPI,Kids,3.6,30,0,3,1,0,0,1
CUST109722,55,Female,Central India,Standard,494.63,40,1,Tablet,Net Banking,Kids,5.6,80,2,2,1,1,0,0
CUST109723,67,Male,East India,Premium,778.86,3,5,Mobile,Debit Card,Thriller,8.7,48,0,2,1,0,0,1
CUST109724,15,Female,South India,Premium,808.97,1,5,Laptop,Debit Card,Kids,12.1,74,3,4,0,0,1,1
CUST109725,47,Male,East India,Basic,144.89,24,2,Smart TV,Net Banking,Drama,0.0,26,0,3,0,0,1,0
CUST109726,24,Female,West India,Premium,803.33,43,4,Smart TV,Net Banking,Action,5.8,12,0,4,1,1,0,0
CUST109727,36,Male,North India,Premium,763.46,27,5,Smart TV,Debit Card,Action,6.8,45,4,3,0,1,0,1
CUST109728,17,Male,North India,Basic,199.08,9,5,Smart TV,Debit Card,Thriller,4.7,50,1,3,1,0,0,1
CUST109729,32,Male,East India,Basic,207.3,24,5,Mobile,Debit Card,Documentary,12.2,42,1,1,0,1,1,0
CUST109730,51,Male,East India,Basic,209.98,17,5,Tablet,Net Banking,Action,2.0,78,3,1,0,1,0,1
CUST109731,51,Female,Central India,Basic,211.13,28,3,Laptop,Credit Card,Comedy,11.2,85,2,2,0,1,0,0
CUST109732,25,Male,East India,Standard,483.18,39,5,Smart TV,Debit Card,Action,0.2,88,1,3,0,0,0,0
CUST109733,53,Female,North India,Basic,201.85,55,2,Smart TV,Credit Card,Drama,6.7,18,0,1,1,0,0,1
CUST109734,69,Male,East India,Basic,188.48,4,3,Smart TV,Debit Card,Drama,3.7,28,1,4,0,0,0,1
CUST109735,65,Male,South India,Basic,187.62,29,3,Laptop,Net Banking,Action,7.0,86,2,2,1,0,1,0
CUST109736,57,Female,South India,Standard,497.35,45,2,Mobile,Gift Card,Drama,10.1,82,1,2,0,0,0,1
CUST109737,24,Male,North India,Standard,492.69,28,4,Laptop,Credit Card,Romance,11.4,66,2,3,1,0,0,0
CUST109738,25,Male,East India,Standard,483.46,56,5,Mobile,Gift Card,Romance,7.4,18,1,1,0,0,0,1
CUST109739,68,Female,East India,Basic,203.83,37,1,Smart TV,Debit Card,Kids,12.4,12,2,1,0,1,0,0
CUST109740,22,Male,East India,Standard,507.23,29,4,Mobile,Debit Card,Romance,15.5,87,2,4,0,1,0,1
CUST109741,45,Female,South India,Basic,186.08,44,5,Smart TV,Net Banking,Romance,1.0,37,1,4,0,1,0,0
CUST109742,69,Male,North India,Premium,796.23,52,1,Mobile,Gift Card,Comedy,10.0,34,2,1,0,1,0,0
CUST109743,52,Male,Central India,Standard,496.49,29,3,Smart TV,Gift Card,Kids,2.0,32,1,1,0,0,0,1
CUST109744,66,Male,South India,Basic,196.73,5,3,Laptop,Debit Card,Action,11.5,44,3,1,0,0,0,1
CUST109745,28,Female,North India,Basic,198.15,11,3,Smart TV,UPI,Comedy,0.0,56,1,3,1,1,0,1
CUST109746,57,Male,North India,Basic,203.33,2,5,Mobile,UPI,Thriller,1.3,48,0,4,0,1,0,0
CUST109747,47,Male,Central India,Basic,216.52,4,2,Mobile,Gift Card,Documentary,10.6,65,4,3,0,1,0,1
CUST109748,15,Male,West India,Standard,500.95,10,3,Smart TV,Gift Card,Thriller,8.4,82,0,1,0,1,1,1
CUST109749,68,Male,Central India,Premium,791.35,56,3,Mobile,Credit Card,Action,16.9,38,4,2,1,1,0,0
CUST109750,17,Male,Central India,Basic,198.82,39,3,Mobile,Debit Card,Documentary,16.1,46,1,3,0,0,0,1
CUST109751,38,Male,North India,Standard,483.05,44,5,Smart TV,UPI,Action,12.4,32,2,1,1,1,0,0
CUST109752,23,Male,West India,Standard,485.54,8,1,Mobile,Net Banking,Kids,14.3,49,1,4,0,1,0,1
CUST109753,19,Male,West India,Standard,505.49,55,4,Mobile,Credit Card,Kids,0.0,65,1,1,0,1,0,1
CUST109754,65,Male,East India,Basic,152.05,23,3,Smart TV,UPI,Kids,12.2,32,1,4,1,1,0,1
CUST109755,68,Female,Central India,Basic,195.75,27,4,Mobile,Debit Card,Romance,4.4,48,1,4,0,0,0,1
CUST109756,22,Male,Central India,Premium,812.92,23,2,Mobile,Debit Card,Documentary,15.1,70,0,1,1,1,0,0
CUST109757,54,Female,West India,Premium,805.06,48,2,Smart TV,Debit Card,Action,5.2,9,1,1,0,1,1,1
CUST109758,64,Female,West India,Basic,211.91,34,2,Mobile,UPI,Documentary,14.5,27,1,4,1,1,1,0
CUST109759,46,Female,West India,Basic,204.04,35,3,Mobile,Debit Card,Comedy,14.1,88,0,2,0,0,0,0
CUST109760,15,Male,North India,Premium,828.88,17,4,Smart TV,Net Banking,Drama,10.5,43,2,4,0,1,0,0
CUST109761,20,Female,North India,Standard,480.54,47,1,Smart TV,Debit Card,Action,3.4,12,2,4,0,0,0,1
CUST109762,43,Female,North India,Premium,800.73,50,5,Mobile,Credit Card,Thriller,3.0,28,2,3,0,1,0,0
CUST109763,23,Female,Central India,Basic,209.91,10,4,Smart TV,Net Banking,Thriller,17.1,39,2,4,0,1,1,1
CUST109764,57,Male,West India,Premium,792.67,54,5,Tablet,Credit Card,Action,15.3,8,0,3,0,0,0,0
CUST109765,19,Female,North India,Premium,816.68,2,4,Tablet,Credit Card,Comedy,4.2,28,1,2,0,1,0,1
CUST109766,57,Male,East India,Basic,208.07,17,3,Smart TV,Gift Card,Action,2.4,3,0,3,0,0,0,1
CUST109767,14,Female,West India,Standard,476.62,31,1,Mobile,Gift Card,Documentary,5.5,80,3,4,0,0,0,1
CUST109768,18,Female,West India,Basic,204.43,16,3,Smart TV,Debit Card,Drama,22.1,80,2,3,1,1,0,0
CUST109769,53,Male,West India,Standard,508.12,24,2,Mobile,Net Banking,Comedy,16.3,18,1,3,1,1,0,1
CUST109770,44,Male,North India,Standard,523.49,57,1,Smart TV,UPI,Kids,13.1,47,1,2,1,0,0,0
CUST109771,32,Female,South India,Basic,196.31,7,4,Tablet,Gift Card,Drama,6.4,66,0,1,1,1,0,1
CUST109772,69,Female,East India,Standard,507.38,19,3,Smart TV,Net Banking,Thriller,18.3,41,2,1,0,0,0,1
CUST109773,46,Female,East India,Basic,202.86,16,5,Smart TV,Gift Card,Drama,10.9,81,1,2,1,1,0,0
CUST109774,62,Male,South India,Standard,490.57,33,3,Mobile,Net Banking,Romance,0.0,84,1,3,1,1,0,1
CUST109775,28,Male,East India,Standard,493.76,36,3,Mobile,Debit Card,Drama,0.0,57,1,3,0,1,0,1
CUST109776,37,Female,North India,Premium,766.11,45,4,Tablet,Credit Card,Action,19.0,87,1,1,0,0,0,0
CUST109777,24,Female,West India,Basic,191.91,10,4,Mobile,Gift Card,Romance,4.3,58,1,2,0,0,1,1
CUST109778,19,Male,South India,Standard,522.57,43,2,Mobile,Credit Card,Romance,0.0,15,2,1,1,1,1,0
CUST109779,51,Male,West India,Standard,496.41,51,1,Smart TV,Credit Card,Romance,18.7,59,1,1,0,0,0,1
CUST109780,29,Female,East India,Standard,511.67,15,3,Laptop,UPI,Kids,19.1,66,1,2,1,1,0,0
CUST109781,57,Male,Central India,Standard,502.42,43,5,Mobile,UPI,Romance,12.4,16,2,2,1,0,0,1
CUST109782,23,Female,East India,Standard,505.37,3,4,Smart TV,Debit Card,Romance,0.0,63,0,1,0,1,0,1
CUST109783,18,Male,East India,Premium,828.92,2,4,Mobile,Net Banking,Romance,3.1,32,1,4,0,1,1,1
CUST109784,35,Female,South India,Basic,192.87,43,2,Smart TV,Debit Card,Romance,6.7,70,0,1,0,0,0,1
CUST109785,39,Female,West India,Premium,792.77,42,1,Mobile,Net Banking,Thriller,19.4,21,1,4,0,0,0,1
CUST109786,58,Female,South India,Standard,515.31,35,2,Smart TV,UPI,Drama,13.0,6,2,3,0,1,1,0
CUST109787,18,Male,North India,Standard,497.79,27,4,Mobile,Debit Card,Documentary,4.3,4,2,4,0,0,0,0
CUST109788,50,Female,West India,Standard,494.91,5,5,Laptop,Net Banking,Drama,15.4,12,1,2,0,0,0,0
CUST109789,14,Female,North India,Premium,813.31,15,2,Smart TV,UPI,Action,7.6,9,1,2,0,1,0,1
CUST109790,34,Male,North India,Standard,502.88,36,3,Tablet,Net Banking,Comedy,1.5,13,3,1,0,0,0,1
CUST109791,32,Female,South India,Premium,796.73,49,4,Smart TV,Debit Card,Comedy,12.7,70,1,3,1,0,1,1
CUST109792,37,Female,East India,Basic,193.87,33,4,Mobile,Gift Card,Romance,18.4,30,0,4,0,1,1,0
CUST109793,27,Female,Central India,Standard,486.35,1,2,Smart TV,Gift Card,Comedy,4.5,3,1,4,1,0,1,1
CUST109794,61,Male,East India,Basic,175.78,12,5,Smart TV,Debit Card,Documentary,5.8,47,1,4,0,0,0,1
CUST109795,41,Male,East India,Standard,515.67,42,2,Mobile,Credit Card,Drama,5.0,62,2,2,0,1,0,1
CUST109796,20,Male,West India,Standard,492.64,41,5,Smart TV,Gift Card,Kids,6.6,3,1,3,1,0,1,0
CUST109797,49,Male,South India,Standard,473.45,9,4,Mobile,Gift Card,Kids,9.5,77,2,2,0,1,1,0
CUST109798,61,Female,West India,Standard,525.75,57,2,Laptop,Gift Card,Romance,9.7,78,0,2,1,1,1,0
CUST109799,64,Male,Central India,Basic,200.3,58,1,Tablet,Credit Card,Thriller,10.2,56,0,2,0,0,1,1
CUST109800,45,Male,South India,Standard,499.34,52,2,Mobile,UPI,Drama,4.6,34,1,2,0,1,0,1
CUST109801,34,Male,East India,Standard,475.19,20,2,Laptop,UPI,Comedy,15.5,13,0,4,1,0,0,0
CUST109802,62,Female,North India,Basic,207.72,30,1,Mobile,Credit Card,Comedy,0.0,76,1,4,1,1,0,1
CUST109803,59,Female,East India,Basic,191.03,14,1,Mobile,Credit Card,Romance,3.7,23,2,3,1,1,1,1
CUST109804,17,Female,East India,Premium,791.07,58,3,Smart TV,Debit Card,Thriller,4.9,22,2,3,0,1,0,0
CUST109805,51,Male,South India,Premium,805.21,23,1,Mobile,Debit Card,Drama,4.9,52,1,3,0,0,0,1
CUST109806,30,Female,East India,Basic,200.81,29,5,Smart TV,Debit Card,Comedy,9.3,79,2,3,0,0,1,1
CUST109807,50,Female,Central India,Basic,184.42,51,3,Smart TV,UPI,Thriller,11.6,26,1,4,0,1,1,0
CUST109808,66,Male,East India,Basic,177.64,42,5,Mobile,Net Banking,Action,6.6,84,2,1,0,0,1,1
CUST109809,65,Female,North India,Premium,801.48,35,3,Mobile,Gift Card,Romance,5.6,7,2,3,0,0,0,1
CUST109810,49,Male,South India,Premium,800.18,52,3,Mobile,Debit Card,Comedy,3.5,32,1,1,0,1,0,0
CUST109811,42,Male,Central India,Basic,238.09,27,5,Tablet,Gift Card,Action,16.7,16,2,1,0,1,0,0
CUST109812,63,Female,South India,Premium,765.28,54,4,Smart TV,Credit Card,Drama,8.1,57,2,1,1,0,1,1
CUST109813,43,Male,North India,Basic,201.21,49,4,Laptop,UPI,Documentary,2.8,61,0,3,0,1,0,0
CUST109814,22,Male,West India,Basic,174.65,27,2,Smart TV,Debit Card,Kids,8.5,77,0,2,0,1,1,1
CUST109815,27,Male,Central India,Premium,792.78,30,4,Mobile,Net Banking,Drama,4.4,29,1,4,1,1,1,1
CUST109816,54,Male,North India,Premium,792.59,3,2,Smart TV,UPI,Documentary,8.0,45,1,1,0,1,0,1
CUST109817,60,Male,West India,Premium,807.13,12,4,Smart TV,Credit Card,Thriller,15.8,16,2,3,0,0,1,1
CUST109818,56,Male,North India,Standard,507.55,47,2,Smart TV,Gift Card,Documentary,18.9,66,0,3,0,1,0,1
CUST109819,30,Female,West India,Basic,219.47,31,2,Mobile,UPI,Thriller,10.4,56,1,2,0,0,0,0
CUST109820,35,Male,West India,Premium,802.7,37,1,Smart TV,Gift Card,Comedy,6.2,5,2,3,0,1,0,1
CUST109821,45,Male,South India,Standard,513.78,27,2,Smart TV,Debit Card,Drama,10.1,55,2,3,0,1,0,1
CUST109822,28,Male,East India,Basic,219.64,47,5,Mobile,Credit Card,Thriller,11.6,88,1,3,0,0,1,1
CUST109823,66,Male,East India,Standard,502.87,52,5,Laptop,Net Banking,Romance,8.8,69,0,2,0,0,0,0
CUST109824,50,Female,North India,Premium,816.62,24,2,Smart TV,UPI,Drama,13.7,49,1,3,1,0,0,0
CUST109825,47,Female,West India,Premium,802.2,48,5,Smart TV,Gift Card,Drama,14.3,66,0,4,0,1,0,0
CUST109826,46,Male,East India,Standard,498.9,41,4,Laptop,Credit Card,Thriller,0.0,34,0,3,0,1,0,1
CUST109827,40,Female,North India,Standard,489.34,40,5,Mobile,Credit Card,Thriller,14.0,18,2,3,1,1,0,1
CUST109828,14,Male,North India,Basic,204.73,11,1,Tablet,Debit Card,Documentary,16.4,74,0,2,0,1,0,0
CUST109829,42,Male,Central India,Standard,504.14,27,5,Mobile,UPI,Comedy,17.6,14,1,4,1,1,0,0
CUST109830,25,Male,South India,Standard,504.34,9,4,Mobile,Debit Card,Comedy,10.3,36,0,1,1,1,0,1
CUST109831,53,Male,South India,Basic,216.1,16,4,Laptop,Debit Card,Action,23.4,30,1,4,1,1,0,0
CUST109832,28,Female,West India,Premium,812.61,14,2,Mobile,Debit Card,Documentary,7.4,54,2,1,1,1,0,1
CUST109833,17,Female,East India,Premium,776.88,47,3,Laptop,Credit Card,Documentary,0.3,85,1,3,1,0,0,1
CUST109834,67,Male,West India,Basic,177.17,30,4,Mobile,Gift Card,Drama,1.0,70,2,3,0,0,0,1
CUST109835,40,Male,East India,Premium,800.85,46,2,Smart TV,Gift Card,Drama,10.4,0,1,2,0,1,0,0
CUST109836,65,Female,East India,Standard,484.36,24,2,Mobile,Net Banking,Thriller,14.2,53,0,3,0,0,1,1
CUST109837,51,Female,East India,Standard,497.56,42,5,Laptop,Net Banking,Romance,6.1,84,1,4,1,1,0,0
CUST109838,57,Male,East India,Premium,785.33,13,5,Mobile,Gift Card,Action,22.2,33,0,4,0,0,1,0
CUST109839,32,Female,East India,Basic,200.45,33,2,Laptop,Debit Card,Drama,2.9,71,0,2,0,0,1,1
CUST109840,36,Male,Central India,Premium,783.72,55,1,Mobile,Credit Card,Documentary,0.0,26,1,3,1,1,1,1
CUST109841,39,Female,Central India,Basic,205.03,9,2,Smart TV,Debit Card,Action,22.1,42,2,4,0,1,0,0
CUST109842,42,Female,East India,Premium,782.95,49,5,Mobile,Debit Card,Documentary,2.2,86,1,3,0,0,1,1
CUST109843,57,Female,North India,Standard,501.04,26,4,Tablet,Debit Card,Documentary,4.4,15,0,3,1,1,1,0
CUST109844,39,Female,North India,Basic,173.7,49,1,Laptop,UPI,Documentary,13.7,77,1,4,1,1,1,1
CUST109845,38,Male,South India,Standard,482.04,42,3,Smart TV,UPI,Comedy,8.5,24,2,1,1,0,0,1
CUST109846,19,Male,East India,Basic,209.59,45,4,Tablet,Debit Card,Documentary,9.0,68,0,1,1,1,0,0
CUST109847,54,Female,North India,Basic,218.23,50,5,Tablet,Net Banking,Comedy,7.9,2,2,3,1,1,0,1
CUST109848,59,Male,South India,Basic,212.67,13,4,Smart TV,Net Banking,Drama,4.8,67,1,4,1,1,0,0
CUST109849,65,Female,North India,Premium,810.37,21,4,Mobile,Gift Card,Documentary,14.8,74,2,4,0,1,0,0
CUST109850,50,Female,South India,Premium,821.22,29,5,Smart TV,Credit Card,Kids,7.1,71,0,1,1,1,0,0
CUST109851,17,Male,West India,Premium,813.48,28,4,Mobile,UPI,Thriller,15.8,58,0,4,0,1,0,0
CUST109852,35,Male,North India,Premium,776.04,24,2,Smart TV,Debit Card,Kids,10.3,60,3,4,0,1,1,1
CUST109853,40,Male,East India,Premium,813.3,13,1,Tablet,UPI,Thriller,3.9,85,0,2,1,1,0,1
CUST109854,46,Female,East India,Basic,213.06,56,5,Mobile,Gift Card,Kids,6.6,14,3,1,1,0,1,1
CUST109855,65,Male,Central India,Premium,770.9,42,1,Laptop,Net Banking,Comedy,10.1,60,1,1,0,0,0,0
CUST109856,27,Male,West India,Premium,788.9,20,2,Tablet,Net Banking,Romance,5.7,11,4,2,0,1,1,1
CUST109857,44,Male,West India,Basic,222.69,39,5,Laptop,Credit Card,Comedy,12.6,62,0,4,1,1,0,0
CUST109858,38,Male,North India,Standard,497.06,7,2,Smart TV,Credit Card,Action,11.9,23,1,3,1,1,0,0
CUST109859,60,Female,South India,Standard,481.89,41,3,Smart TV,Gift Card,Documentary,1.4,70,1,4,1,0,0,0
CUST109860,43,Female,Central India,Premium,811.95,48,3,Laptop,Credit Card,Documentary,13.3,23,2,4,0,1,0,1
CUST109861,31,Female,West India,Standard,494.87,15,3,Mobile,Gift Card,Romance,14.2,77,0,2,1,0,0,0
CUST109862,21,Female,West India,Premium,793.21,25,1,Laptop,UPI,Documentary,7.6,61,1,2,0,1,0,1
CUST109863,41,Female,East India,Basic,212.11,35,3,Smart TV,Debit Card,Documentary,3.6,12,0,2,0,1,0,1
CUST109864,66,Female,East India,Basic,205.06,13,3,Mobile,Net Banking,Action,11.9,9,1,1,0,1,0,1
CUST109865,63,Female,South India,Premium,797.23,43,2,Laptop,Debit Card,Drama,6.8,64,2,3,0,0,1,0
CUST109866,51,Male,North India,Basic,203.96,8,4,Mobile,UPI,Comedy,0.0,4,0,1,0,0,0,1
CUST109867,16,Female,South India,Standard,496.38,21,4,Laptop,Credit Card,Comedy,8.5,46,2,1,0,1,1,0
CUST109868,15,Female,North India,Standard,512.71,53,3,Smart TV,Net Banking,Thriller,13.2,7,1,2,1,0,0,0
CUST109869,68,Female,Central India,Premium,777.74,56,4,Smart TV,Credit Card,Kids,5.2,50,0,1,1,1,0,0
CUST109870,41,Female,West India,Basic,196.11,6,3,Smart TV,Debit Card,Romance,0.8,77,0,1,0,1,1,1
CUST109871,64,Male,South India,Basic,192.8,10,3,Mobile,Credit Card,Documentary,7.9,36,0,3,0,1,0,0
CUST109872,23,Female,North India,Standard,503.58,58,1,Smart TV,Gift Card,Comedy,10.5,80,1,3,1,1,1,0
CUST109873,45,Female,Central India,Standard,482.1,49,5,Laptop,Debit Card,Thriller,14.0,42,1,3,0,1,1,0
CUST109874,50,Male,South India,Basic,221.5,52,4,Mobile,Credit Card,Romance,18.0,85,0,2,0,1,1,0
CUST109875,23,Female,West India,Premium,787.87,41,3,Mobile,Debit Card,Action,4.7,56,1,2,1,1,0,1
CUST109876,39,Female,Central India,Standard,514.88,21,4,Laptop,Credit Card,Thriller,8.3,43,1,3,0,1,0,1
CUST109877,45,Female,East India,Premium,808.08,14,1,Smart TV,Credit Card,Kids,10.0,64,1,4,0,1,0,0
CUST109878,33,Female,West India,Basic,202.22,52,1,Smart TV,Debit Card,Documentary,8.3,48,1,2,0,1,0,1
CUST109879,51,Female,East India,Standard,502.7,59,3,Mobile,UPI,Thriller,0.0,38,1,2,0,1,1,1
CUST109880,43,Female,Central India,Premium,771.15,45,4,Smart TV,Debit Card,Documentary,8.7,75,0,2,1,0,0,0
CUST109881,50,Female,Central India,Standard,491.44,58,4,Laptop,Net Banking,Action,19.7,29,0,1,1,1,0,1
CUST109882,58,Male,East India,Basic,247.76,33,4,Smart TV,Net Banking,Action,5.2,79,2,2,0,0,0,1
CUST109883,14,Male,North India,Premium,802.2,25,1,Mobile,UPI,Action,7.9,65,0,3,1,1,0,1
CUST109884,39,Female,Central India,Standard,505.16,56,2,Mobile,Credit Card,Kids,27.4,50,1,3,0,0,0,0
CUST109885,48,Male,South India,Premium,770.23,19,2,Smart TV,Debit Card,Thriller,14.4,78,0,1,0,1,0,1
CUST109886,23,Female,South India,Basic,195.35,9,4,Smart TV,Credit Card,Documentary,5.7,45,2,3,1,0,0,1
CUST109887,59,Male,Central India,Standard,493.65,49,4,Mobile,Credit Card,Comedy,3.1,7,3,2,1,0,0,1
CUST109888,30,Female,East India,Premium,787.89,47,5,Smart TV,Net Banking,Documentary,6.3,5,4,4,0,1,1,0
CUST109889,13,Male,East India,Standard,507.62,52,3,Smart TV,Debit Card,Thriller,0.0,58,0,2,0,0,0,1
CUST109890,47,Female,West India,Basic,192.6,37,1,Mobile,Gift Card,Action,6.4,4,1,1,0,1,1,0
CUST109891,47,Male,East India,Basic,188.13,36,5,Mobile,Net Banking,Drama,16.4,77,0,4,0,1,0,1
CUST109892,43,Male,North India,Basic,176.95,36,4,Smart TV,Credit Card,Comedy,14.5,67,1,4,1,0,0,0
CUST109893,40,Female,North India,Standard,482.41,57,2,Laptop,Credit Card,Romance,7.0,2,1,1,0,1,0,1
CUST109894,51,Female,South India,Standard,484.25,15,2,Smart TV,Gift Card,Documentary,13.3,31,1,4,1,1,0,0
CUST109895,13,Male,Central India,Basic,193.86,5,5,Laptop,Credit Card,Kids,13.5,87,1,2,0,1,0,1
CUST109896,37,Male,South India,Basic,191.58,17,2,Smart TV,UPI,Romance,13.0,61,2,3,0,1,0,0
CUST109897,55,Female,Central India,Standard,489.6,30,2,Laptop,Gift Card,Documentary,11.9,87,1,1,1,0,0,0
CUST109898,50,Male,South India,Standard,473.74,7,3,Laptop,Credit Card,Drama,5.1,29,0,4,1,1,1,1
CUST109899,32,Female,Central India,Standard,483.92,6,4,Laptop,Net Banking,Kids,13.2,48,1,3,1,0,0,1
CUST109900,15,Male,Central India,Standard,500.92,15,5,Smart TV,Net Banking,Action,7.0,11,3,1,0,0,1,0
CUST109901,63,Male,South India,Premium,820.89,57,1,Tablet,UPI,Drama,9.1,88,0,4,0,1,0,0
CUST109902,14,Female,West India,Basic,223.01,52,1,Mobile,Gift Card,Action,14.2,49,2,2,0,1,1,0
CUST109903,30,Female,North India,Standard,529.0,46,4,Mobile,Gift Card,Romance,17.7,81,3,1,0,0,0,1
CUST109904,56,Female,East India,Standard,502.95,10,1,Laptop,Credit Card,Kids,6.9,17,3,2,0,0,0,0
CUST109905,22,Male,North India,Basic,198.17,6,2,Laptop,Credit Card,Romance,11.7,46,3,4,0,1,1,1
CUST109906,17,Male,East India,Standard,508.51,42,3,Laptop,Debit Card,Romance,7.2,62,0,3,1,0,0,1
CUST109907,21,Male,Central India,Premium,793.63,55,5,Laptop,UPI,Documentary,0.0,43,3,1,0,1,0,1
CUST109908,14,Female,South India,Basic,211.04,52,5,Smart TV,Gift Card,Kids,17.6,20,5,1,0,1,0,0
CUST109909,46,Male,South India,Basic,196.59,60,2,Tablet,Credit Card,Action,12.6,47,0,3,1,0,1,1
CUST109910,50,Male,East India,Standard,503.15,41,4,Mobile,Gift Card,Comedy,4.5,65,0,3,0,1,0,0
CUST109911,43,Female,South India,Standard,488.06,13,3,Tablet,UPI,Thriller,12.1,31,2,1,1,1,1,0
CUST109912,22,Male,South India,Standard,513.47,14,1,Smart TV,Net Banking,Thriller,16.1,44,2,1,1,1,0,1
CUST109913,62,Male,South India,Standard,484.22,1,5,Mobile,UPI,Action,5.5,50,1,3,0,1,1,0
CUST109914,24,Female,North India,Premium,789.46,33,5,Laptop,Gift Card,Documentary,10.1,52,1,1,1,0,0,1
CUST109915,48,Female,South India,Basic,193.96,19,4,Mobile,Credit Card,Documentary,11.2,27,0,3,0,1,0,0
CUST109916,66,Female,West India,Basic,186.45,9,3,Mobile,Gift Card,Kids,2.9,88,0,1,0,0,0,0
CUST109917,33,Female,East India,Basic,207.5,37,1,Mobile,Debit Card,Kids,6.4,61,1,1,1,0,0,1
CUST109918,61,Female,North India,Standard,500.95,49,5,Mobile,UPI,Action,11.2,28,1,1,0,0,0,1
CUST109919,59,Female,North India,Standard,484.36,48,5,Laptop,Debit Card,Romance,10.8,60,2,1,0,1,0,0
CUST109920,18,Female,Central India,Premium,791.18,12,1,Smart TV,Gift Card,Drama,10.2,7,1,4,1,1,0,0
CUST109921,60,Female,Central India,Standard,501.1,5,3,Tablet,Gift Card,Drama,17.2,45,0,3,0,1,0,1
CUST109922,61,Female,South India,Standard,502.12,6,3,Smart TV,Debit Card,Drama,17.0,30,1,3,1,1,0,0
CUST109923,15,Male,North India,Basic,184.68,52,3,Laptop,Credit Card,Documentary,11.8,65,1,3,1,1,1,1
CUST109924,22,Female,North India,Standard,499.25,55,5,Tablet,Credit Card,Action,4.2,61,1,4,0,1,0,0
CUST109925,17,Female,South India,Basic,208.35,11,2,Mobile,UPI,Romance,13.6,17,0,1,0,1,1,1
CUST109926,58,Male,East India,Premium,794.45,51,5,Mobile,Debit Card,Action,3.3,54,0,3,1,0,0,1
CUST109927,38,Female,North India,Standard,483.61,53,4,Mobile,UPI,Documentary,4.6,84,1,1,1,1,0,1
CUST109928,33,Male,Central India,Basic,218.98,38,4,Laptop,UPI,Action,6.8,36,1,3,0,1,1,0
CUST109929,57,Male,South India,Standard,508.43,55,5,Laptop,Net Banking,Comedy,5.8,85,1,3,1,0,0,1
CUST109930,38,Female,North India,Basic,192.77,10,5,Mobile,UPI,Drama,12.1,29,0,1,1,1,1,0
CUST109931,50,Male,Central India,Standard,500.43,15,1,Mobile,UPI,Romance,12.9,82,2,2,0,0,0,1
CUST109932,56,Female,West India,Basic,193.67,50,3,Laptop,Net Banking,Action,2.8,20,3,2,0,1,1,0
CUST109933,38,Female,North India,Standard,484.15,53,1,Smart TV,UPI,Documentary,13.3,77,4,2,1,1,0,1
CUST109934,20,Male,South India,Standard,509.24,39,4,Mobile,UPI,Action,9.9,12,0,3,1,1,0,0
CUST109935,17,Male,Central India,Standard,523.99,55,4,Laptop,UPI,Kids,0.5,18,1,3,0,1,0,1
CUST109936,27,Male,North India,Standard,512.59,28,2,Tablet,Debit Card,Kids,23.2,3,2,2,0,1,1,0
CUST109937,28,Female,Central India,Basic,202.69,3,3,Mobile,Net Banking,Documentary,8.9,20,2,2,1,0,0,1
CUST109938,13,Female,South India,Standard,494.25,56,3,Mobile,Credit Card,Action,6.9,23,1,4,0,1,0,1
CUST109939,28,Male,North India,Standard,459.07,16,4,Laptop,UPI,Thriller,5.6,44,0,4,0,1,1,1
CUST109940,49,Female,South India,Standard,522.55,45,1,Smart TV,Debit Card,Comedy,5.3,12,2,3,1,1,0,0
CUST109941,15,Female,East India,Premium,789.0,17,5,Tablet,Debit Card,Thriller,11.5,21,0,2,0,1,1,0
CUST109942,64,Male,North India,Basic,211.5,36,3,Tablet,Debit Card,Action,4.3,86,1,3,1,0,0,1
CUST109943,59,Male,North India,Standard,513.12,19,5,Mobile,Net Banking,Kids,9.1,48,1,1,1,1,0,0
CUST109944,43,Male,Central India,Standard,512.7,4,4,Smart TV,Net Banking,Kids,3.2,47,2,2,0,1,1,1
CUST109945,25,Male,North India,Standard,478.02,59,2,Smart TV,Gift Card,Kids,17.2,16,2,1,1,1,0,0
CUST109946,68,Male,East India,Premium,813.74,25,4,Mobile,UPI,Documentary,10.9,19,1,3,0,1,0,0
CUST109947,28,Male,Central India,Basic,191.88,27,5,Mobile,Credit Card,Action,5.7,31,0,1,1,1,1,1
CUST109948,67,Male,Central India,Premium,797.66,12,4,Smart TV,Credit Card,Documentary,0.0,49,2,4,0,1,0,1
CUST109949,55,Male,West India,Basic,197.2,56,3,Smart TV,Gift Card,Kids,3.4,61,4,3,0,1,0,1
CUST109950,33,Male,North India,Standard,489.76,27,5,Smart TV,Credit Card,Drama,4.4,14,2,2,0,1,0,1
CUST109951,14,Male,West India,Standard,494.52,4,5,Mobile,UPI,Drama,6.2,41,1,4,1,1,0,1
CUST109952,66,Female,East India,Basic,201.11,24,2,Smart TV,Credit Card,Action,19.1,10,0,1,1,0,0,0
CUST109953,39,Female,North India,Premium,784.9,17,3,Mobile,UPI,Drama,11.6,36,3,4,0,1,0,1
CUST109954,50,Male,West India,Basic,174.5,60,1,Laptop,Net Banking,Action,9.0,67,3,3,0,1,1,0
CUST109955,38,Female,West India,Premium,812.41,56,2,Mobile,Net Banking,Kids,12.2,37,1,2,0,1,1,0
CUST109956,50,Female,Central India,Standard,503.33,26,3,Laptop,UPI,Drama,15.8,80,2,2,1,1,0,1
CUST109957,58,Female,West India,Standard,471.05,18,1,Mobile,UPI,Kids,14.1,60,0,2,1,1,1,0
CUST109958,37,Female,West India,Premium,805.1,22,5,Smart TV,Net Banking,Comedy,14.9,60,1,3,0,1,1,0
CUST109959,23,Female,North India,Standard,496.27,6,2,Mobile,UPI,Thriller,9.7,14,2,1,0,1,1,1
CUST109960,20,Female,North India,Basic,179.47,19,5,Laptop,Gift Card,Drama,14.4,27,1,1,1,0,0,1
CUST109961,20,Male,Central India,Premium,790.82,37,5,Laptop,Net Banking,Comedy,0.0,86,2,4,0,0,0,0
CUST109962,45,Male,North India,Basic,204.54,34,5,Laptop,Credit Card,Thriller,15.3,66,1,2,0,1,0,1
CUST109963,65,Female,East India,Standard,484.11,11,3,Smart TV,Net Banking,Documentary,8.7,20,2,4,0,1,0,1
CUST109964,19,Female,Central India,Premium,783.74,56,1,Mobile,Credit Card,Thriller,6.0,28,0,3,0,0,0,0
CUST109965,50,Male,East India,Standard,490.5,24,3,Smart TV,Credit Card,Romance,12.2,60,2,2,0,1,0,1
CUST109966,33,Female,North India,Basic,184.83,45,5,Tablet,Gift Card,Thriller,13.5,15,0,4,0,1,0,0
CUST109967,20,Female,North India,Basic,182.47,37,2,Smart TV,Net Banking,Comedy,24.9,42,3,1,1,0,0,0
CUST109968,63,Female,Central India,Basic,182.21,23,5,Tablet,Net Banking,Action,11.2,23,0,3,0,1,0,1
CUST109969,66,Female,West India,Standard,505.49,40,1,Mobile,Gift Card,Kids,7.3,30,1,2,0,1,0,1
CUST109970,33,Female,South India,Basic,185.4,43,3,Laptop,Net Banking,Romance,9.7,84,2,4,1,0,0,0
CUST109971,68,Male,South India,Premium,815.23,4,1,Laptop,Credit Card,Comedy,13.2,12,2,2,0,0,0,0
CUST109972,32,Male,North India,Standard,531.35,18,3,Laptop,UPI,Romance,0.0,24,0,3,0,1,0,0
CUST109973,20,Female,East India,Premium,796.56,30,1,Laptop,Gift Card,Thriller,11.7,5,3,1,1,1,0,0
CUST109974,58,Male,Central India,Premium,829.26,15,1,Smart TV,Gift Card,Thriller,15.4,85,0,1,1,1,0,0
CUST109975,43,Female,West India,Premium,807.14,37,3,Smart TV,UPI,Comedy,8.6,78,0,3,1,0,0,1
CUST109976,62,Female,North India,Basic,201.43,23,3,Tablet,Credit Card,Drama,8.8,42,0,4,0,1,0,0
CUST109977,69,Female,East India,Standard,498.07,12,3,Smart TV,UPI,Thriller,1.5,81,1,3,0,1,1,0
CUST109978,41,Female,North India,Basic,169.67,4,4,Tablet,Net Banking,Kids,5.1,50,0,4,1,1,1,0
CUST109979,60,Female,South India,Basic,192.24,4,1,Mobile,UPI,Thriller,5.6,74,0,4,1,1,0,1
CUST109980,21,Female,North India,Standard,482.13,52,4,Mobile,Gift Card,Kids,12.6,88,2,1,1,1,0,0
CUST109981,27,Female,East India,Premium,812.13,41,4,Smart TV,Debit Card,Documentary,14.4,40,0,1,0,1,1,1
CUST109982,42,Female,South India,Basic,224.7,41,5,Laptop,Net Banking,Romance,18.4,88,2,4,0,1,0,0
CUST109983,38,Female,North India,Basic,202.22,14,4,Mobile,UPI,Action,12.1,81,0,3,0,0,0,0
CUST109984,22,Male,South India,Basic,202.78,59,4,Smart TV,UPI,Kids,0.0,34,1,3,1,0,1,0
CUST109985,41,Female,Central India,Premium,813.44,58,3,Smart TV,Credit Card,Comedy,17.9,43,3,3,1,1,0,0
CUST109986,66,Male,East India,Premium,800.78,56,3,Mobile,Net Banking,Thriller,3.1,13,0,3,0,0,1,0
CUST109987,28,Male,East India,Basic,217.05,59,2,Mobile,Credit Card,Drama,9.9,55,1,3,0,1,1,0
CUST109988,48,Female,Central India,Standard,534.47,8,1,Mobile,Gift Card,Drama,5.1,83,5,1,0,1,0,1
CUST109989,32,Male,East India,Premium,820.66,23,4,Smart TV,Gift Card,Documentary,8.9,57,1,2,0,1,0,1
CUST109990,57,Female,East India,Basic,189.66,1,4,Smart TV,Credit Card,Romance,13.9,42,0,1,0,0,0,0
CUST109991,66,Female,North India,Standard,511.59,56,1,Mobile,Net Banking,Drama,11.5,58,1,1,0,1,0,0
CUST109992,49,Female,West India,Basic,188.98,11,3,Tablet,Credit Card,Comedy,5.1,54,4,3,0,0,0,0
CUST109993,34,Female,North India,Standard,495.69,27,3,Laptop,Credit Card,Drama,14.0,36,1,3,0,0,0,1
CUST109994,19,Male,Central India,Standard,523.66,4,1,Smart TV,Net Banking,Documentary,21.1,33,2,2,1,0,0,0
CUST109995,35,Male,Central India,Premium,784.04,29,1,Smart TV,Gift Card,Kids,10.4,45,1,3,1,1,0,0
CUST109996,53,Female,West India,Basic,193.05,17,3,Mobile,Debit Card,Romance,6.3,47,2,2,1,1,0,0
CUST109997,52,Male,North India,Basic,216.14,49,1,Smart TV,Credit Card,Romance,15.3,89,2,1,1,1,1,1
CUST109998,41,Male,North India,Basic,186.14,19,3,Tablet,Credit Card,Documentary,4.2,39,0,2,0,0,0,1
CUST109999,28,Male,North India,Standard,470.24,45,1,Laptop,UPI,Drama,9.7,19,2,3,0,0,0,1
